AGENCIA,CONTA,BANCO,TITULAR,OPERACAO,DATAHORA,VALOR
4582,0007,ITAU,LUCIA,SAQUE,2022-02-08T16:44:55,424.15
4657,0002,ITAU,FELIPE,SAQUE,2022-02-07T03:52:22,912.72
7912,0005,SANTANDER,ANA,SAQUE,2022-02-01T14:44:05,652.49
1488,0006,SANTANDER,PEDRO,SAQUE,2022-02-01T16:34:02,960.82
2824,0000,SANTANDER,JOAO,DEPOSITO,2022-02-08T00:09:57,193.1
1488,0006,SANTANDER,PEDRO,SAQUE,2022-02-08T00:37:20,594.92
7912,0005,SANTANDER,ANA,SAQUE,2022-02-06T02:52:54,184.3
5506,0001,ITAU,MARIA,SAQUE,2022-02-07T11:34:46,729.4
4582,0007,ITAU,LUCIA,SAQUE,2022-02-05T05:39:22,880.98
2824,0000,SANTANDER,JOAO,DEPOSITO,2022-02-04T08:56:09,156.32
2424,0004,CAIXA,CARLOS,DEPOSITO,2022-02-05T23:44:31,467.56
4657,0002,ITAU,FELIPE,SAQUE,2022-02-09T18:19:28,875.98
7912,0005,SANTANDER,ANA,DEPOSITO,2022-02-01T17:04:43,165.47
1488,0006,SANTANDER,PEDRO,DEPOSITO,2022-02-08T23:28:25,584.09
9279,0008,CAIXA,MARCOS,SAQUE,2022-02-07T14:54:52,36.99
7912,0005,SANTANDER,ANA,SAQUE,2022-02-08T00:41:54,736.0
2824,0000,SANTANDER,JOAO,DEPOSITO,2022-02-02T05:46:15,93.65
2824,0000,SANTANDER,JOAO,DEPOSITO,2022-02-08T07:50:52,265.26
5506,0001,ITAU,MARIA,DEPOSITO,2022-02-02T17:36:51,265.62
9279,0008,CAIXA,MARCOS,SAQUE,2022-02-05T08:13:10,210.87
2679,0003,CAIXA,JULIA,DEPOSITO,2022-02-08T18:06:27,508.16
2824,0000,SANTANDER,JOAO,DEPOSITO,2022-02-08T07:50:52,265.26
2679,0003,CAIXA,JULIA,DEPOSITO,2022-02-05T20:12:53,995.15
7912,0005,SANTANDER,ANA,SAQUE,2022-02-06T09:04:16,808.21
1488,0006,SANTANDER,PEDRO,SAQUE,2022-02-01T19:57:29,595.44
1434,0009,CAIXA,SANDRA,DEPOSITO,2022-02-05T06:16:43,641.84
2679,0003,CAIXA,JULIA,SAQUE,2022-02-07T13:04:52,755.51
1434,0009,CAIXA,SANDRA,DEPOSITO,2022-02-05T05:50:43,305.89
4657,0002,ITAU,FELIPE,SAQUE,2022-02-08T14:45:24,160.82
7912,0005,SANTANDER,ANA,SAQUE,2022-02-05T22:22:36,486.16
4657,0002,ITAU,FELIPE,SAQUE,2022-02-09T06:33:45,884.9
7912,0005,SANTANDER,ANA,SAQUE,2022-02-02T03:09:53,926.44
2824,0000,SANTANDER,JOAO,SAQUE,2022-02-10T05:01:07,806.01
2824,0000,SANTANDER,JOAO,SAQUE,2022-02-06T10:50:29,589.68
2824,0000,SANTANDER,JOAO,SAQUE,2022-02-07T16:47:36,293.89
2824,0000,SANTANDER,JOAO,SAQUE,2022-02-10T09:10:20,290.1
1434,0009,CAIXA,SANDRA,DEPOSITO,2022-02-04T09:08:56,864.49
5506,0001,ITAU,MARIA,SAQUE,2022-02-09T07:24:30,324.96
4582,0007,ITAU,LUCIA,DEPOSITO,2022-02-08T10:09:50,983.87
9279,0008,CAIXA,MARCOS,DEPOSITO,2022-02-02T23:03:50,741.49
5506,0001,ITAU,MARIA,DEPOSITO,2022-02-04T05:59:06,67.12
4582,0007,ITAU,LUCIA,SAQUE,2022-02-01T21:20:19,538.1
4582,0007,ITAU,LUCIA,DEPOSITO,2022-02-04T01:08:39,905.43
1434,0009,CAIXA,SANDRA,SAQUE,2022-02-03T16:55:52,24.64
4582,0007,ITAU,LUCIA,SAQUE,2022-02-04T07:19:37,282.47
5506,0001,ITAU,MARIA,DEPOSITO,2022-02-04T06:37:40,989.53
1434,0009,CAIXA,SANDRA,DEPOSITO,2022-02-10T17:40:04,670.24
9279,0008,CAIXA,MARCOS,SAQUE,2022-02-06T05:11:04,128.32
2824,0000,SANTANDER,JOAO,DEPOSITO,2022-02-08T00:09:57,193.1
2424,0004,CAIXA,CARLOS,SAQUE,2022-02-05T02:28:28,22.01
7912,0005,SANTANDER,ANA,DEPOSITO,2022-02-01T17:04:43,165.47
4657,0002,ITAU,FELIPE,DEPOSITO,2022-02-07T17:08:19,860.92
1434,0009,CAIXA,SANDRA,SAQUE,2022-02-04T05:42:46,160.04
2824,0000,SANTANDER,JOAO,SAQUE,2022-02-10T09:10:20,290.1
2679,0003,CAIXA,JULIA,SAQUE,2022-02-04T05:12:12,528.15
2424,0004,CAIXA,CARLOS,SAQUE,2022-02-04T00:25:35,192.4
4657,0002,ITAU,FELIPE,SAQUE,2022-02-05T16:04:17,382.24
4657,0002,ITAU,FELIPE,DEPOSITO,2022-02-07T17:08:19,860.92
5506,0001,ITAU,MARIA,SAQUE,2022-02-03T18:42:54,821.98
1488,0006,SANTANDER,PEDRO,DEPOSITO,2022-02-04T20:05:35,929.09
9279,0008,CAIXA,MARCOS,SAQUE,2022-02-05T07:00:58,780.34
1488,0006,SANTANDER,PEDRO,DEPOSITO,2022-02-03T11:29:41,670.06
2424,0004,CAIXA,CARLOS,SAQUE,2022-02-07T05:45:31,238.77
9279,0008,CAIXA,MARCOS,DEPOSITO,2022-02-01T07:13:10,180.18
4657,0002,ITAU,FELIPE,DEPOSITO,2022-02-02T02:28:45,756.03
2679,0003,CAIXA,JULIA,DEPOSITO,2022-02-10T06:05:50,162.39
1488,0006,SANTANDER,PEDRO,DEPOSITO,2022-02-01T16:39:02,51.09
9279,0008,CAIXA,MARCOS,DEPOSITO,2022-02-08T12:46:50,749.73
1434,0009,CAIXA,SANDRA,DEPOSITO,2022-02-01T08:02:21,116.23
4582,0007,ITAU,LUCIA,DEPOSITO,2022-02-04T11:00:30,158.59
5506,0001,ITAU,MARIA,DEPOSITO,2022-02-03T13:55:55,655.78
2424,0004,CAIXA,CARLOS,SAQUE,2022-02-01T02:05:40,71.92
2424,0004,CAIXA,CARLOS,SAQUE,2022-02-02T03:28:27,97.83
1434,0009,CAIXA,SANDRA,DEPOSITO,2022-02-01T11:16:45,858.73
5506,0001,ITAU,MARIA,DEPOSITO,2022-02-09T12:25:11,936.72
1488,0006,SANTANDER,PEDRO,SAQUE,2022-02-01T16:34:02,960.82
2679,0003,CAIXA,JULIA,SAQUE,2022-02-08T06:27:18,324.83
2424,0004,CAIXA,CARLOS,SAQUE,2022-02-07T13:03:47,133.18
2679,0003,CAIXA,JULIA,SAQUE,2022-02-02T00:56:54,732.18
2424,0004,CAIXA,CARLOS,DEPOSITO,2022-02-03T22:46:41,784.83
2679,0003,CAIXA,JULIA,DEPOSITO,2022-02-10T18:59:24,308.21
7912,0005,SANTANDER,ANA,DEPOSITO,2022-02-04T05:14:45,926.59
2679,0003,CAIXA,JULIA,SAQUE,2022-02-08T06:27:18,324.83
5506,0001,ITAU,MARIA,DEPOSITO,2022-02-02T23:22:35,370.81
4582,0007,ITAU,LUCIA,SAQUE,2022-02-09T02:31:45,817.29
1434,0009,CAIXA,SANDRA,SAQUE,2022-02-08T05:45:50,435.13
1488,0006,SANTANDER,PEDRO,SAQUE,2022-02-06T13:29:07,621.54
2679,0003,CAIXA,JULIA,SAQUE,2022-02-02T13:23:48,660.09
9279,0008,CAIXA,MARCOS,DEPOSITO,2022-02-07T19:22:33,10.66
2824,0000,SANTANDER,JOAO,DEPOSITO,2022-02-07T12:11:15,125.7
9279,0008,CAIXA,MARCOS,SAQUE,2022-02-02T23:19:55,976.23
2679,0003,CAIXA,JULIA,DEPOSITO,2022-02-07T06:45:17,452.03
4657,0002,ITAU,FELIPE,DEPOSITO,2022-02-05T09:26:20,220.1
4582,0007,ITAU,LUCIA,SAQUE,2022-02-02T15:06:54,265.2
9279,0008,CAIXA,MARCOS,DEPOSITO,2022-02-07T19:22:33,10.66
4582,0007,ITAU,LUCIA,DEPOSITO,2022-02-03T11:18:07,687.81
7912,0005,SANTANDER,ANA,SAQUE,2022-02-08T00:41:54,736.0
7912,0005,SANTANDER,ANA,DEPOSITO,2022-02-02T21:05:16,190.71
2824,0000,SANTANDER,JOAO,SAQUE,2022-02-09T16:33:20,650.23
1434,0009,CAIXA,SANDRA,SAQUE,2022-02-08T01:06:32,962.57
9279,0008,CAIXA,MARCOS,SAQUE,2022-02-05T01:09:19,771.35
2824,0000,SANTANDER,JOAO,DEPOSITO,2022-02-02T05:46:15,93.65
4657,0002,ITAU,FELIPE,DEPOSITO,2022-02-02T08:29:30,294.21
4657,0002,ITAU,FELIPE,DEPOSITO,2022-02-10T01:35:00,585.0
1488,0006,SANTANDER,PEDRO,SAQUE,2022-02-05T21:36:29,120.77
2424,0004,CAIXA,CARLOS,SAQUE,2022-02-01T19:37:54,905.51
5506,0001,ITAU,MARIA,SAQUE,2022-02-02T05:25:07,380.75
7912,0005,SANTANDER,ANA,DEPOSITO,2022-02-06T03:12:35,696.89
1488,0006,SANTANDER,PEDRO,DEPOSITO,2022-02-05T19:16:51,131.75
2424,0004,CAIXA,CARLOS,SAQUE,2022-02-01T17:39:16,403.22
2679,0003,CAIXA,JULIA,DEPOSITO,2022-02-10T18:59:24,308.21
1488,0005,CAIXA,FELIPE,DEPOSITO,2022-02-04T01:25:27,1114.91
4582,0002,ITAU,FELIPE,DEPOSITO,2022-02-01T11:21:06,889.83
2679,0004,ITAU,PEDRO,DEPOSITO,2022-02-09T18:39:00,846.26
7912,0004,SANTANDER,MARCOS,SAQUE,2022-02-01T03:59:14,1216.05
5506,0002,ITAU,JOAO,DEPOSITO,2022-02-10T08:28:41,330.82
1434,0000,ITAU,CARLOS,DEPOSITO,2022-02-05T06:16:43,544.88
4657,0003,SANTANDER,MARCOS,DEPOSITO,2022-02-05T16:21:02,1459.94
4657,0007,CAIXA,SANDRA,SAQUE,2022-02-09T15:18:57,870.25
4657,0004,SANTANDER,PEDRO,SAQUE,2022-02-03T21:53:58,1477.98
1488,0000,CAIXA,MARCOS,SAQUE,2022-02-05T09:34:28,252.35
7912,0008,SANTANDER,FELIPE,DEPOSITO,2022-02-04T01:24:02,805.87
4582,0006,ITAU,JOAO,DEPOSITO,2022-02-10T09:52:55,1030.08
1434,0001,ITAU,MARIA,SAQUE,2022-02-03T15:32:51,408.93
9279,0005,SANTANDER,MARCOS,SAQUE,2022-02-08T21:20:19,1328.18
2824,0009,SANTANDER,ANA,DEPOSITO,2022-02-07T15:04:58,1120.03
2679,0008,ITAU,SANDRA,SAQUE,2022-02-02T18:23:11,549.37
2424,0009,ITAU,LUCIA,DEPOSITO,2022-02-03T00:41:33,237.73
2679,0000,CAIXA,CARLOS,SAQUE,2022-02-06T18:25:25,897.87
2824,0001,ITAU,LUCIA,DEPOSITO,2022-02-07T14:29:54,1025.75
2824,0003,ITAU,JOAO,SAQUE,2022-02-01T03:02:22,245.66
2679,0009,ITAU,JULIA,DEPOSITO,2022-02-04T17:01:22,1307.07
2679,0007,CAIXA,ANA,SAQUE,2022-02-07T15:11:59,1146.14
2824,0006,ITAU,MARIA,SAQUE,2022-02-05T11:49:12,39.02
4657,0003,ITAU,PEDRO,DEPOSITO,2022-02-06T23:38:57,137.62
2824,0003,CAIXA,ANA,SAQUE,2022-02-03T02:11:28,1420.80
1488,0000,SANTANDER,CARLOS,DEPOSITO,2022-02-10T06:04:52,1394.08
4657,0006,ITAU,MARIA,SAQUE,2022-02-06T13:35:57,1350.42
1488,0009,ITAU,FELIPE,SAQUE,2022-02-07T19:26:08,41.34
1488,0002,ITAU,LUCIA,DEPOSITO,2022-02-01T19:14:33,1064.68
9279,0006,CAIXA,MARIA,DEPOSITO,2022-02-04T11:12:24,776.09
2424,0006,ITAU,ANA,SAQUE,2022-02-06T19:51:28,372.07
9279,0007,CAIXA,FELIPE,SAQUE,2022-02-06T01:50:11,537.90
4657,0006,ITAU,FELIPE,DEPOSITO,2022-02-05T04:55:24,609.91
2824,0008,ITAU,PEDRO,SAQUE,2022-02-03T07:32:21,218.87
4657,0007,CAIXA,FELIPE,SAQUE,2022-02-07T18:23:17,1213.95
1488,0005,SANTANDER,JULIA,DEPOSITO,2022-02-10T05:35:10,1453.80
4582,0005,SANTANDER,MARCOS,SAQUE,2022-02-05T22:54:21,328.48
9279,0000,SANTANDER,LUCIA,SAQUE,2022-02-10T14:28:17,405.15
1488,0007,CAIXA,JULIA,SAQUE,2022-02-04T16:31:00,240.65
4582,0009,SANTANDER,JULIA,DEPOSITO,2022-02-01T18:44:42,1124.48
4657,0005,ITAU,JULIA,DEPOSITO,2022-02-07T06:00:36,94.75
2424,0002,CAIXA,SANDRA,DEPOSITO,2022-02-03T22:36:09,1016.07
1434,0009,CAIXA,PEDRO,DEPOSITO,2022-02-06T04:12:09,932.88
5506,0006,SANTANDER,MARIA,SAQUE,2022-02-09T18:42:01,314.35
9279,0001,ITAU,CARLOS,DEPOSITO,2022-02-04T17:28:29,1010.82
4657,0002,CAIXA,LUCIA,SAQUE,2022-02-07T22:04:41,935.53
4657,0006,SANTANDER,PEDRO,SAQUE,2022-02-05T07:45:02,207.36
2824,0009,CAIXA,JOAO,DEPOSITO,2022-02-07T16:19:05,662.90
2824,0002,ITAU,JULIA,DEPOSITO,2022-02-07T19:38:02,1005.12
2679,0005,SANTANDER,JOAO,DEPOSITO,2022-02-10T02:20:20,1335.67
2824,0003,SANTANDER,JOAO,DEPOSITO,2022-02-03T13:23:47,1079.24
2824,0007,ITAU,JOAO,DEPOSITO,2022-02-06T05:28:11,147.52
7912,0008,CAIXA,MARIA,DEPOSITO,2022-02-04T06:23:40,959.30
7912,0003,ITAU,CARLOS,DEPOSITO,2022-02-09T11:22:06,176.69
2824,0001,ITAU,MARIA,DEPOSITO,2022-02-01T14:16:40,650.38
4657,0001,CAIXA,MARIA,DEPOSITO,2022-02-09T04:21:10,1026.28
7912,0005,SANTANDER,CARLOS,DEPOSITO,2022-02-03T23:02:57,1389.39
2424,0006,SANTANDER,LUCIA,DEPOSITO,2022-02-05T02:51:01,1107.48
9279,0006,ITAU,ANA,DEPOSITO,2022-02-01T13:22:25,579.99
1488,0006,ITAU,MARCOS,SAQUE,2022-02-10T17:45:20,464.73
2824,0001,CAIXA,PEDRO,SAQUE,2022-02-01T22:18:52,499.11
5506,0007,ITAU,JULIA,SAQUE,2022-02-07T14:16:42,1022.48
4582,0002,CAIXA,JOAO,DEPOSITO,2022-02-04T07:25:01,875.08
2424,0009,CAIXA,CARLOS,SAQUE,2022-02-04T21:27:34,1095.53
2824,0007,CAIXA,FELIPE,SAQUE,2022-02-03T09:27:32,1350.26
1488,0001,SANTANDER,CARLOS,DEPOSITO,2022-02-07T14:55:47,784.68
4657,0000,CAIXA,FELIPE,SAQUE,2022-02-09T03:19:12,938.50
2824,0003,ITAU,JOAO,SAQUE,2022-02-09T13:10:16,496.01
7912,0009,CAIXA,PEDRO,SAQUE,2022-02-05T16:31:42,1000.74
2824,0000,ITAU,JOAO,SAQUE,2022-02-01T02:12:45,826.43
1488,0003,SANTANDER,CARLOS,SAQUE,2022-02-06T10:52:58,702.83
1434,0001,ITAU,ANA,DEPOSITO,2022-02-09T03:27:21,432.84
7912,0007,ITAU,PEDRO,SAQUE,2022-02-03T12:05:42,344.71
4657,0008,SANTANDER,PEDRO,SAQUE,2022-02-10T09:55:59,920.80
9279,0004,ITAU,SANDRA,DEPOSITO,2022-02-05T17:56:10,1080.34
4657,0004,ITAU,ANA,DEPOSITO,2022-02-10T10:23:11,1340.06
4657,0008,ITAU,ANA,SAQUE,2022-02-04T02:40:43,84.83
1434,0003,SANTANDER,MARCOS,SAQUE,2022-02-06T11:00:11,1425.56
9279,0008,SANTANDER,JULIA,SAQUE,2022-02-10T02:41:59,1346.84
9279,0006,SANTANDER,PEDRO,SAQUE,2022-02-07T09:56:02,1151.06
2824,0001,SANTANDER,MARCOS,DEPOSITO,2022-02-03T22:23:44,1073.18
2424,0005,CAIXA,JULIA,DEPOSITO,2022-02-03T21:27:15,216.18
2679,0008,SANTANDER,PEDRO,DEPOSITO,2022-02-05T02:28:14,628.15
1434,0007,CAIXA,LUCIA,DEPOSITO,2022-02-05T19:32:16,1251.01
2824,0004,SANTANDER,CARLOS,SAQUE,2022-02-05T08:33:05,18.79
2424,0008,ITAU,JULIA,DEPOSITO,2022-02-04T09:35:33,737.46
2424,0005,SANTANDER,CARLOS,SAQUE,2022-02-10T18:34:12,1006.62
1434,0007,ITAU,ANA,DEPOSITO,2022-02-08T06:29:44,1361.32
4582,0000,SANTANDER,CARLOS,DEPOSITO,2022-02-03T07:01:36,1301.61
2424,0000,SANTANDER,MARIA,DEPOSITO,2022-02-05T04:23:54,687.50
2679,0007,SANTANDER,JOAO,DEPOSITO,2022-02-10T04:15:48,710.76
4582,0007,ITAU,PEDRO,DEPOSITO,2022-02-08T23:55:54,1174.04
7912,0008,CAIXA,PEDRO,DEPOSITO,2022-02-03T23:34:32,935.79
5506,0005,CAIXA,FELIPE,DEPOSITO,2022-02-04T04:43:50,702.90
2824,0002,CAIXA,SANDRA,DEPOSITO,2022-02-03T01:47:40,1168.91
2424,0006,ITAU,LUCIA,SAQUE,2022-02-05T15:24:37,867.94
2824,0009,ITAU,SANDRA,DEPOSITO,2022-02-10T11:05:44,161.83
5506,0002,CAIXA,SANDRA,DEPOSITO,2022-02-06T06:52:06,527.33
4657,0004,SANTANDER,MARIA,DEPOSITO,2022-02-07T00:52:33,1275.87
2679,0000,CAIXA,MARCOS,DEPOSITO,2022-02-09T23:49:40,658.88
1434,0000,SANTANDER,JULIA,SAQUE,2022-02-09T23:01:16,702.66
1488,0008,CAIXA,PEDRO,DEPOSITO,2022-02-06T13:24:00,425.60
5506,0005,SANTANDER,SANDRA,SAQUE,2022-02-07T02:04:17,511.23
2824,0009,CAIXA,PEDRO,SAQUE,2022-02-05T05:13:31,1198.77
4657,0006,CAIXA,JOAO,DEPOSITO,2022-02-03T09:44:37,779.77
9279,0008,SANTANDER,CARLOS,SAQUE,2022-02-04T00:05:37,837.21
1488,0000,CAIXA,LUCIA,DEPOSITO,2022-02-05T23:53:05,448.41
5506,0004,CAIXA,SANDRA,SAQUE,2022-02-07T12:44:11,715.16
2824,0000,SANTANDER,JULIA,SAQUE,2022-02-06T14:15:26,534.20
4657,0003,CAIXA,PEDRO,DEPOSITO,2022-02-04T22:00:16,1084.71
2824,0009,CAIXA,ANA,DEPOSITO,2022-02-06T23:07:39,332.41
2824,0006,SANTANDER,SANDRA,SAQUE,2022-02-03T10:38:07,1470.96
7912,0000,ITAU,ANA,SAQUE,2022-02-07T13:40:21,31.08
9279,0002,ITAU,LUCIA,SAQUE,2022-02-02T14:52:33,1049.15
5506,0005,ITAU,SANDRA,SAQUE,2022-02-06T10:23:25,709.40
2424,0008,ITAU,JOAO,SAQUE,2022-02-01T21:07:37,179.99
2824,0002,ITAU,SANDRA,DEPOSITO,2022-02-07T22:02:00,236.07
1434,0006,CAIXA,FELIPE,SAQUE,2022-02-10T16:24:51,913.41
1434,0004,SANTANDER,CARLOS,SAQUE,2022-02-04T16:42:17,1363.67
4657,0006,CAIXA,SANDRA,DEPOSITO,2022-02-10T01:39:39,918.35
1488,0005,CAIXA,PEDRO,SAQUE,2022-02-02T23:50:26,994.04
1434,0008,SANTANDER,FELIPE,DEPOSITO,2022-02-06T13:18:47,13.99
9279,0002,CAIXA,LUCIA,DEPOSITO,2022-02-04T12:26:31,439.28
1434,0006,SANTANDER,PEDRO,SAQUE,2022-02-08T16:09:20,1183.86
7912,0002,ITAU,FELIPE,DEPOSITO,2022-02-04T07:27:55,974.98
2824,0008,ITAU,ANA,SAQUE,2022-02-07T23:53:16,896.62
2679,0003,SANTANDER,MARCOS,SAQUE,2022-02-04T09:23:30,1052.60
5506,0009,SANTANDER,MARCOS,DEPOSITO,2022-02-06T07:55:54,901.07
1434,0009,ITAU,LUCIA,DEPOSITO,2022-02-09T06:29:53,351.10
9279,0003,CAIXA,JOAO,DEPOSITO,2022-02-03T05:07:20,1147.03
2424,0008,ITAU,MARCOS,SAQUE,2022-02-08T04:35:02,280.42
4657,0005,SANTANDER,MARCOS,SAQUE,2022-02-04T23:36:33,618.44
2679,0007,SANTANDER,CARLOS,SAQUE,2022-02-05T22:44:04,439.44
2424,0003,ITAU,FELIPE,SAQUE,2022-02-02T11:51:32,386.07
2679,0001,CAIXA,JULIA,SAQUE,2022-02-03T08:43:54,625.74
2824,0003,ITAU,MARCOS,SAQUE,2022-02-03T13:23:06,1142.39
4657,0007,CAIXA,JOAO,SAQUE,2022-02-06T23:16:37,1322.46
2679,0007,CAIXA,SANDRA,DEPOSITO,2022-02-04T20:36:25,1067.58
9279,0002,CAIXA,CARLOS,DEPOSITO,2022-02-02T11:08:32,344.80
2679,0000,SANTANDER,ANA,SAQUE,2022-02-04T15:06:19,1399.65
7912,0004,ITAU,MARCOS,SAQUE,2022-02-07T18:39:43,373.16
2424,0001,CAIXA,SANDRA,DEPOSITO,2022-02-04T10:33:26,1297.40
1434,0009,CAIXA,JOAO,DEPOSITO,2022-02-04T17:03:18,431.43
5506,0001,CAIXA,MARCOS,DEPOSITO,2022-02-06T23:10:08,675.36
1488,0006,CAIXA,JULIA,SAQUE,2022-02-04T23:49:08,688.46
4582,0001,CAIXA,CARLOS,DEPOSITO,2022-02-06T01:44:28,1285.46
7912,0008,ITAU,MARCOS,SAQUE,2022-02-09T03:24:28,585.26
4657,0003,SANTANDER,ANA,SAQUE,2022-02-06T10:20:34,1305.85
7912,0002,SANTANDER,LUCIA,DEPOSITO,2022-02-09T00:48:47,620.87
4657,0001,CAIXA,JOAO,SAQUE,2022-02-05T21:52:11,938.66
9279,0003,ITAU,JULIA,SAQUE,2022-02-08T16:39:46,1431.67
2824,0006,CAIXA,SANDRA,DEPOSITO,2022-02-09T09:26:24,359.81
4657,0008,ITAU,FELIPE,SAQUE,2022-02-10T07:34:05,1467.72
4582,0000,SANTANDER,JOAO,DEPOSITO,2022-02-10T17:59:16,78.53
2424,0009,CAIXA,MARIA,SAQUE,2022-02-07T12:48:28,226.90
2424,0009,CAIXA,ANA,DEPOSITO,2022-02-08T11:37:18,270.85
1488,0008,CAIXA,PEDRO,SAQUE,2022-02-02T19:46:49,1370.12
9279,0000,CAIXA,JOAO,SAQUE,2022-02-01T04:49:53,390.44
1434,0000,CAIXA,JULIA,DEPOSITO,2022-02-05T06:44:51,120.05
1488,0004,SANTANDER,CARLOS,SAQUE,2022-02-04T18:05:37,690.69
1434,0000,CAIXA,FELIPE,DEPOSITO,2022-02-05T10:38:55,578.23
2424,0000,ITAU,JOAO,DEPOSITO,2022-02-09T01:49:03,1467.14
9279,0000,ITAU,SANDRA,DEPOSITO,2022-02-10T03:08:29,1366.82
1434,0000,CAIXA,SANDRA,SAQUE,2022-02-03T09:28:27,336.32
4582,0000,SANTANDER,ANA,DEPOSITO,2022-02-08T22:21:17,1356.07
2824,0001,CAIXA,LUCIA,SAQUE,2022-02-02T04:20:51,1101.22
2679,0001,CAIXA,CARLOS,DEPOSITO,2022-02-10T15:10:58,309.18
9279,0000,CAIXA,JULIA,SAQUE,2022-02-04T04:56:32,1247.40
7912,0006,CAIXA,MARIA,DEPOSITO,2022-02-02T00:01:37,707.81
4582,0000,CAIXA,CARLOS,SAQUE,2022-02-05T21:01:21,144.55
2824,0009,SANTANDER,FELIPE,SAQUE,2022-02-10T04:15:35,559.19
4582,0009,CAIXA,MARIA,DEPOSITO,2022-02-06T19:25:19,1015.51
9279,0000,CAIXA,MARIA,DEPOSITO,2022-02-08T19:10:09,975.00
2824,0008,ITAU,CARLOS,DEPOSITO,2022-02-01T12:55:59,218.27
2424,0008,SANTANDER,FELIPE,DEPOSITO,2022-02-02T17:36:34,1332.02
7912,0004,CAIXA,JULIA,SAQUE,2022-02-09T21:43:54,885.14
4582,0001,ITAU,FELIPE,SAQUE,2022-02-04T11:34:28,927.32
4657,0001,CAIXA,MARCOS,SAQUE,2022-02-05T11:44:03,1426.33
4657,0008,ITAU,MARIA,DEPOSITO,2022-02-03T09:22:48,603.23
1488,0005,CAIXA,PEDRO,DEPOSITO,2022-02-05T03:14:09,85.36
1488,0009,ITAU,PEDRO,DEPOSITO,2022-02-07T19:31:08,1246.43
1434,0007,SANTANDER,PEDRO,SAQUE,2022-02-10T15:48:12,1163.81
7912,0002,CAIXA,ANA,DEPOSITO,2022-02-10T18:40:42,814.92
1488,0009,SANTANDER,LUCIA,DEPOSITO,2022-02-10T16:11:38,32.14
2424,0003,ITAU,LUCIA,DEPOSITO,2022-02-02T15:00:55,405.40
2679,0009,ITAU,FELIPE,SAQUE,2022-02-05T11:32:45,677.93
2679,0000,SANTANDER,MARCOS,DEPOSITO,2022-02-01T14:43:31,1418.67
2424,0002,SANTANDER,LUCIA,DEPOSITO,2022-02-05T23:04:26,1497.89
1434,0005,ITAU,MARCOS,DEPOSITO,2022-02-04T23:54:58,1349.91
2679,0001,SANTANDER,ANA,SAQUE,2022-02-08T04:35:39,940.23
2424,0002,CAIXA,SANDRA,SAQUE,2022-02-08T10:26:16,686.04
2424,0001,SANTANDER,FELIPE,DEPOSITO,2022-02-03T20:38:52,650.80
2424,0001,CAIXA,CARLOS,SAQUE,2022-02-04T21:07:50,1097.12
9279,0002,ITAU,JOAO,SAQUE,2022-02-09T10:08:44,1430.85
5506,0005,CAIXA,FELIPE,DEPOSITO,2022-02-10T02:58:18,653.50
5506,0004,CAIXA,LUCIA,SAQUE,2022-02-06T01:45:04,1008.32
4657,0009,CAIXA,LUCIA,SAQUE,2022-02-05T08:31:07,904.61
4657,0001,CAIXA,PEDRO,DEPOSITO,2022-02-03T19:24:37,988.54
1488,0004,CAIXA,MARIA,DEPOSITO,2022-02-08T01:18:47,1146.28
2824,0007,ITAU,SANDRA,DEPOSITO,2022-02-09T01:42:06,917.40
4582,0005,ITAU,JOAO,SAQUE,2022-02-05T08:20:14,1383.09
4582,0002,CAIXA,SANDRA,SAQUE,2022-02-10T01:55:02,113.68
5506,0005,SANTANDER,JULIA,DEPOSITO,2022-02-06T14:13:42,570.53
1434,0002,ITAU,JOAO,SAQUE,2022-02-07T23:25:04,1167.49
4657,0000,SANTANDER,ANA,DEPOSITO,2022-02-01T16:35:19,1134.11
2824,0006,CAIXA,CARLOS,SAQUE,2022-02-06T02:44:03,914.54
1434,0008,CAIXA,FELIPE,SAQUE,2022-02-04T12:35:45,650.57
4582,0007,ITAU,JOAO,DEPOSITO,2022-02-08T08:39:37,338.57
2824,0000,SANTANDER,JOAO,DEPOSITO,2022-02-10T08:40:20,1153.35
7912,0005,SANTANDER,FELIPE,DEPOSITO,2022-02-06T07:31:54,751.10
5506,0002,SANTANDER,JULIA,DEPOSITO,2022-02-09T04:40:39,755.39
5506,0009,SANTANDER,LUCIA,SAQUE,2022-02-02T00:46:24,37.92
2824,0002,SANTANDER,SANDRA,SAQUE,2022-02-06T03:45:23,1067.15
9279,0001,ITAU,LUCIA,SAQUE,2022-02-08T14:08:11,266.09
2424,0003,ITAU,CARLOS,DEPOSITO,2022-02-08T05:36:56,372.54
5506,0005,ITAU,CARLOS,SAQUE,2022-02-03T18:37:55,1121.25
5506,0001,CAIXA,JULIA,DEPOSITO,2022-02-03T10:34:22,800.60
1488,0005,CAIXA,ANA,DEPOSITO,2022-02-04T04:39:02,163.18
9279,0008,CAIXA,ANA,DEPOSITO,2022-02-10T11:12:09,273.95
1434,0001,CAIXA,SANDRA,SAQUE,2022-02-07T22:30:52,1024.89
9279,0000,SANTANDER,MARIA,DEPOSITO,2022-02-06T18:40:39,665.25
2824,0008,SANTANDER,SANDRA,DEPOSITO,2022-02-01T23:42:14,534.39
4657,0002,CAIXA,LUCIA,DEPOSITO,2022-02-04T13:42:42,559.42
4582,0008,CAIXA,SANDRA,SAQUE,2022-02-07T19:33:02,699.44
7912,0007,SANTANDER,PEDRO,SAQUE,2022-02-07T04:07:41,911.46
2679,0005,ITAU,FELIPE,SAQUE,2022-02-02T02:39:25,1473.75
2679,0009,ITAU,PEDRO,SAQUE,2022-02-07T10:44:25,1486.57
2424,0001,CAIXA,MARIA,SAQUE,2022-02-05T18:56:15,1377.73
5506,0002,SANTANDER,SANDRA,DEPOSITO,2022-02-08T22:38:08,1185.95
1434,0005,SANTANDER,FELIPE,SAQUE,2022-02-09T20:53:49,433.38
2424,0005,CAIXA,FELIPE,DEPOSITO,2022-02-04T20:27:21,1375.95
5506,0005,CAIXA,FELIPE,SAQUE,2022-02-08T21:31:31,842.79
2679,0001,ITAU,JULIA,DEPOSITO,2022-02-06T05:25:13,972.58
5506,0008,ITAU,MARIA,SAQUE,2022-02-03T16:28:57,278.59
4657,0003,CAIXA,PEDRO,DEPOSITO,2022-02-04T16:15:00,240.87
1434,0005,CAIXA,JULIA,DEPOSITO,2022-02-10T09:17:51,996.27
1434,0005,CAIXA,CARLOS,DEPOSITO,2022-02-09T11:54:01,251.75
1488,0008,CAIXA,MARCOS,DEPOSITO,2022-02-09T07:05:57,622.18
2824,0008,ITAU,JOAO,SAQUE,2022-02-03T23:45:26,358.66
2424,0003,CAIXA,MARIA,SAQUE,2022-02-04T12:09:59,697.90
7912,0000,ITAU,CARLOS,DEPOSITO,2022-02-08T10:12:55,1227.17
2679,0002,SANTANDER,MARCOS,SAQUE,2022-02-02T07:58:33,836.27
7912,0004,ITAU,FELIPE,DEPOSITO,2022-02-07T07:37:09,416.46
2424,0007,SANTANDER,PEDRO,SAQUE,2022-02-01T09:51:45,1328.10
5506,0006,ITAU,JULIA,SAQUE,2022-02-02T01:51:49,361.31
5506,0005,ITAU,MARIA,DEPOSITO,2022-02-08T23:24:33,1260.37
7912,0008,SANTANDER,LUCIA,SAQUE,2022-02-06T19:42:24,1376.92
2824,0006,ITAU,SANDRA,DEPOSITO,2022-02-01T07:37:47,1359.73
1488,0000,ITAU,JULIA,SAQUE,2022-02-04T14:00:36,175.67
1434,0008,ITAU,LUCIA,DEPOSITO,2022-02-10T17:20:03,635.54
2679,0009,ITAU,FELIPE,SAQUE,2022-02-01T06:52:53,899.14
5506,0006,CAIXA,ANA,SAQUE,2022-02-08T13:10:14,649.57
2679,0001,ITAU,CARLOS,DEPOSITO,2022-02-02T03:01:52,999.91
4582,0004,SANTANDER,JULIA,DEPOSITO,2022-02-06T19:01:52,591.78
5506,0006,CAIXA,JOAO,DEPOSITO,2022-02-01T21:46:21,542.07
2679,0001,CAIXA,FELIPE,SAQUE,2022-02-05T08:42:32,208.78
7912,0005,ITAU,ANA,SAQUE,2022-02-06T21:28:36,1471.42
1488,0007,SANTANDER,MARCOS,DEPOSITO,2022-02-01T14:51:14,447.23
9279,0000,ITAU,JOAO,SAQUE,2022-02-07T16:15:48,1483.79
4582,0001,SANTANDER,PEDRO,SAQUE,2022-02-10T13:31:51,541.89
9279,0004,SANTANDER,FELIPE,SAQUE,2022-02-05T22:36:33,661.06
2679,0000,ITAU,ANA,SAQUE,2022-02-05T13:05:31,1041.18
2679,0000,SANTANDER,CARLOS,DEPOSITO,2022-02-03T06:39:22,651.60
2824,0008,CAIXA,FELIPE,DEPOSITO,2022-02-04T16:12:20,498.60
9279,0007,CAIXA,CARLOS,DEPOSITO,2022-02-05T08:29:23,1037.75
4582,0002,CAIXA,MARIA,SAQUE,2022-02-10T16:37:44,419.09
7912,0007,ITAU,CARLOS,SAQUE,2022-02-10T04:31:05,774.50
1488,0001,SANTANDER,SANDRA,SAQUE,2022-02-01T21:40:39,61.85
9279,0001,SANTANDER,CARLOS,DEPOSITO,2022-02-09T07:53:08,911.59
5506,0004,SANTANDER,MARCOS,DEPOSITO,2022-02-07T12:18:38,865.14
7912,0008,CAIXA,JOAO,DEPOSITO,2022-02-01T09:38:32,1441.17
9279,0006,CAIXA,CARLOS,DEPOSITO,2022-02-04T05:54:33,400.05
4657,0008,ITAU,JOAO,SAQUE,2022-02-02T17:37:41,308.27
5506,0002,CAIXA,MARCOS,DEPOSITO,2022-02-04T23:10:52,1217.66
7912,0001,CAIXA,JULIA,SAQUE,2022-02-02T23:58:16,1338.08
7912,0006,SANTANDER,PEDRO,DEPOSITO,2022-02-10T16:48:01,1477.85
9279,0003,ITAU,LUCIA,SAQUE,2022-02-05T13:32:51,835.49
9279,0003,SANTANDER,SANDRA,DEPOSITO,2022-02-05T22:04:00,107.96
4657,0008,SANTANDER,CARLOS,DEPOSITO,2022-02-04T22:26:07,196.74
2679,0009,ITAU,JULIA,SAQUE,2022-02-10T13:21:44,201.22
4657,0003,ITAU,ANA,SAQUE,2022-02-01T18:14:04,759.27
1488,0001,CAIXA,JOAO,DEPOSITO,2022-02-09T16:42:08,251.33
2679,0000,ITAU,JOAO,DEPOSITO,2022-02-08T19:04:05,383.40
1434,0009,ITAU,JOAO,DEPOSITO,2022-02-03T03:12:47,758.83
4582,0007,ITAU,ANA,SAQUE,2022-02-07T22:15:36,1265.37
1434,0004,CAIXA,LUCIA,SAQUE,2022-02-10T09:29:14,980.18
2824,0000,SANTANDER,LUCIA,SAQUE,2022-02-07T17:00:19,1334.61
4582,0005,SANTANDER,PEDRO,SAQUE,2022-02-01T23:20:57,453.18
1434,0005,SANTANDER,CARLOS,SAQUE,2022-02-05T05:10:57,702.02
5506,0003,CAIXA,MARIA,SAQUE,2022-02-02T16:10:58,1463.31
2824,0008,ITAU,FELIPE,SAQUE,2022-02-02T13:46:53,370.19
1434,0004,ITAU,ANA,DEPOSITO,2022-02-05T17:59:10,85.40
5506,0006,ITAU,ANA,SAQUE,2022-02-09T20:08:17,1401.29
9279,0007,ITAU,MARCOS,SAQUE,2022-02-04T19:57:48,753.15
1434,0001,ITAU,CARLOS,SAQUE,2022-02-03T16:45:35,1450.36
9279,0000,CAIXA,LUCIA,SAQUE,2022-02-09T00:39:41,747.39
5506,0004,SANTANDER,LUCIA,DEPOSITO,2022-02-04T07:07:39,652.08
1488,0001,CAIXA,LUCIA,SAQUE,2022-02-07T21:44:07,86.22
2679,0000,CAIXA,JOAO,DEPOSITO,2022-02-06T13:16:10,585.66
2424,0001,SANTANDER,SANDRA,DEPOSITO,2022-02-02T06:15:17,201.71
1434,0003,SANTANDER,JULIA,SAQUE,2022-02-03T12:04:27,1134.90
5506,0008,CAIXA,JULIA,DEPOSITO,2022-02-02T18:00:33,77.50
7912,0001,CAIXA,MARCOS,DEPOSITO,2022-02-07T08:14:46,913.33
2824,0009,SANTANDER,MARIA,DEPOSITO,2022-02-08T13:39:47,595.50
9279,0007,SANTANDER,JULIA,SAQUE,2022-02-04T17:24:53,1066.02
2824,0007,CAIXA,MARIA,DEPOSITO,2022-02-08T04:06:36,1470.05
1434,0009,ITAU,MARCOS,SAQUE,2022-02-10T14:07:54,1450.94
1434,0004,ITAU,LUCIA,SAQUE,2022-02-08T17:18:40,264.06
4657,0006,ITAU,PEDRO,DEPOSITO,2022-02-09T14:08:09,863.13
1488,0004,CAIXA,MARCOS,SAQUE,2022-02-06T02:22:40,633.98
4582,0005,CAIXA,SANDRA,SAQUE,2022-02-10T00:25:21,1310.50
2679,0004,SANTANDER,PEDRO,SAQUE,2022-02-06T21:25:48,1497.20
2679,0001,CAIXA,ANA,SAQUE,2022-02-05T05:48:15,1369.06
2824,0003,SANTANDER,JOAO,SAQUE,2022-02-04T01:53:54,296.47
1488,0008,SANTANDER,PEDRO,SAQUE,2022-02-09T15:24:42,1159.05
2824,0000,ITAU,MARCOS,SAQUE,2022-02-10T17:46:22,845.13
5506,0005,SANTANDER,SANDRA,SAQUE,2022-02-05T21:00:37,1344.68
5506,0008,CAIXA,LUCIA,SAQUE,2022-02-02T01:06:48,1433.42
2824,0003,CAIXA,JOAO,SAQUE,2022-02-07T14:57:59,328.84
1434,0006,ITAU,JOAO,DEPOSITO,2022-02-10T01:53:40,172.75
4657,0004,SANTANDER,LUCIA,DEPOSITO,2022-02-01T17:23:00,960.54
4582,0003,ITAU,MARCOS,DEPOSITO,2022-02-02T18:08:04,1024.98
2824,0001,SANTANDER,CARLOS,SAQUE,2022-02-03T12:11:24,721.40
2679,0007,ITAU,LUCIA,DEPOSITO,2022-02-03T21:44:00,981.93
2424,0008,ITAU,CARLOS,DEPOSITO,2022-02-01T12:40:45,1401.54
1434,0002,SANTANDER,JOAO,DEPOSITO,2022-02-07T23:31:31,23.81
2679,0008,ITAU,JOAO,SAQUE,2022-02-07T16:20:31,1483.76
5506,0005,CAIXA,JULIA,SAQUE,2022-02-02T10:54:18,416.53
5506,0000,CAIXA,MARCOS,SAQUE,2022-02-01T06:11:48,1080.71
2424,0004,CAIXA,PEDRO,DEPOSITO,2022-02-08T20:08:12,920.32
7912,0005,SANTANDER,MARIA,DEPOSITO,2022-02-02T05:52:38,607.24
1488,0008,SANTANDER,MARIA,DEPOSITO,2022-02-05T17:49:06,20.18
4582,0000,CAIXA,MARIA,SAQUE,2022-02-08T00:57:25,877.87
9279,0000,ITAU,MARIA,DEPOSITO,2022-02-02T12:31:47,102.57
2824,0001,CAIXA,CARLOS,SAQUE,2022-02-08T20:07:57,1038.53
7912,0008,CAIXA,PEDRO,DEPOSITO,2022-02-06T21:22:30,1436.47
9279,0003,CAIXA,SANDRA,SAQUE,2022-02-07T18:04:14,629.61
4657,0003,SANTANDER,PEDRO,DEPOSITO,2022-02-08T07:38:16,1023.71
4657,0007,CAIXA,JULIA,SAQUE,2022-02-07T22:25:13,126.37
7912,0001,CAIXA,JULIA,DEPOSITO,2022-02-02T21:44:31,863.33
1434,0008,ITAU,MARCOS,DEPOSITO,2022-02-09T18:54:42,1023.64
7912,0003,SANTANDER,JULIA,SAQUE,2022-02-06T14:09:58,1214.95
2824,0007,SANTANDER,MARCOS,DEPOSITO,2022-02-09T06:03:08,842.61
4657,0007,SANTANDER,JOAO,DEPOSITO,2022-02-08T02:32:23,1121.25
4657,0008,ITAU,MARIA,DEPOSITO,2022-02-01T19:38:42,816.33
2424,0001,SANTANDER,JOAO,SAQUE,2022-02-02T17:32:27,278.17
2679,0005,CAIXA,MARCOS,SAQUE,2022-02-09T08:57:14,569.71
2424,0003,ITAU,MARIA,DEPOSITO,2022-02-07T14:34:56,275.93
9279,0003,SANTANDER,PEDRO,DEPOSITO,2022-02-04T16:59:56,1136.71
9279,0001,ITAU,JULIA,SAQUE,2022-02-04T02:11:15,1236.81
4657,0007,CAIXA,JOAO,DEPOSITO,2022-02-09T21:16:22,1406.74
4657,0009,ITAU,CARLOS,DEPOSITO,2022-02-01T21:41:39,368.59
2424,0008,ITAU,MARCOS,DEPOSITO,2022-02-01T14:58:45,374.65
4582,0005,CAIXA,JULIA,DEPOSITO,2022-02-10T12:08:21,1134.03
1434,0001,CAIXA,JOAO,DEPOSITO,2022-02-09T23:09:51,1225.52
2679,0006,SANTANDER,SANDRA,SAQUE,2022-02-02T19:49:19,362.99
7912,0004,CAIXA,JOAO,SAQUE,2022-02-08T06:25:47,100.83
2424,0003,SANTANDER,MARCOS,DEPOSITO,2022-02-08T21:28:25,1458.71
7912,0003,SANTANDER,CARLOS,SAQUE,2022-02-05T15:44:47,232.33
7912,0008,ITAU,PEDRO,DEPOSITO,2022-02-09T16:11:28,458.10
2679,0005,SANTANDER,JULIA,SAQUE,2022-02-07T20:24:57,1452.00
4657,0008,SANTANDER,PEDRO,SAQUE,2022-02-08T22:27:40,312.97
1434,0009,ITAU,FELIPE,DEPOSITO,2022-02-05T15:57:09,86.79
2679,0006,SANTANDER,FELIPE,DEPOSITO,2022-02-08T05:14:26,1208.93
1488,0006,CAIXA,PEDRO,SAQUE,2022-02-01T06:33:38,461.75
1434,0006,SANTANDER,FELIPE,SAQUE,2022-02-09T12:42:37,1372.52
9279,0003,CAIXA,PEDRO,SAQUE,2022-02-05T16:58:12,1165.52
9279,0008,ITAU,MARIA,SAQUE,2022-02-07T07:27:47,399.73
5506,0004,ITAU,MARCOS,SAQUE,2022-02-05T14:04:12,1372.35
2824,0003,CAIXA,SANDRA,DEPOSITO,2022-02-01T06:49:07,1114.47
5506,0006,SANTANDER,SANDRA,SAQUE,2022-02-03T11:14:21,449.84
5506,0000,SANTANDER,SANDRA,DEPOSITO,2022-02-09T00:45:46,753.96
5506,0005,ITAU,MARCOS,SAQUE,2022-02-10T17:38:52,260.67
4582,0003,ITAU,JULIA,SAQUE,2022-02-07T16:00:11,284.23
7912,0006,ITAU,FELIPE,DEPOSITO,2022-02-06T02:12:44,1148.86
5506,0007,CAIXA,ANA,DEPOSITO,2022-02-06T14:55:00,335.89
4582,0003,CAIXA,SANDRA,SAQUE,2022-02-01T06:40:35,992.33
2824,0003,SANTANDER,CARLOS,DEPOSITO,2022-02-09T20:26:53,34.92
4657,0002,CAIXA,LUCIA,SAQUE,2022-02-03T06:18:34,1211.19
2824,0001,SANTANDER,ANA,DEPOSITO,2022-02-07T11:26:09,295.98
9279,0009,ITAU,CARLOS,DEPOSITO,2022-02-06T00:21:30,565.85
4582,0002,SANTANDER,PEDRO,SAQUE,2022-02-02T01:34:32,1029.22
4582,0005,ITAU,CARLOS,SAQUE,2022-02-01T18:26:20,833.53
1434,0002,CAIXA,MARCOS,SAQUE,2022-02-05T02:35:02,970.91
1434,0008,SANTANDER,LUCIA,DEPOSITO,2022-02-09T11:44:16,325.01
2679,0009,CAIXA,LUCIA,DEPOSITO,2022-02-04T11:45:32,1029.80
4582,0006,CAIXA,LUCIA,DEPOSITO,2022-02-04T21:41:41,1393.86
7912,0009,ITAU,ANA,SAQUE,2022-02-04T17:15:54,1394.02
5506,0004,CAIXA,SANDRA,SAQUE,2022-02-07T15:32:40,1018.78
4582,0002,SANTANDER,ANA,DEPOSITO,2022-02-05T06:49:59,756.18
1434,0009,SANTANDER,PEDRO,DEPOSITO,2022-02-10T10:05:00,517.48
9279,0008,ITAU,MARIA,DEPOSITO,2022-02-10T14:19:09,954.84
1434,0004,ITAU,MARIA,SAQUE,2022-02-09T08:04:11,653.45
4657,0002,SANTANDER,SANDRA,SAQUE,2022-02-09T17:48:08,1199.10
7912,0004,SANTANDER,ANA,SAQUE,2022-02-08T18:43:53,1070.40
9279,0001,SANTANDER,MARIA,DEPOSITO,2022-02-04T19:53:01,146.37
9279,0003,CAIXA,FELIPE,DEPOSITO,2022-02-06T07:37:34,140.07
5506,0003,ITAU,JULIA,SAQUE,2022-02-02T04:11:52,163.91
2824,0004,SANTANDER,SANDRA,SAQUE,2022-02-01T05:41:20,1296.94
2424,0005,ITAU,FELIPE,DEPOSITO,2022-02-03T03:29:20,862.22
4657,0005,SANTANDER,JOAO,SAQUE,2022-02-02T20:36:03,409.93
4657,0001,SANTANDER,JOAO,SAQUE,2022-02-10T14:03:45,456.63
9279,0002,ITAU,PEDRO,SAQUE,2022-02-03T11:03:07,894.77
1434,0004,SANTANDER,JOAO,DEPOSITO,2022-02-05T02:51:34,1423.75
1434,0005,SANTANDER,MARCOS,SAQUE,2022-02-08T23:43:21,651.62
2424,0001,SANTANDER,MARIA,DEPOSITO,2022-02-03T05:50:06,723.72
2424,0001,ITAU,MARCOS,DEPOSITO,2022-02-04T11:44:16,495.57
7912,0003,ITAU,SANDRA,DEPOSITO,2022-02-07T17:01:13,892.42
4657,0004,CAIXA,MARCOS,DEPOSITO,2022-02-04T14:57:02,663.30
2824,0005,CAIXA,MARCOS,DEPOSITO,2022-02-04T00:35:17,953.67
9279,0009,SANTANDER,CARLOS,SAQUE,2022-02-08T08:15:19,120.21
5506,0003,CAIXA,JULIA,SAQUE,2022-02-10T16:24:30,820.03
5506,0005,CAIXA,FELIPE,DEPOSITO,2022-02-09T01:38:05,1155.74
2424,0001,SANTANDER,SANDRA,DEPOSITO,2022-02-08T21:58:24,849.20
2679,0003,CAIXA,FELIPE,DEPOSITO,2022-02-03T18:45:25,156.92
9279,0009,CAIXA,SANDRA,DEPOSITO,2022-02-05T20:01:13,674.21
9279,0002,SANTANDER,JULIA,DEPOSITO,2022-02-01T09:14:55,524.00
7912,0001,SANTANDER,CARLOS,DEPOSITO,2022-02-09T22:45:58,182.94
9279,0001,SANTANDER,MARIA,SAQUE,2022-02-07T09:52:48,1178.56
5506,0002,SANTANDER,FELIPE,SAQUE,2022-02-06T13:52:45,1085.77
4657,0005,CAIXA,LUCIA,DEPOSITO,2022-02-05T06:01:23,43.65
2679,0004,SANTANDER,PEDRO,DEPOSITO,2022-02-05T02:30:07,832.35
2424,0004,ITAU,PEDRO,SAQUE,2022-02-03T08:23:00,948.34
2424,0007,CAIXA,SANDRA,DEPOSITO,2022-02-06T07:12:38,679.87
4657,0009,ITAU,PEDRO,DEPOSITO,2022-02-09T15:04:45,424.73
9279,0002,SANTANDER,JULIA,DEPOSITO,2022-02-03T11:29:47,555.03
2424,0009,ITAU,MARCOS,SAQUE,2022-02-08T12:09:03,899.49
7912,0000,CAIXA,MARIA,SAQUE,2022-02-08T13:54:51,1269.82
4657,0006,SANTANDER,SANDRA,DEPOSITO,2022-02-04T21:18:59,1011.44
2679,0004,SANTANDER,FELIPE,DEPOSITO,2022-02-02T19:16:05,566.23
7912,0008,CAIXA,SANDRA,DEPOSITO,2022-02-06T05:18:48,866.46
2824,0005,ITAU,JULIA,DEPOSITO,2022-02-07T00:42:46,836.82
4582,0008,ITAU,MARIA,SAQUE,2022-02-05T10:40:19,932.92
9279,0004,CAIXA,PEDRO,SAQUE,2022-02-07T05:18:50,1446.11
9279,0005,ITAU,MARCOS,SAQUE,2022-02-06T11:22:32,1068.11
2824,0007,SANTANDER,SANDRA,DEPOSITO,2022-02-03T18:19:41,1195.86
1434,0008,CAIXA,PEDRO,SAQUE,2022-02-06T15:17:56,260.63
2679,0001,CAIXA,JULIA,DEPOSITO,2022-02-04T08:07:21,863.34
4657,0006,SANTANDER,LUCIA,SAQUE,2022-02-06T05:55:47,824.07
9279,0002,ITAU,LUCIA,SAQUE,2022-02-02T03:25:48,401.59
2424,0005,CAIXA,PEDRO,SAQUE,2022-02-08T11:50:45,1292.96
1434,0001,CAIXA,ANA,DEPOSITO,2022-02-01T19:23:01,1222.16
2824,0000,CAIXA,JOAO,DEPOSITO,2022-02-09T15:09:53,492.24
2424,0007,SANTANDER,JOAO,DEPOSITO,2022-02-10T04:34:30,212.03
5506,0006,CAIXA,ANA,DEPOSITO,2022-02-09T17:18:11,382.02
2824,0004,SANTANDER,CARLOS,SAQUE,2022-02-08T18:17:41,221.84
4657,0004,CAIXA,MARCOS,DEPOSITO,2022-02-10T10:02:53,954.11
5506,0009,ITAU,JOAO,SAQUE,2022-02-07T00:14:51,687.50
5506,0002,CAIXA,FELIPE,SAQUE,2022-02-09T13:11:40,955.91
9279,0000,SANTANDER,CARLOS,DEPOSITO,2022-02-03T15:48:02,1452.51
1434,0008,SANTANDER,JOAO,SAQUE,2022-02-02T16:07:57,825.49
9279,0007,ITAU,LUCIA,DEPOSITO,2022-02-10T14:25:07,158.37
1488,0005,CAIXA,ANA,SAQUE,2022-02-06T06:42:00,690.21
4657,0001,SANTANDER,JOAO,DEPOSITO,2022-02-04T09:54:30,1312.89
7912,0007,SANTANDER,FELIPE,SAQUE,2022-02-08T23:06:12,1000.12
4657,0007,ITAU,JOAO,DEPOSITO,2022-02-02T04:39:29,649.55
2679,0008,ITAU,MARCOS,DEPOSITO,2022-02-03T19:58:38,207.72
7912,0008,ITAU,LUCIA,SAQUE,2022-02-06T05:06:08,1227.49
4657,0001,SANTANDER,PEDRO,SAQUE,2022-02-02T07:55:42,143.10
7912,0005,ITAU,JOAO,DEPOSITO,2022-02-10T05:28:03,580.25
9279,0001,CAIXA,JULIA,DEPOSITO,2022-02-03T01:53:48,919.38
9279,0006,ITAU,PEDRO,DEPOSITO,2022-02-08T13:32:22,1380.64
2424,0001,SANTANDER,FELIPE,DEPOSITO,2022-02-08T05:49:13,1131.14
4657,0006,CAIXA,MARIA,DEPOSITO,2022-02-08T21:51:13,379.20
4582,0000,ITAU,SANDRA,SAQUE,2022-02-09T11:12:36,1170.66
4582,0006,SANTANDER,JULIA,DEPOSITO,2022-02-04T16:10:38,1124.29
1434,0002,CAIXA,CARLOS,DEPOSITO,2022-02-08T19:56:57,369.21
2424,0009,SANTANDER,LUCIA,SAQUE,2022-02-02T16:32:14,1401.55
4657,0007,CAIXA,MARIA,DEPOSITO,2022-02-10T10:28:48,1146.46
4582,0004,CAIXA,FELIPE,DEPOSITO,2022-02-01T13:41:41,400.66
4657,0003,CAIXA,JOAO,SAQUE,2022-02-05T23:15:58,641.13
4657,0003,ITAU,SANDRA,DEPOSITO,2022-02-04T20:21:40,423.43
4657,0000,CAIXA,ANA,SAQUE,2022-02-08T18:50:45,592.19
2424,0002,SANTANDER,CARLOS,DEPOSITO,2022-02-02T03:12:20,96.28
7912,0002,ITAU,SANDRA,DEPOSITO,2022-02-10T02:07:42,470.84
2679,0003,CAIXA,ANA,DEPOSITO,2022-02-05T07:04:46,254.11
2824,0002,ITAU,JOAO,DEPOSITO,2022-02-10T04:28:57,564.09
2824,0009,CAIXA,MARIA,SAQUE,2022-02-01T20:41:54,415.25
4582,0008,CAIXA,FELIPE,SAQUE,2022-02-05T10:59:17,688.24
4657,0009,CAIXA,ANA,SAQUE,2022-02-10T11:20:34,244.39
4582,0007,ITAU,FELIPE,DEPOSITO,2022-02-01T02:50:33,1113.76
7912,0007,CAIXA,LUCIA,SAQUE,2022-02-02T21:48:35,552.32
5506,0000,ITAU,CARLOS,DEPOSITO,2022-02-06T03:20:16,489.49
4582,0005,ITAU,SANDRA,SAQUE,2022-02-09T06:12:53,187.91
9279,0000,SANTANDER,JULIA,DEPOSITO,2022-02-01T22:10:14,1431.58
5506,0006,SANTANDER,MARIA,DEPOSITO,2022-02-01T04:24:56,834.11
9279,0001,CAIXA,SANDRA,SAQUE,2022-02-04T00:45:07,1111.97
1488,0005,ITAU,MARCOS,DEPOSITO,2022-02-07T17:17:28,1101.37
4582,0001,ITAU,CARLOS,DEPOSITO,2022-02-05T06:59:51,357.17
1488,0004,SANTANDER,CARLOS,SAQUE,2022-02-07T12:24:50,164.88
4582,0006,CAIXA,LUCIA,DEPOSITO,2022-02-02T05:11:25,1070.36
4657,0009,ITAU,CARLOS,SAQUE,2022-02-10T03:56:09,693.10
4657,0009,CAIXA,JULIA,DEPOSITO,2022-02-05T20:57:27,959.45
1488,0000,SANTANDER,LUCIA,SAQUE,2022-02-02T16:09:57,997.04
5506,0001,SANTANDER,MARIA,SAQUE,2022-02-10T00:16:53,1054.08
7912,0009,ITAU,JOAO,DEPOSITO,2022-02-03T13:08:19,121.28
5506,0004,ITAU,ANA,DEPOSITO,2022-02-06T17:50:34,254.92
9279,0000,SANTANDER,JULIA,SAQUE,2022-02-03T14:34:22,1447.31
2824,0009,ITAU,JOAO,DEPOSITO,2022-02-09T09:55:20,144.73
1488,0001,SANTANDER,PEDRO,SAQUE,2022-02-09T17:14:02,231.00
7912,0007,SANTANDER,JULIA,DEPOSITO,2022-02-04T05:52:24,1019.00
7912,0002,ITAU,MARCOS,DEPOSITO,2022-02-02T07:46:37,151.14
5506,0002,CAIXA,LUCIA,DEPOSITO,2022-02-05T22:46:20,204.77
4582,0002,ITAU,SANDRA,SAQUE,2022-02-01T23:56:09,1376.97
4657,0007,SANTANDER,MARCOS,DEPOSITO,2022-02-05T02:39:55,147.05
2424,0008,ITAU,LUCIA,DEPOSITO,2022-02-06T08:15:37,1386.96
7912,0000,SANTANDER,CARLOS,SAQUE,2022-02-03T16:38:06,267.48
1434,0006,CAIXA,MARCOS,DEPOSITO,2022-02-08T14:26:33,61.63
9279,0007,ITAU,JOAO,SAQUE,2022-02-07T18:29:38,623.87
2679,0006,CAIXA,JOAO,SAQUE,2022-02-03T12:11:26,214.48
5506,0008,CAIXA,JULIA,DEPOSITO,2022-02-10T13:50:38,1484.21
5506,0004,SANTANDER,MARCOS,SAQUE,2022-02-07T04:25:37,1369.89
4582,0000,ITAU,ANA,DEPOSITO,2022-02-03T17:53:19,485.13
7912,0002,ITAU,MARCOS,SAQUE,2022-02-03T21:53:28,1152.59
4582,0006,CAIXA,PEDRO,SAQUE,2022-02-10T16:33:32,805.20
7912,0006,CAIXA,CARLOS,SAQUE,2022-02-03T04:41:30,1403.46
5506,0009,CAIXA,MARIA,SAQUE,2022-02-01T10:18:36,1371.83
2679,0000,ITAU,ANA,DEPOSITO,2022-02-07T01:27:57,1256.68
1434,0006,ITAU,MARCOS,DEPOSITO,2022-02-03T21:51:03,144.48
1488,0005,SANTANDER,JULIA,SAQUE,2022-02-08T12:58:26,11.02
1434,0005,ITAU,ANA,SAQUE,2022-02-02T21:07:07,98.74
2424,0009,ITAU,JULIA,SAQUE,2022-02-05T14:54:38,1441.23
2424,0008,CAIXA,MARIA,SAQUE,2022-02-02T23:58:14,490.68
1434,0001,ITAU,MARIA,DEPOSITO,2022-02-07T21:46:55,1063.70
2824,0005,ITAU,SANDRA,DEPOSITO,2022-02-09T23:53:09,573.79
1434,0007,ITAU,LUCIA,SAQUE,2022-02-10T10:36:54,1277.63
1488,0009,ITAU,SANDRA,SAQUE,2022-02-08T12:10:19,1382.35
1488,0001,SANTANDER,MARCOS,DEPOSITO,2022-02-02T00:45:26,503.44
5506,0008,ITAU,ANA,DEPOSITO,2022-02-09T05:15:11,1234.28
5506,0000,ITAU,JOAO,DEPOSITO,2022-02-01T21:50:27,381.82
2424,0005,SANTANDER,LUCIA,DEPOSITO,2022-02-09T23:28:30,585.05
4657,0008,CAIXA,MARCOS,SAQUE,2022-02-05T15:25:20,533.33
4582,0000,ITAU,PEDRO,DEPOSITO,2022-02-10T18:52:36,682.42
5506,0005,SANTANDER,MARIA,SAQUE,2022-02-01T23:42:24,1427.98
5506,0009,CAIXA,ANA,DEPOSITO,2022-02-02T05:12:47,825.10
7912,0009,SANTANDER,MARCOS,DEPOSITO,2022-02-09T00:28:46,652.67
1488,0004,CAIXA,ANA,DEPOSITO,2022-02-03T13:57:55,160.87
1488,0002,ITAU,JULIA,SAQUE,2022-02-04T16:43:07,994.29
4582,0004,ITAU,CARLOS,SAQUE,2022-02-05T11:11:36,238.85
1488,0005,CAIXA,JOAO,SAQUE,2022-02-01T09:35:25,307.52
2824,0004,SANTANDER,JOAO,DEPOSITO,2022-02-02T11:44:19,715.62
2424,0005,SANTANDER,MARCOS,SAQUE,2022-02-07T16:34:57,145.79
2824,0008,SANTANDER,CARLOS,SAQUE,2022-02-01T15:05:24,288.01
4582,0005,CAIXA,JOAO,DEPOSITO,2022-02-07T22:26:35,1257.25
2424,0009,ITAU,FELIPE,DEPOSITO,2022-02-07T15:48:10,1005.53
2424,0003,CAIXA,JULIA,DEPOSITO,2022-02-07T10:18:27,1262.79
2424,0007,CAIXA,MARCOS,DEPOSITO,2022-02-02T01:05:30,719.63
9279,0005,ITAU,SANDRA,DEPOSITO,2022-02-10T06:38:29,189.22
4657,0004,ITAU,PEDRO,DEPOSITO,2022-02-06T05:24:40,198.02
4657,0002,SANTANDER,ANA,SAQUE,2022-02-09T21:52:42,486.43
2679,0008,ITAU,JULIA,SAQUE,2022-02-04T10:32:37,832.56
7912,0009,CAIXA,SANDRA,SAQUE,2022-02-02T21:40:51,177.65
4657,0000,CAIXA,SANDRA,DEPOSITO,2022-02-07T21:59:16,1388.14
9279,0009,CAIXA,MARIA,SAQUE,2022-02-09T00:48:54,403.56
7912,0009,CAIXA,MARCOS,DEPOSITO,2022-02-05T23:28:08,266.58
1488,0007,CAIXA,CARLOS,DEPOSITO,2022-02-05T02:38:56,599.73
5506,0000,SANTANDER,MARCOS,SAQUE,2022-02-01T07:59:15,1346.58
4657,0006,ITAU,JOAO,SAQUE,2022-02-09T09:34:19,1288.77
2824,0004,CAIXA,JOAO,SAQUE,2022-02-04T23:33:14,1163.31
9279,0003,SANTANDER,FELIPE,DEPOSITO,2022-02-06T00:41:29,668.16
2679,0004,ITAU,LUCIA,DEPOSITO,2022-02-09T16:46:17,107.77
4582,0006,ITAU,JULIA,DEPOSITO,2022-02-03T12:33:37,268.87
1488,0000,SANTANDER,MARCOS,DEPOSITO,2022-02-09T15:20:02,1377.87
4582,0006,SANTANDER,MARCOS,SAQUE,2022-02-02T14:10:30,956.76
1434,0003,SANTANDER,MARCOS,SAQUE,2022-02-06T20:19:35,274.60
4657,0000,ITAU,MARIA,DEPOSITO,2022-02-04T05:26:04,1258.10
1488,0006,CAIXA,CARLOS,DEPOSITO,2022-02-08T00:46:36,252.73
2679,0007,CAIXA,PEDRO,DEPOSITO,2022-02-06T01:22:19,410.93
7912,0009,ITAU,LUCIA,SAQUE,2022-02-08T22:39:18,1368.16
2824,0004,SANTANDER,PEDRO,SAQUE,2022-02-04T19:03:57,916.43
2824,0003,CAIXA,MARIA,SAQUE,2022-02-06T18:01:48,385.48
5506,0003,CAIXA,CARLOS,DEPOSITO,2022-02-09T03:01:10,20.95
9279,0002,SANTANDER,SANDRA,SAQUE,2022-02-02T09:34:55,454.73
2824,0006,ITAU,JOAO,SAQUE,2022-02-04T06:09:32,1293.62
2424,0001,CAIXA,JULIA,DEPOSITO,2022-02-08T08:52:00,1350.53
2824,0004,SANTANDER,ANA,DEPOSITO,2022-02-04T16:11:43,986.55
1488,0001,CAIXA,CARLOS,DEPOSITO,2022-02-08T00:42:49,878.71
5506,0003,SANTANDER,PEDRO,SAQUE,2022-02-09T05:47:25,1360.72
7912,0000,CAIXA,ANA,DEPOSITO,2022-02-06T19:13:09,447.74
4657,0006,SANTANDER,JULIA,DEPOSITO,2022-02-05T03:51:16,1420.92
5506,0000,CAIXA,PEDRO,SAQUE,2022-02-05T02:35:51,636.50
4582,0009,CAIXA,JOAO,SAQUE,2022-02-06T19:08:53,1278.31
2679,0002,CAIXA,SANDRA,DEPOSITO,2022-02-03T10:45:33,713.61
7912,0006,SANTANDER,CARLOS,SAQUE,2022-02-02T22:00:42,625.53
7912,0002,SANTANDER,CARLOS,SAQUE,2022-02-09T18:32:52,223.40
4582,0008,SANTANDER,MARIA,DEPOSITO,2022-02-01T18:59:31,476.99
9279,0002,ITAU,PEDRO,DEPOSITO,2022-02-03T00:14:31,868.66
2424,0008,SANTANDER,SANDRA,SAQUE,2022-02-05T23:35:28,953.90
5506,0007,SANTANDER,LUCIA,DEPOSITO,2022-02-09T22:54:51,805.34
1488,0006,CAIXA,JULIA,DEPOSITO,2022-02-01T03:17:44,36.70
2679,0009,SANTANDER,MARIA,SAQUE,2022-02-05T17:48:41,202.11
2824,0008,CAIXA,ANA,DEPOSITO,2022-02-04T16:57:07,1237.53
7912,0001,SANTANDER,JULIA,SAQUE,2022-02-09T10:08:01,656.16
4582,0006,ITAU,MARIA,DEPOSITO,2022-02-05T23:35:26,255.68
2679,0005,ITAU,ANA,DEPOSITO,2022-02-08T05:51:17,1103.77
2824,0003,CAIXA,MARIA,DEPOSITO,2022-02-08T20:36:05,569.04
4582,0007,CAIXA,LUCIA,DEPOSITO,2022-02-09T00:27:35,996.34
2679,0000,SANTANDER,FELIPE,SAQUE,2022-02-02T14:05:38,672.03
4582,0000,SANTANDER,ANA,DEPOSITO,2022-02-08T17:41:09,1045.84
7912,0004,ITAU,FELIPE,SAQUE,2022-02-09T14:11:44,937.97
4657,0008,ITAU,JULIA,DEPOSITO,2022-02-10T14:40:20,431.23
1488,0001,CAIXA,SANDRA,DEPOSITO,2022-02-07T10:28:18,1169.16
9279,0006,CAIXA,CARLOS,SAQUE,2022-02-07T17:45:05,248.96
4657,0002,CAIXA,MARCOS,SAQUE,2022-02-01T05:48:28,359.41
2679,0002,CAIXA,MARCOS,DEPOSITO,2022-02-10T13:08:52,1424.67
2824,0000,SANTANDER,FELIPE,SAQUE,2022-02-06T15:07:58,970.06
2824,0001,CAIXA,LUCIA,DEPOSITO,2022-02-01T13:35:00,1221.64
4582,0007,ITAU,MARIA,SAQUE,2022-02-02T05:45:53,1110.42
1434,0000,CAIXA,ANA,SAQUE,2022-02-06T09:35:16,542.72
4657,0004,SANTANDER,FELIPE,SAQUE,2022-02-03T07:21:32,1224.30
9279,0004,CAIXA,MARCOS,SAQUE,2022-02-09T11:02:35,1255.21
4582,0005,ITAU,ANA,DEPOSITO,2022-02-09T21:40:37,207.44
9279,0005,CAIXA,CARLOS,SAQUE,2022-02-09T07:41:26,1205.37
7912,0008,SANTANDER,CARLOS,SAQUE,2022-02-09T09:27:32,920.92
2824,0001,ITAU,FELIPE,SAQUE,2022-02-01T20:32:32,666.62
5506,0003,CAIXA,JULIA,DEPOSITO,2022-02-09T05:12:02,1467.06
1488,0008,SANTANDER,SANDRA,DEPOSITO,2022-02-09T21:44:49,654.94
1434,0007,ITAU,CARLOS,DEPOSITO,2022-02-07T20:43:26,1260.16
4657,0008,SANTANDER,ANA,SAQUE,2022-02-03T02:16:18,1279.29
2679,0006,CAIXA,PEDRO,SAQUE,2022-02-01T16:45:36,1455.52
9279,0008,CAIXA,CARLOS,SAQUE,2022-02-02T01:03:19,1227.48
5506,0002,SANTANDER,MARCOS,DEPOSITO,2022-02-06T12:18:44,1286.32
2679,0003,ITAU,LUCIA,DEPOSITO,2022-02-01T12:31:52,611.13
1488,0008,SANTANDER,FELIPE,SAQUE,2022-02-07T21:53:08,1336.27
5506,0003,CAIXA,MARIA,DEPOSITO,2022-02-06T14:27:55,1226.72
9279,0002,ITAU,SANDRA,SAQUE,2022-02-05T11:54:41,1077.82
2824,0003,CAIXA,PEDRO,DEPOSITO,2022-02-08T18:39:41,518.62
9279,0005,CAIXA,MARIA,DEPOSITO,2022-02-03T01:54:29,78.21
1488,0002,SANTANDER,CARLOS,DEPOSITO,2022-02-03T11:09:38,388.89
5506,0002,SANTANDER,PEDRO,SAQUE,2022-02-03T09:36:16,1238.59
9279,0009,CAIXA,LUCIA,DEPOSITO,2022-02-06T13:18:48,1160.50
4582,0003,SANTANDER,ANA,SAQUE,2022-02-10T00:31:56,16.46
7912,0009,ITAU,SANDRA,SAQUE,2022-02-10T13:36:03,1387.31
1434,0001,CAIXA,ANA,DEPOSITO,2022-02-08T09:00:58,587.23
1488,0000,SANTANDER,CARLOS,SAQUE,2022-02-09T11:48:15,1469.46
7912,0004,CAIXA,MARIA,SAQUE,2022-02-02T16:56:30,684.74
5506,0003,CAIXA,JULIA,SAQUE,2022-02-07T17:39:16,1266.18
2824,0001,CAIXA,PEDRO,DEPOSITO,2022-02-09T18:10:26,322.47
5506,0002,SANTANDER,ANA,DEPOSITO,2022-02-09T12:19:38,760.80
2424,0003,SANTANDER,JULIA,SAQUE,2022-02-09T04:25:05,878.38
2424,0005,ITAU,CARLOS,DEPOSITO,2022-02-01T09:27:19,788.87
7912,0000,CAIXA,LUCIA,DEPOSITO,2022-02-10T14:53:50,407.80
2824,0006,CAIXA,JOAO,DEPOSITO,2022-02-09T11:14:41,1260.68
1434,0003,ITAU,LUCIA,SAQUE,2022-02-02T07:56:38,1222.90
2824,0007,SANTANDER,JULIA,SAQUE,2022-02-10T14:32:25,364.02
5506,0003,ITAU,CARLOS,SAQUE,2022-02-09T09:39:30,1435.49
9279,0006,CAIXA,LUCIA,SAQUE,2022-02-10T13:33:19,312.60
2824,0008,ITAU,MARIA,DEPOSITO,2022-02-03T10:27:17,1166.46
2679,0002,SANTANDER,FELIPE,DEPOSITO,2022-02-10T00:12:06,1444.09
7912,0005,CAIXA,LUCIA,SAQUE,2022-02-04T07:03:35,425.88
7912,0007,ITAU,JOAO,DEPOSITO,2022-02-09T16:48:23,502.54
1434,0000,SANTANDER,MARIA,DEPOSITO,2022-02-08T16:14:44,1162.75
5506,0003,ITAU,SANDRA,SAQUE,2022-02-09T16:13:17,118.59
2424,0003,CAIXA,ANA,DEPOSITO,2022-02-03T00:30:52,1181.52
5506,0001,SANTANDER,CARLOS,DEPOSITO,2022-02-03T16:14:17,530.61
2679,0008,CAIXA,JOAO,DEPOSITO,2022-02-08T14:10:54,1425.96
1488,0009,CAIXA,LUCIA,DEPOSITO,2022-02-06T11:54:15,1006.72
2424,0002,SANTANDER,PEDRO,DEPOSITO,2022-02-04T23:34:26,1027.00
5506,0003,CAIXA,JOAO,SAQUE,2022-02-07T08:38:35,46.81
1488,0001,CAIXA,MARCOS,SAQUE,2022-02-08T23:51:56,75.34
2679,0003,ITAU,FELIPE,DEPOSITO,2022-02-10T11:20:23,259.42
1488,0004,ITAU,FELIPE,DEPOSITO,2022-02-10T11:24:59,1008.80
7912,0007,SANTANDER,PEDRO,SAQUE,2022-02-01T23:06:03,973.38
7912,0000,CAIXA,MARIA,DEPOSITO,2022-02-01T17:54:04,140.41
2424,0008,CAIXA,FELIPE,DEPOSITO,2022-02-06T00:49:33,1367.37
4657,0003,ITAU,CARLOS,SAQUE,2022-02-05T19:32:42,481.44
4582,0002,SANTANDER,SANDRA,DEPOSITO,2022-02-08T04:39:54,1136.38
2824,0009,ITAU,JULIA,DEPOSITO,2022-02-09T09:52:15,441.86
4582,0008,ITAU,JOAO,SAQUE,2022-02-09T02:32:38,578.31
2679,0000,CAIXA,JULIA,DEPOSITO,2022-02-05T19:58:45,213.21
5506,0007,CAIXA,ANA,SAQUE,2022-02-10T17:39:35,1019.16
1434,0009,SANTANDER,JULIA,DEPOSITO,2022-02-01T03:33:34,193.62
5506,0006,SANTANDER,JULIA,DEPOSITO,2022-02-10T04:03:05,463.99
1434,0000,ITAU,JULIA,DEPOSITO,2022-02-03T18:24:12,249.82
4582,0003,SANTANDER,FELIPE,DEPOSITO,2022-02-07T23:19:49,1009.76
2824,0002,ITAU,JULIA,DEPOSITO,2022-02-01T21:42:54,443.07
7912,0006,ITAU,SANDRA,SAQUE,2022-02-05T10:07:06,1427.79
9279,0008,SANTANDER,JOAO,DEPOSITO,2022-02-04T22:39:22,1351.18
1434,0009,SANTANDER,SANDRA,SAQUE,2022-02-02T22:28:57,1043.25
1488,0006,CAIXA,MARIA,SAQUE,2022-02-04T21:19:29,261.27
5506,0008,SANTANDER,CARLOS,SAQUE,2022-02-02T17:12:49,1261.76
2679,0002,ITAU,MARCOS,SAQUE,2022-02-06T23:56:06,1164.40
2679,0006,SANTANDER,SANDRA,DEPOSITO,2022-02-02T18:52:22,1264.27
4582,0009,CAIXA,FELIPE,DEPOSITO,2022-02-07T05:49:15,1339.24
2824,0003,CAIXA,CARLOS,DEPOSITO,2022-02-07T18:45:28,1360.39
1434,0000,ITAU,MARCOS,DEPOSITO,2022-02-03T19:08:13,555.07
4582,0006,CAIXA,MARCOS,DEPOSITO,2022-02-07T04:21:40,601.21
1434,0009,CAIXA,ANA,DEPOSITO,2022-02-03T06:16:27,674.87
1488,0008,ITAU,ANA,SAQUE,2022-02-01T13:52:03,1409.37
1488,0003,SANTANDER,FELIPE,SAQUE,2022-02-01T14:33:47,560.46
4582,0001,ITAU,CARLOS,SAQUE,2022-02-01T15:37:13,1377.67
1434,0003,CAIXA,JULIA,SAQUE,2022-02-04T06:47:26,1253.96
1434,0002,CAIXA,ANA,SAQUE,2022-02-05T12:29:41,983.98
2679,0004,SANTANDER,JOAO,SAQUE,2022-02-03T19:01:06,1459.28
4582,0003,ITAU,MARIA,SAQUE,2022-02-08T10:05:01,1191.06
2824,0006,ITAU,MARCOS,DEPOSITO,2022-02-07T07:57:55,352.69
4657,0006,SANTANDER,ANA,DEPOSITO,2022-02-09T19:01:26,549.71
9279,0006,CAIXA,MARIA,DEPOSITO,2022-02-06T21:33:33,727.46
7912,0009,CAIXA,ANA,SAQUE,2022-02-01T14:39:40,43.44
1434,0005,ITAU,ANA,DEPOSITO,2022-02-01T13:30:34,948.02
2424,0009,CAIXA,ANA,SAQUE,2022-02-07T08:34:37,1384.45
9279,0009,SANTANDER,LUCIA,SAQUE,2022-02-03T17:10:54,1421.41
1434,0005,CAIXA,MARCOS,DEPOSITO,2022-02-06T01:44:20,336.85
5506,0008,CAIXA,ANA,SAQUE,2022-02-09T09:47:14,259.91
7912,0002,ITAU,SANDRA,DEPOSITO,2022-02-05T18:22:06,352.42
4657,0005,SANTANDER,PEDRO,SAQUE,2022-02-08T10:27:44,1241.51
2679,0002,ITAU,SANDRA,DEPOSITO,2022-02-07T12:53:04,1317.85
4582,0004,CAIXA,MARCOS,DEPOSITO,2022-02-07T15:10:22,1353.96
2679,0004,ITAU,CARLOS,SAQUE,2022-02-09T13:17:51,1313.49
1434,0002,SANTANDER,MARCOS,SAQUE,2022-02-10T02:02:27,532.27
4657,0000,CAIXA,ANA,SAQUE,2022-02-03T21:49:07,720.94
4582,0009,CAIXA,JULIA,SAQUE,2022-02-01T03:41:15,394.13
5506,0004,SANTANDER,FELIPE,DEPOSITO,2022-02-03T13:55:37,568.79
2824,0000,CAIXA,FELIPE,DEPOSITO,2022-02-08T04:35:45,644.85
2424,0006,SANTANDER,CARLOS,SAQUE,2022-02-09T08:20:06,921.70
2679,0008,SANTANDER,JULIA,SAQUE,2022-02-07T20:56:32,276.29
7912,0002,CAIXA,JOAO,SAQUE,2022-02-05T22:03:29,1163.55
4657,0006,CAIXA,PEDRO,SAQUE,2022-02-03T01:13:14,1176.83
4582,0005,SANTANDER,CARLOS,SAQUE,2022-02-08T12:56:32,1203.27
1434,0004,ITAU,LUCIA,DEPOSITO,2022-02-06T19:28:40,1236.65
1434,0007,CAIXA,FELIPE,SAQUE,2022-02-02T01:24:27,340.44
2824,0009,ITAU,CARLOS,SAQUE,2022-02-07T09:50:53,924.81
2679,0000,ITAU,ANA,SAQUE,2022-02-03T12:50:45,664.07
4582,0001,ITAU,LUCIA,DEPOSITO,2022-02-09T06:25:05,926.63
2424,0001,CAIXA,LUCIA,DEPOSITO,2022-02-04T10:28:00,139.40
4582,0002,ITAU,CARLOS,SAQUE,2022-02-07T08:53:52,883.26
1434,0001,SANTANDER,JULIA,SAQUE,2022-02-07T20:56:53,1091.95
9279,0004,CAIXA,JOAO,DEPOSITO,2022-02-03T10:45:14,913.48
4657,0003,ITAU,LUCIA,SAQUE,2022-02-07T05:32:49,270.80
2679,0000,CAIXA,JULIA,SAQUE,2022-02-02T12:10:32,516.55
1434,0008,ITAU,SANDRA,SAQUE,2022-02-05T15:55:37,1044.35
4582,0008,ITAU,MARIA,SAQUE,2022-02-08T05:01:12,1025.58
1488,0006,SANTANDER,JOAO,DEPOSITO,2022-02-10T15:48:25,580.18
2824,0006,SANTANDER,CARLOS,SAQUE,2022-02-01T04:55:35,779.59
4657,0003,ITAU,FELIPE,SAQUE,2022-02-05T05:42:25,1013.81
2824,0005,CAIXA,MARCOS,SAQUE,2022-02-08T01:12:01,536.77
1488,0000,ITAU,PEDRO,SAQUE,2022-02-03T22:30:09,1108.30
5506,0005,ITAU,PEDRO,DEPOSITO,2022-02-08T14:16:25,1254.06
9279,0009,ITAU,FELIPE,DEPOSITO,2022-02-09T03:19:50,1016.96
1434,0001,SANTANDER,JULIA,DEPOSITO,2022-02-05T14:12:47,1273.54
2679,0000,SANTANDER,SANDRA,SAQUE,2022-02-10T08:42:07,741.30
2424,0008,CAIXA,PEDRO,DEPOSITO,2022-02-10T18:53:55,90.68
7912,0008,ITAU,LUCIA,SAQUE,2022-02-09T10:00:18,596.64
4582,0006,SANTANDER,JULIA,SAQUE,2022-02-01T04:32:47,480.32
2824,0005,CAIXA,SANDRA,DEPOSITO,2022-02-08T12:34:44,494.90
5506,0001,ITAU,JOAO,DEPOSITO,2022-02-08T12:40:05,411.42
5506,0001,SANTANDER,MARCOS,SAQUE,2022-02-09T14:11:30,323.69
1434,0006,ITAU,JOAO,SAQUE,2022-02-02T16:17:29,278.03
1488,0005,CAIXA,JOAO,DEPOSITO,2022-02-05T17:02:05,837.46
2424,0008,ITAU,ANA,SAQUE,2022-02-03T05:32:06,1210.45
2824,0003,CAIXA,JULIA,SAQUE,2022-02-04T17:29:08,1180.15
4582,0006,SANTANDER,LUCIA,SAQUE,2022-02-03T01:40:16,157.47
2824,0001,SANTANDER,MARCOS,DEPOSITO,2022-02-05T03:34:12,680.28
4657,0001,CAIXA,JULIA,SAQUE,2022-02-06T02:01:42,522.77
2679,0005,SANTANDER,SANDRA,DEPOSITO,2022-02-08T23:22:53,869.51
9279,0002,SANTANDER,MARIA,SAQUE,2022-02-07T00:05:14,1013.06
7912,0001,SANTANDER,SANDRA,SAQUE,2022-02-02T20:17:04,700.99
4657,0005,SANTANDER,SANDRA,SAQUE,2022-02-01T22:52:29,1274.86
2824,0009,CAIXA,PEDRO,SAQUE,2022-02-04T14:57:29,482.15
5506,0009,CAIXA,CARLOS,SAQUE,2022-02-10T13:34:10,1332.66
7912,0006,CAIXA,MARCOS,SAQUE,2022-02-01T08:49:23,259.30
4657,0002,ITAU,JOAO,DEPOSITO,2022-02-05T21:44:32,323.75
2679,0002,ITAU,MARCOS,DEPOSITO,2022-02-05T21:43:57,49.28
2824,0006,ITAU,JOAO,DEPOSITO,2022-02-05T19:38:43,135.62
2679,0005,ITAU,JOAO,SAQUE,2022-02-02T16:19:54,943.46
9279,0008,CAIXA,LUCIA,SAQUE,2022-02-05T00:48:58,1291.95
2679,0005,CAIXA,JOAO,SAQUE,2022-02-09T13:17:30,211.32
1434,0004,CAIXA,SANDRA,SAQUE,2022-02-08T19:17:58,950.26
2679,0006,ITAU,JULIA,SAQUE,2022-02-06T22:23:08,1364.30
7912,0000,ITAU,MARCOS,SAQUE,2022-02-04T05:46:07,555.02
2679,0007,CAIXA,LUCIA,DEPOSITO,2022-02-06T18:45:29,522.39
2424,0000,CAIXA,MARCOS,SAQUE,2022-02-10T09:10:12,456.42
2424,0003,SANTANDER,PEDRO,DEPOSITO,2022-02-03T09:01:11,826.84
2424,0004,ITAU,CARLOS,DEPOSITO,2022-02-10T00:47:44,253.27
2679,0009,CAIXA,JOAO,DEPOSITO,2022-02-03T23:52:18,639.14
2824,0004,ITAU,JOAO,SAQUE,2022-02-07T13:02:03,976.20
9279,0009,SANTANDER,FELIPE,DEPOSITO,2022-02-02T10:14:17,213.57
7912,0007,CAIXA,JOAO,SAQUE,2022-02-01T07:44:37,289.81
2824,0005,CAIXA,LUCIA,DEPOSITO,2022-02-04T12:15:58,1458.78
4582,0008,ITAU,MARCOS,DEPOSITO,2022-02-02T21:59:03,356.89
9279,0001,SANTANDER,MARIA,SAQUE,2022-02-10T18:57:17,474.25
7912,0007,SANTANDER,LUCIA,SAQUE,2022-02-10T04:42:49,129.53
1488,0000,SANTANDER,CARLOS,DEPOSITO,2022-02-03T06:59:25,819.36
1488,0004,SANTANDER,LUCIA,DEPOSITO,2022-02-09T18:15:38,1462.15
4657,0003,CAIXA,PEDRO,DEPOSITO,2022-02-10T00:16:21,306.78
5506,0005,CAIXA,PEDRO,SAQUE,2022-02-04T21:00:10,589.79
2824,0006,SANTANDER,LUCIA,DEPOSITO,2022-02-08T20:04:36,387.44
2424,0001,ITAU,LUCIA,DEPOSITO,2022-02-03T22:49:28,1460.18
1488,0007,ITAU,ANA,SAQUE,2022-02-05T21:22:55,881.20
5506,0002,ITAU,SANDRA,SAQUE,2022-02-02T23:14:20,1035.73
5506,0007,ITAU,ANA,SAQUE,2022-02-08T14:17:16,146.19
4657,0005,SANTANDER,MARIA,DEPOSITO,2022-02-10T16:37:32,1054.98
5506,0008,CAIXA,PEDRO,SAQUE,2022-02-10T15:46:47,1472.70
7912,0000,ITAU,PEDRO,DEPOSITO,2022-02-05T10:25:05,1036.98
9279,0006,CAIXA,MARCOS,SAQUE,2022-02-07T16:10:37,842.95
2824,0009,CAIXA,ANA,SAQUE,2022-02-06T18:31:27,492.28
2824,0000,CAIXA,ANA,DEPOSITO,2022-02-06T12:59:13,801.39
2679,0004,CAIXA,MARIA,SAQUE,2022-02-08T19:55:58,11.07
1434,0006,SANTANDER,ANA,DEPOSITO,2022-02-05T12:08:20,933.40
9279,0003,ITAU,FELIPE,SAQUE,2022-02-09T09:05:52,292.91
5506,0002,ITAU,SANDRA,SAQUE,2022-02-08T20:46:16,490.67
7912,0007,ITAU,JULIA,DEPOSITO,2022-02-02T15:53:38,75.23
1434,0004,CAIXA,FELIPE,SAQUE,2022-02-01T11:21:42,295.51
1434,0002,ITAU,MARCOS,SAQUE,2022-02-03T18:23:04,83.14
9279,0007,SANTANDER,PEDRO,SAQUE,2022-02-02T01:23:00,1393.32
4582,0009,SANTANDER,JULIA,SAQUE,2022-02-10T17:26:11,1234.82
4657,0006,CAIXA,JULIA,DEPOSITO,2022-02-04T18:36:47,1104.11
2424,0006,ITAU,FELIPE,DEPOSITO,2022-02-07T12:57:07,1090.51
2679,0003,SANTANDER,JULIA,DEPOSITO,2022-02-03T06:12:08,859.34
2424,0002,ITAU,FELIPE,SAQUE,2022-02-09T14:43:37,1014.99
7912,0003,CAIXA,ANA,SAQUE,2022-02-09T01:36:52,761.99
5506,0001,SANTANDER,MARCOS,SAQUE,2022-02-07T18:19:02,1354.70
2679,0006,SANTANDER,CARLOS,SAQUE,2022-02-07T22:07:20,916.54
9279,0004,ITAU,JULIA,SAQUE,2022-02-06T13:51:59,546.41
7912,0000,ITAU,LUCIA,SAQUE,2022-02-07T08:51:32,897.69
4582,0000,CAIXA,JOAO,DEPOSITO,2022-02-04T21:49:01,330.09
5506,0005,ITAU,JULIA,DEPOSITO,2022-02-06T16:11:12,150.49
1488,0000,SANTANDER,JOAO,SAQUE,2022-02-04T02:52:13,1335.54
4657,0001,SANTANDER,FELIPE,SAQUE,2022-02-03T17:25:39,857.91
1434,0002,CAIXA,ANA,SAQUE,2022-02-09T10:57:12,1240.30
2424,0002,ITAU,JOAO,DEPOSITO,2022-02-08T01:56:57,1098.88
2424,0002,ITAU,MARIA,SAQUE,2022-02-06T08:35:41,1320.89
2424,0007,SANTANDER,SANDRA,DEPOSITO,2022-02-08T18:14:03,954.49
7912,0001,CAIXA,JULIA,DEPOSITO,2022-02-07T22:38:14,485.78
2424,0008,CAIXA,PEDRO,DEPOSITO,2022-02-09T23:10:55,85.27
2424,0005,ITAU,SANDRA,DEPOSITO,2022-02-04T14:29:59,340.91
4582,0003,SANTANDER,MARIA,DEPOSITO,2022-02-10T03:10:59,719.02
7912,0005,SANTANDER,JOAO,DEPOSITO,2022-02-06T08:38:56,603.81
1434,0006,CAIXA,JULIA,DEPOSITO,2022-02-09T00:04:32,736.91
2424,0001,CAIXA,SANDRA,DEPOSITO,2022-02-04T07:38:50,371.05
2424,0001,SANTANDER,SANDRA,DEPOSITO,2022-02-06T02:33:32,177.67
4582,0000,ITAU,PEDRO,SAQUE,2022-02-09T00:59:47,523.34
4582,0006,ITAU,MARIA,SAQUE,2022-02-06T10:23:19,938.54
4657,0007,ITAU,MARIA,DEPOSITO,2022-02-02T03:05:22,1139.02
4582,0001,CAIXA,SANDRA,DEPOSITO,2022-02-04T13:53:19,1304.44
5506,0006,CAIXA,FELIPE,SAQUE,2022-02-01T08:43:13,680.59
2824,0003,SANTANDER,JULIA,DEPOSITO,2022-02-07T10:30:24,313.66
4582,0004,CAIXA,SANDRA,DEPOSITO,2022-02-09T04:44:22,1045.66
2824,0006,CAIXA,JULIA,DEPOSITO,2022-02-01T19:36:09,390.63
4582,0002,SANTANDER,SANDRA,SAQUE,2022-02-09T00:48:23,89.10
2824,0004,ITAU,JOAO,SAQUE,2022-02-01T07:39:05,1297.78
1434,0003,ITAU,CARLOS,DEPOSITO,2022-02-06T23:15:45,1356.77
2679,0007,ITAU,ANA,DEPOSITO,2022-02-06T15:29:33,755.97
7912,0007,SANTANDER,PEDRO,SAQUE,2022-02-05T20:40:49,507.02
2679,0000,ITAU,MARIA,SAQUE,2022-02-03T22:53:38,941.59
2679,0000,ITAU,JOAO,SAQUE,2022-02-01T10:40:37,1336.70
7912,0002,CAIXA,ANA,SAQUE,2022-02-09T01:26:22,1346.79
7912,0004,SANTANDER,CARLOS,DEPOSITO,2022-02-08T00:57:47,631.83
1488,0005,CAIXA,SANDRA,SAQUE,2022-02-02T16:28:33,679.26
2679,0005,SANTANDER,JULIA,DEPOSITO,2022-02-04T20:05:48,1295.26
2679,0002,ITAU,ANA,DEPOSITO,2022-02-07T20:25:53,483.07
5506,0004,SANTANDER,MARIA,DEPOSITO,2022-02-10T09:02:36,1093.35
2824,0005,ITAU,JOAO,SAQUE,2022-02-08T19:35:22,1120.96
1434,0009,SANTANDER,FELIPE,DEPOSITO,2022-02-10T08:10:24,285.27
4582,0001,ITAU,SANDRA,DEPOSITO,2022-02-03T21:21:09,898.58
9279,0001,ITAU,MARCOS,DEPOSITO,2022-02-08T10:13:46,758.46
1488,0006,ITAU,CARLOS,SAQUE,2022-02-03T01:48:02,716.03
1488,0006,ITAU,CARLOS,DEPOSITO,2022-02-06T02:24:08,1388.90
1434,0008,CAIXA,FELIPE,DEPOSITO,2022-02-06T10:02:43,1391.38
2424,0007,CAIXA,MARIA,SAQUE,2022-02-06T06:37:44,1332.50
1434,0009,CAIXA,CARLOS,SAQUE,2022-02-10T02:21:13,597.28
9279,0007,ITAU,JULIA,DEPOSITO,2022-02-06T13:38:06,785.77
2679,0004,CAIXA,JULIA,SAQUE,2022-02-01T13:31:38,1475.91
2824,0000,SANTANDER,LUCIA,DEPOSITO,2022-02-05T22:01:55,443.86
2679,0005,SANTANDER,ANA,SAQUE,2022-02-01T17:58:56,448.69
7912,0009,CAIXA,MARCOS,DEPOSITO,2022-02-02T11:03:29,1086.74
9279,0007,ITAU,JULIA,DEPOSITO,2022-02-05T00:18:33,595.67
2824,0001,CAIXA,MARCOS,DEPOSITO,2022-02-02T04:21:40,1325.00
9279,0001,ITAU,ANA,DEPOSITO,2022-02-09T15:47:52,145.87
1434,0005,SANTANDER,JULIA,SAQUE,2022-02-07T07:07:41,1093.04
5506,0009,CAIXA,JULIA,SAQUE,2022-02-03T03:52:05,75.42
4582,0004,SANTANDER,ANA,DEPOSITO,2022-02-03T06:11:35,1304.54
4657,0005,ITAU,JOAO,SAQUE,2022-02-03T06:43:33,440.28
9279,0003,ITAU,LUCIA,SAQUE,2022-02-07T03:02:20,28.19
9279,0008,SANTANDER,SANDRA,SAQUE,2022-02-08T05:36:46,364.44
1488,0003,SANTANDER,MARCOS,DEPOSITO,2022-02-01T04:00:32,905.81
4582,0001,ITAU,SANDRA,DEPOSITO,2022-02-02T21:16:37,82.89
2824,0001,ITAU,ANA,DEPOSITO,2022-02-08T09:48:50,1003.82
7912,0000,CAIXA,LUCIA,DEPOSITO,2022-02-03T06:00:46,631.27
1434,0001,ITAU,SANDRA,DEPOSITO,2022-02-10T04:21:14,1449.78
4657,0004,CAIXA,FELIPE,SAQUE,2022-02-05T16:28:06,491.00
2824,0001,CAIXA,FELIPE,SAQUE,2022-02-02T13:38:10,711.52
4582,0002,CAIXA,CARLOS,DEPOSITO,2022-02-08T12:22:04,1046.79
1434,0000,SANTANDER,JULIA,DEPOSITO,2022-02-09T10:40:46,730.66
1434,0001,ITAU,SANDRA,SAQUE,2022-02-08T01:37:00,396.89
9279,0008,ITAU,SANDRA,SAQUE,2022-02-08T18:08:10,784.36
4582,0002,ITAU,SANDRA,DEPOSITO,2022-02-03T10:28:17,1065.79
1434,0004,SANTANDER,MARCOS,DEPOSITO,2022-02-03T14:29:02,1108.83
1488,0007,CAIXA,LUCIA,SAQUE,2022-02-08T19:46:50,530.98
2824,0000,CAIXA,PEDRO,SAQUE,2022-02-01T21:51:11,389.08
5506,0001,SANTANDER,JULIA,SAQUE,2022-02-02T11:15:06,1152.88
5506,0001,CAIXA,SANDRA,DEPOSITO,2022-02-03T10:36:20,1249.74
7912,0008,ITAU,MARCOS,SAQUE,2022-02-08T22:09:15,1197.91
4582,0003,SANTANDER,MARCOS,SAQUE,2022-02-06T02:40:01,699.08
1488,0009,CAIXA,SANDRA,SAQUE,2022-02-01T07:32:47,837.21
2824,0007,SANTANDER,MARIA,SAQUE,2022-02-02T21:34:57,108.66
7912,0009,ITAU,CARLOS,DEPOSITO,2022-02-05T19:33:49,860.76
2424,0002,SANTANDER,JOAO,SAQUE,2022-02-04T09:10:25,1067.66
1488,0003,SANTANDER,PEDRO,SAQUE,2022-02-04T18:14:29,683.34
1488,0002,SANTANDER,ANA,DEPOSITO,2022-02-01T12:59:11,567.58
7912,0006,SANTANDER,JULIA,DEPOSITO,2022-02-07T03:44:44,1200.55
4657,0003,CAIXA,MARCOS,SAQUE,2022-02-02T19:49:55,1165.54
2424,0003,ITAU,ANA,DEPOSITO,2022-02-06T15:53:42,1089.61
1434,0002,SANTANDER,LUCIA,SAQUE,2022-02-09T10:12:46,1399.18
2824,0007,CAIXA,MARCOS,DEPOSITO,2022-02-10T09:15:38,163.62
2824,0000,CAIXA,JOAO,DEPOSITO,2022-02-03T10:10:38,488.11
7912,0005,SANTANDER,MARIA,SAQUE,2022-02-04T09:30:38,1009.97
2679,0002,ITAU,FELIPE,DEPOSITO,2022-02-07T21:05:50,1437.86
7912,0000,CAIXA,JULIA,SAQUE,2022-02-04T09:02:38,828.55
5506,0003,SANTANDER,PEDRO,DEPOSITO,2022-02-08T12:43:12,116.15
4582,0002,SANTANDER,LUCIA,DEPOSITO,2022-02-09T06:50:48,53.20
1434,0009,CAIXA,LUCIA,DEPOSITO,2022-02-03T06:13:37,645.43
2679,0002,SANTANDER,MARCOS,SAQUE,2022-02-03T11:48:32,475.54
9279,0002,SANTANDER,SANDRA,DEPOSITO,2022-02-09T13:34:34,148.45
7912,0009,SANTANDER,JOAO,SAQUE,2022-02-03T19:16:45,711.11
5506,0001,SANTANDER,MARIA,SAQUE,2022-02-09T03:50:32,283.20
5506,0008,SANTANDER,MARCOS,DEPOSITO,2022-02-02T10:58:30,107.39
1434,0005,CAIXA,ANA,SAQUE,2022-02-08T10:09:01,1154.23
4657,0001,CAIXA,FELIPE,SAQUE,2022-02-10T18:10:01,1228.15
1434,0004,ITAU,FELIPE,SAQUE,2022-02-05T22:50:26,803.79
2424,0002,SANTANDER,SANDRA,DEPOSITO,2022-02-06T22:35:46,826.44
1434,0001,CAIXA,PEDRO,SAQUE,2022-02-06T08:54:01,1178.63
1434,0008,ITAU,PEDRO,DEPOSITO,2022-02-02T00:46:58,997.29
9279,0005,SANTANDER,SANDRA,SAQUE,2022-02-02T06:32:17,494.81
1434,0004,SANTANDER,CARLOS,DEPOSITO,2022-02-09T09:45:47,901.41
1434,0007,ITAU,MARCOS,DEPOSITO,2022-02-02T18:33:24,144.89
1434,0009,SANTANDER,ANA,SAQUE,2022-02-05T19:41:06,801.57
2824,0009,CAIXA,PEDRO,DEPOSITO,2022-02-04T22:18:36,1025.46
4657,0009,ITAU,JOAO,SAQUE,2022-02-05T06:22:07,1079.51
4582,0001,CAIXA,SANDRA,SAQUE,2022-02-04T15:46:54,1272.98
4657,0000,ITAU,LUCIA,DEPOSITO,2022-02-05T10:43:55,1058.00
5506,0004,SANTANDER,PEDRO,SAQUE,2022-02-05T20:56:00,1056.31
7912,0008,ITAU,CARLOS,SAQUE,2022-02-09T03:03:28,822.23
2424,0005,SANTANDER,PEDRO,SAQUE,2022-02-05T11:02:09,1266.56
4582,0005,CAIXA,ANA,DEPOSITO,2022-02-08T22:57:05,27.29
4657,0005,CAIXA,MARCOS,SAQUE,2022-02-02T17:38:31,1462.71
1434,0004,CAIXA,CARLOS,SAQUE,2022-02-09T12:38:29,1341.44
9279,0004,SANTANDER,ANA,SAQUE,2022-02-07T18:53:26,769.03
1434,0008,CAIXA,PEDRO,DEPOSITO,2022-02-01T04:15:30,642.91
1434,0001,ITAU,PEDRO,SAQUE,2022-02-07T17:10:36,622.15
1434,0008,CAIXA,LUCIA,SAQUE,2022-02-02T11:03:21,1060.27
2824,0008,CAIXA,FELIPE,DEPOSITO,2022-02-07T11:25:18,1097.98
4657,0003,CAIXA,FELIPE,DEPOSITO,2022-02-08T17:47:17,375.39
4582,0008,SANTANDER,JOAO,DEPOSITO,2022-02-07T13:56:03,1356.34
2424,0001,SANTANDER,JULIA,SAQUE,2022-02-05T02:39:17,865.21
2824,0009,SANTANDER,JOAO,DEPOSITO,2022-02-08T08:10:07,62.64
4582,0000,CAIXA,LUCIA,SAQUE,2022-02-08T00:57:07,871.43
7912,0003,ITAU,SANDRA,DEPOSITO,2022-02-02T02:07:38,437.36
2824,0000,ITAU,JOAO,SAQUE,2022-02-04T11:56:00,207.48
7912,0008,SANTANDER,FELIPE,DEPOSITO,2022-02-10T01:20:03,1366.10
9279,0005,CAIXA,ANA,SAQUE,2022-02-03T22:53:29,1175.97
1434,0005,SANTANDER,LUCIA,SAQUE,2022-02-02T20:20:57,1476.27
7912,0006,CAIXA,CARLOS,SAQUE,2022-02-06T10:18:27,364.54
4657,0007,ITAU,MARIA,DEPOSITO,2022-02-10T06:08:42,966.97
2679,0006,SANTANDER,MARCOS,SAQUE,2022-02-06T20:49:01,719.59
2424,0007,SANTANDER,CARLOS,SAQUE,2022-02-07T12:35:48,401.31
4582,0002,CAIXA,MARCOS,SAQUE,2022-02-07T12:32:31,1020.96
2824,0001,SANTANDER,MARIA,SAQUE,2022-02-09T00:01:20,919.62
2424,0008,CAIXA,JOAO,DEPOSITO,2022-02-08T04:14:53,390.46
7912,0001,CAIXA,PEDRO,DEPOSITO,2022-02-09T07:29:38,784.73
2424,0002,CAIXA,LUCIA,DEPOSITO,2022-02-01T05:34:42,1249.22
2824,0000,ITAU,FELIPE,SAQUE,2022-02-09T21:20:20,533.76
1434,0006,CAIXA,LUCIA,DEPOSITO,2022-02-01T18:39:45,932.90
7912,0004,CAIXA,FELIPE,DEPOSITO,2022-02-08T10:13:19,138.72
7912,0000,SANTANDER,SANDRA,DEPOSITO,2022-02-09T12:43:05,1345.04
2424,0001,SANTANDER,MARCOS,DEPOSITO,2022-02-04T10:35:49,961.78
2424,0004,SANTANDER,ANA,DEPOSITO,2022-02-01T20:15:57,423.16
7912,0008,ITAU,LUCIA,SAQUE,2022-02-04T07:11:01,1433.85
9279,0002,ITAU,MARCOS,DEPOSITO,2022-02-03T06:04:10,919.35
4657,0008,CAIXA,JULIA,SAQUE,2022-02-08T21:28:48,335.40
1434,0000,SANTANDER,JOAO,DEPOSITO,2022-02-01T22:36:12,61.94
4582,0007,CAIXA,LUCIA,SAQUE,2022-02-08T20:36:20,231.79
2424,0009,ITAU,CARLOS,SAQUE,2022-02-05T02:09:52,235.90
4657,0003,ITAU,JULIA,SAQUE,2022-02-05T23:44:33,722.43
9279,0002,CAIXA,LUCIA,SAQUE,2022-02-10T13:14:10,1431.69
2424,0007,CAIXA,JULIA,SAQUE,2022-02-04T18:17:58,506.83
4657,0008,SANTANDER,FELIPE,SAQUE,2022-02-05T05:08:41,806.59
1488,0000,CAIXA,PEDRO,DEPOSITO,2022-02-05T17:59:24,836.17
9279,0002,CAIXA,CARLOS,DEPOSITO,2022-02-05T10:44:12,949.62
4582,0009,ITAU,MARCOS,DEPOSITO,2022-02-03T10:20:12,218.51
2824,0008,CAIXA,MARCOS,SAQUE,2022-02-07T15:32:29,103.86
5506,0007,SANTANDER,MARCOS,DEPOSITO,2022-02-01T18:25:17,65.19
2679,0008,CAIXA,FELIPE,DEPOSITO,2022-02-09T04:27:51,1212.58
4657,0007,CAIXA,JULIA,DEPOSITO,2022-02-03T21:57:23,1114.17
1434,0007,ITAU,ANA,SAQUE,2022-02-06T19:20:49,984.21
2824,0002,SANTANDER,ANA,DEPOSITO,2022-02-01T16:38:44,266.65
4657,0002,SANTANDER,SANDRA,DEPOSITO,2022-02-01T20:43:24,1254.67
2424,0001,CAIXA,SANDRA,DEPOSITO,2022-02-03T13:07:04,104.03
1434,0003,ITAU,CARLOS,SAQUE,2022-02-09T09:20:58,190.00
7912,0001,ITAU,MARIA,DEPOSITO,2022-02-08T06:50:34,1148.70
7912,0001,CAIXA,FELIPE,SAQUE,2022-02-06T03:01:00,220.44
4582,0005,ITAU,ANA,SAQUE,2022-02-08T03:36:36,373.03
9279,0002,ITAU,SANDRA,SAQUE,2022-02-01T06:38:49,1168.72
1434,0000,SANTANDER,LUCIA,DEPOSITO,2022-02-09T15:56:51,1389.94
2824,0003,SANTANDER,MARCOS,DEPOSITO,2022-02-08T20:27:25,317.18
4582,0009,ITAU,CARLOS,DEPOSITO,2022-02-08T11:55:35,1407.75
2824,0001,SANTANDER,MARCOS,DEPOSITO,2022-02-10T14:02:17,944.52
4657,0009,SANTANDER,LUCIA,DEPOSITO,2022-02-07T12:31:33,295.94
1488,0000,ITAU,JULIA,DEPOSITO,2022-02-08T16:33:55,701.68
9279,0008,ITAU,PEDRO,DEPOSITO,2022-02-09T09:41:10,1196.95
2824,0006,SANTANDER,ANA,DEPOSITO,2022-02-05T12:10:24,90.50
9279,0007,ITAU,JOAO,SAQUE,2022-02-10T06:59:48,929.06
9279,0003,ITAU,LUCIA,DEPOSITO,2022-02-01T10:33:37,245.49
1434,0001,SANTANDER,FELIPE,DEPOSITO,2022-02-08T06:43:57,1084.89
5506,0006,ITAU,PEDRO,SAQUE,2022-02-02T10:10:22,352.79
1488,0002,SANTANDER,PEDRO,SAQUE,2022-02-05T15:28:34,1306.13
7912,0006,CAIXA,SANDRA,SAQUE,2022-02-06T09:02:57,90.97
9279,0006,CAIXA,MARCOS,DEPOSITO,2022-02-02T17:49:30,587.12
4582,0009,ITAU,MARIA,SAQUE,2022-02-02T15:08:51,311.29
9279,0004,ITAU,JOAO,DEPOSITO,2022-02-06T17:41:28,175.55
7912,0009,ITAU,MARIA,DEPOSITO,2022-02-08T09:54:58,1330.75
9279,0006,CAIXA,SANDRA,DEPOSITO,2022-02-07T10:04:14,138.85
2424,0006,ITAU,MARCOS,SAQUE,2022-02-09T22:43:39,425.96
7912,0009,ITAU,MARIA,SAQUE,2022-02-08T06:27:37,873.41
2679,0007,SANTANDER,CARLOS,DEPOSITO,2022-02-06T19:10:55,69.69
4657,0008,SANTANDER,JULIA,SAQUE,2022-02-10T18:32:02,724.11
2424,0006,ITAU,PEDRO,DEPOSITO,2022-02-01T05:42:46,842.15
4582,0008,CAIXA,MARIA,SAQUE,2022-02-02T04:31:16,366.20
1434,0007,SANTANDER,JOAO,DEPOSITO,2022-02-08T00:13:47,1057.92
7912,0001,CAIXA,MARCOS,DEPOSITO,2022-02-06T00:09:51,1312.56
2424,0001,CAIXA,MARCOS,DEPOSITO,2022-02-01T22:41:12,1291.97
1434,0003,CAIXA,LUCIA,SAQUE,2022-02-04T08:40:34,644.59
4582,0003,CAIXA,PEDRO,DEPOSITO,2022-02-05T03:52:21,934.48
9279,0009,ITAU,MARIA,DEPOSITO,2022-02-05T12:34:49,175.34
4657,0003,CAIXA,MARIA,SAQUE,2022-02-07T20:51:14,271.15
2679,0002,CAIXA,PEDRO,DEPOSITO,2022-02-03T23:36:04,1472.06
1488,0001,SANTANDER,MARCOS,DEPOSITO,2022-02-10T07:43:06,1132.23
5506,0001,SANTANDER,JOAO,SAQUE,2022-02-01T20:33:07,422.95
2679,0000,SANTANDER,MARCOS,DEPOSITO,2022-02-07T13:01:22,710.54
4657,0006,SANTANDER,SANDRA,SAQUE,2022-02-09T12:00:37,1201.86
2824,0002,ITAU,FELIPE,DEPOSITO,2022-02-03T06:10:37,592.12
9279,0005,ITAU,ANA,SAQUE,2022-02-02T21:11:21,176.92
2679,0005,SANTANDER,JULIA,DEPOSITO,2022-02-09T08:51:31,446.82
4582,0000,ITAU,MARIA,SAQUE,2022-02-08T21:52:20,671.35
2679,0001,SANTANDER,FELIPE,DEPOSITO,2022-02-03T21:45:53,1308.97
5506,0008,CAIXA,SANDRA,SAQUE,2022-02-10T15:16:25,987.08
7912,0000,ITAU,JULIA,SAQUE,2022-02-07T23:19:06,692.43
4582,0005,SANTANDER,JOAO,DEPOSITO,2022-02-04T14:01:23,731.52
7912,0003,SANTANDER,JOAO,SAQUE,2022-02-08T14:17:00,1434.76
7912,0005,ITAU,ANA,DEPOSITO,2022-02-09T11:54:15,1260.60
7912,0008,SANTANDER,FELIPE,DEPOSITO,2022-02-08T01:26:13,1490.72
4582,0001,SANTANDER,MARIA,DEPOSITO,2022-02-09T16:03:44,315.68
2679,0000,ITAU,ANA,SAQUE,2022-02-03T01:27:15,678.16
7912,0008,SANTANDER,LUCIA,SAQUE,2022-02-10T09:56:29,1397.29
2679,0001,CAIXA,ANA,DEPOSITO,2022-02-07T17:10:15,1455.52
1434,0005,CAIXA,JOAO,SAQUE,2022-02-10T05:45:35,1345.01
9279,0007,ITAU,MARCOS,SAQUE,2022-02-09T23:12:00,1036.83
1434,0006,SANTANDER,JULIA,DEPOSITO,2022-02-05T23:04:39,469.04
1488,0009,CAIXA,MARIA,DEPOSITO,2022-02-08T11:13:52,496.29
2679,0008,CAIXA,PEDRO,SAQUE,2022-02-02T02:26:29,301.62
1434,0009,CAIXA,FELIPE,SAQUE,2022-02-04T22:38:53,299.73
2424,0001,SANTANDER,LUCIA,SAQUE,2022-02-09T18:38:02,602.36
2824,0008,CAIXA,MARIA,DEPOSITO,2022-02-05T08:26:02,434.13
2424,0008,SANTANDER,FELIPE,DEPOSITO,2022-02-06T11:28:58,1094.50
7912,0009,CAIXA,ANA,SAQUE,2022-02-06T02:44:13,1095.62
2679,0001,ITAU,FELIPE,DEPOSITO,2022-02-06T20:20:07,319.60
2824,0004,ITAU,SANDRA,SAQUE,2022-02-06T01:21:30,141.79
7912,0006,ITAU,JULIA,SAQUE,2022-02-10T06:04:30,1068.27
2824,0009,SANTANDER,CARLOS,SAQUE,2022-02-01T14:23:44,835.26
4582,0005,SANTANDER,MARCOS,SAQUE,2022-02-10T16:33:13,344.54
2824,0004,ITAU,JOAO,SAQUE,2022-02-09T04:03:20,195.02
2824,0008,ITAU,MARCOS,DEPOSITO,2022-02-10T08:50:05,52.38
2424,0000,CAIXA,SANDRA,SAQUE,2022-02-07T22:49:47,875.79
1434,0007,SANTANDER,MARCOS,DEPOSITO,2022-02-09T23:35:01,566.07
7912,0001,ITAU,ANA,DEPOSITO,2022-02-06T16:22:59,227.74
5506,0007,SANTANDER,LUCIA,SAQUE,2022-02-08T19:24:53,548.13
7912,0002,CAIXA,JOAO,DEPOSITO,2022-02-10T09:20:13,775.66
2824,0000,CAIXA,ANA,SAQUE,2022-02-09T09:36:20,1309.94
7912,0007,ITAU,MARIA,DEPOSITO,2022-02-05T08:30:50,806.29
2424,0001,ITAU,JULIA,SAQUE,2022-02-06T23:19:53,565.79
1488,0003,CAIXA,FELIPE,DEPOSITO,2022-02-03T18:29:54,240.29
4657,0005,ITAU,JULIA,DEPOSITO,2022-02-02T00:20:51,631.85
7912,0008,CAIXA,MARCOS,SAQUE,2022-02-05T11:42:00,474.24
4582,0002,ITAU,JULIA,SAQUE,2022-02-04T18:50:24,266.59
7912,0006,ITAU,ANA,DEPOSITO,2022-02-04T19:38:21,1035.19
4657,0002,ITAU,FELIPE,SAQUE,2022-02-10T14:27:34,1039.32
4582,0003,CAIXA,MARCOS,SAQUE,2022-02-02T09:29:54,73.35
4582,0002,SANTANDER,LUCIA,SAQUE,2022-02-04T03:47:22,187.19
1488,0009,ITAU,LUCIA,DEPOSITO,2022-02-08T09:22:44,1175.73
2824,0009,SANTANDER,ANA,SAQUE,2022-02-02T20:29:27,53.60
1434,0006,CAIXA,MARIA,DEPOSITO,2022-02-10T13:31:10,1284.16
4582,0003,ITAU,SANDRA,DEPOSITO,2022-02-08T02:29:17,157.67
2679,0007,CAIXA,PEDRO,SAQUE,2022-02-10T05:43:05,265.94
9279,0001,CAIXA,FELIPE,DEPOSITO,2022-02-09T16:14:36,1381.51
7912,0001,SANTANDER,SANDRA,DEPOSITO,2022-02-02T09:21:17,665.10
4657,0001,ITAU,CARLOS,DEPOSITO,2022-02-06T00:48:36,776.23
5506,0000,CAIXA,MARCOS,DEPOSITO,2022-02-07T02:30:40,784.39
2424,0000,SANTANDER,LUCIA,DEPOSITO,2022-02-02T11:48:03,498.89
1488,0003,SANTANDER,SANDRA,SAQUE,2022-02-06T11:24:21,1033.70
9279,0001,ITAU,JOAO,SAQUE,2022-02-01T22:22:10,291.29
9279,0003,CAIXA,LUCIA,SAQUE,2022-02-05T21:32:43,1011.42
1434,0002,CAIXA,FELIPE,DEPOSITO,2022-02-05T22:47:05,223.62
5506,0006,CAIXA,ANA,DEPOSITO,2022-02-03T12:04:57,551.93
9279,0000,CAIXA,CARLOS,DEPOSITO,2022-02-06T05:47:54,356.98
2424,0001,SANTANDER,SANDRA,SAQUE,2022-02-08T21:37:25,1136.89
2824,0005,SANTANDER,SANDRA,SAQUE,2022-02-07T07:03:16,1481.41
1488,0005,ITAU,FELIPE,DEPOSITO,2022-02-07T02:56:09,383.53
4582,0005,SANTANDER,FELIPE,DEPOSITO,2022-02-07T03:11:12,1247.17
1434,0002,ITAU,SANDRA,SAQUE,2022-02-08T15:15:19,237.58
2824,0008,SANTANDER,JULIA,SAQUE,2022-02-03T12:54:40,1191.17
2679,0007,ITAU,JULIA,SAQUE,2022-02-07T15:32:05,818.23
2424,0008,SANTANDER,CARLOS,DEPOSITO,2022-02-04T21:42:59,581.61
2824,0005,SANTANDER,LUCIA,DEPOSITO,2022-02-09T02:09:42,273.54
9279,0002,CAIXA,CARLOS,DEPOSITO,2022-02-05T19:25:20,475.56
2679,0007,SANTANDER,MARCOS,SAQUE,2022-02-02T23:37:23,719.11
1434,0001,SANTANDER,JOAO,SAQUE,2022-02-05T16:08:09,890.66
7912,0001,SANTANDER,MARIA,DEPOSITO,2022-02-01T15:14:10,51.94
5506,0004,ITAU,SANDRA,DEPOSITO,2022-02-08T16:11:00,1150.14
5506,0007,CAIXA,CARLOS,SAQUE,2022-02-06T02:04:39,1488.00
1434,0002,CAIXA,PEDRO,DEPOSITO,2022-02-04T21:00:00,359.59
4582,0003,SANTANDER,FELIPE,SAQUE,2022-02-03T03:32:46,180.56
1434,0003,SANTANDER,LUCIA,SAQUE,2022-02-06T05:08:55,990.07
4582,0001,SANTANDER,JOAO,DEPOSITO,2022-02-08T05:21:31,1046.98
9279,0002,CAIXA,SANDRA,SAQUE,2022-02-02T06:33:32,490.41
5506,0005,CAIXA,PEDRO,SAQUE,2022-02-10T08:53:19,750.13
9279,0002,CAIXA,JOAO,SAQUE,2022-02-03T12:51:39,1454.45
1434,0004,ITAU,PEDRO,SAQUE,2022-02-04T16:41:42,405.08
4657,0009,SANTANDER,SANDRA,DEPOSITO,2022-02-08T02:30:19,1079.38
9279,0004,ITAU,JOAO,DEPOSITO,2022-02-07T12:46:40,853.98
2679,0000,SANTANDER,MARIA,DEPOSITO,2022-02-04T18:00:49,980.79
2824,0009,CAIXA,JULIA,SAQUE,2022-02-05T23:16:23,308.11
2679,0005,CAIXA,MARCOS,DEPOSITO,2022-02-08T16:58:02,1322.54
9279,0000,CAIXA,MARCOS,DEPOSITO,2022-02-10T02:16:41,994.60
4582,0003,ITAU,JULIA,SAQUE,2022-02-09T21:44:11,1402.61
2824,0004,SANTANDER,MARIA,SAQUE,2022-02-02T21:55:22,230.14
2824,0000,CAIXA,MARIA,DEPOSITO,2022-02-06T02:13:32,954.55
2424,0006,ITAU,ANA,SAQUE,2022-02-03T22:52:20,1033.41
2824,0008,SANTANDER,ANA,DEPOSITO,2022-02-10T18:15:02,51.28
1488,0005,SANTANDER,JULIA,SAQUE,2022-02-01T12:52:21,638.81
2679,0005,CAIXA,ANA,DEPOSITO,2022-02-04T11:00:05,395.01
4657,0001,CAIXA,LUCIA,SAQUE,2022-02-01T18:12:34,1175.53
5506,0002,SANTANDER,JOAO,DEPOSITO,2022-02-06T00:38:37,1351.86
2679,0002,CAIXA,ANA,DEPOSITO,2022-02-10T00:01:38,176.78
1488,0009,ITAU,SANDRA,SAQUE,2022-02-02T04:22:52,749.71
2424,0006,SANTANDER,MARIA,SAQUE,2022-02-10T00:49:48,1250.18
2824,0008,SANTANDER,PEDRO,DEPOSITO,2022-02-03T16:27:29,169.15
4657,0001,CAIXA,JOAO,DEPOSITO,2022-02-05T15:14:06,740.63
7912,0001,SANTANDER,CARLOS,SAQUE,2022-02-04T10:59:24,1027.28
4582,0007,CAIXA,MARIA,SAQUE,2022-02-08T10:33:02,41.40
5506,0002,CAIXA,PEDRO,SAQUE,2022-02-04T20:10:31,833.56
2824,0000,ITAU,PEDRO,SAQUE,2022-02-05T20:33:24,588.82
9279,0001,CAIXA,PEDRO,SAQUE,2022-02-03T00:45:50,323.48
9279,0008,CAIXA,CARLOS,DEPOSITO,2022-02-02T01:25:25,418.31
7912,0000,CAIXA,CARLOS,SAQUE,2022-02-02T07:20:12,1078.91
2679,0001,SANTANDER,FELIPE,SAQUE,2022-02-09T22:29:54,637.10
9279,0005,ITAU,LUCIA,DEPOSITO,2022-02-03T07:36:44,965.65
1434,0002,ITAU,CARLOS,DEPOSITO,2022-02-04T21:28:21,946.16
7912,0009,CAIXA,ANA,DEPOSITO,2022-02-10T09:40:34,779.39
7912,0000,ITAU,CARLOS,SAQUE,2022-02-10T00:13:43,682.72
4657,0004,SANTANDER,SANDRA,SAQUE,2022-02-03T11:57:34,1201.30
1488,0007,ITAU,ANA,SAQUE,2022-02-08T00:13:57,1315.82
1488,0000,CAIXA,JULIA,DEPOSITO,2022-02-06T16:47:07,1361.20
1434,0000,ITAU,ANA,DEPOSITO,2022-02-06T07:01:17,607.54
4657,0007,CAIXA,FELIPE,SAQUE,2022-02-07T23:18:57,263.48
9279,0002,ITAU,JULIA,SAQUE,2022-02-06T14:14:47,1162.31
2824,0000,CAIXA,PEDRO,DEPOSITO,2022-02-10T13:54:14,1419.62
1434,0006,SANTANDER,MARCOS,SAQUE,2022-02-03T14:16:22,204.00
7912,0007,SANTANDER,PEDRO,SAQUE,2022-02-10T16:54:58,278.75
5506,0009,CAIXA,JOAO,DEPOSITO,2022-02-04T02:25:20,930.34
5506,0004,CAIXA,MARCOS,DEPOSITO,2022-02-02T16:53:35,25.38
1434,0000,ITAU,PEDRO,SAQUE,2022-02-10T00:30:01,1065.60
9279,0001,CAIXA,FELIPE,DEPOSITO,2022-02-03T22:29:49,87.65
1434,0004,SANTANDER,SANDRA,DEPOSITO,2022-02-07T05:03:10,17.99
4582,0009,ITAU,CARLOS,SAQUE,2022-02-07T21:04:41,207.03
9279,0005,ITAU,JOAO,DEPOSITO,2022-02-05T04:53:12,760.58
5506,0007,ITAU,MARIA,SAQUE,2022-02-02T12:07:37,221.28
2824,0000,CAIXA,MARCOS,SAQUE,2022-02-06T07:21:57,1124.26
5506,0008,ITAU,JOAO,SAQUE,2022-02-03T02:08:58,659.31
4582,0006,ITAU,JULIA,SAQUE,2022-02-02T21:23:00,89.30
9279,0004,ITAU,LUCIA,SAQUE,2022-02-09T15:43:15,397.73
2679,0008,SANTANDER,MARCOS,DEPOSITO,2022-02-09T16:36:50,667.86
4657,0001,ITAU,MARCOS,DEPOSITO,2022-02-02T21:13:05,1270.30
2679,0000,CAIXA,PEDRO,SAQUE,2022-02-03T03:06:50,279.18
2679,0009,ITAU,SANDRA,DEPOSITO,2022-02-01T03:17:46,879.49
4657,0001,ITAU,CARLOS,DEPOSITO,2022-02-07T03:10:47,376.77
4657,0001,ITAU,JOAO,DEPOSITO,2022-02-08T06:02:34,597.31
9279,0008,CAIXA,LUCIA,DEPOSITO,2022-02-09T16:13:44,695.75
1434,0008,SANTANDER,JOAO,DEPOSITO,2022-02-01T14:51:56,500.85
2824,0001,ITAU,SANDRA,DEPOSITO,2022-02-01T16:16:27,324.94
7912,0006,SANTANDER,FELIPE,SAQUE,2022-02-04T04:24:58,147.90
2424,0004,SANTANDER,FELIPE,DEPOSITO,2022-02-03T01:33:15,1280.00
2824,0009,ITAU,ANA,DEPOSITO,2022-02-06T08:01:40,454.83
1488,0008,SANTANDER,MARIA,DEPOSITO,2022-02-07T07:24:55,1249.76
2424,0002,SANTANDER,CARLOS,SAQUE,2022-02-08T08:57:22,410.03
4657,0007,CAIXA,MARIA,DEPOSITO,2022-02-06T06:10:51,656.82
7912,0008,CAIXA,MARIA,SAQUE,2022-02-08T22:43:28,1017.90
4657,0008,SANTANDER,JULIA,DEPOSITO,2022-02-06T09:29:00,443.15
1488,0003,SANTANDER,ANA,DEPOSITO,2022-02-04T17:35:41,1029.63
2679,0002,CAIXA,JOAO,DEPOSITO,2022-02-01T15:13:45,830.98
1434,0000,SANTANDER,CARLOS,SAQUE,2022-02-09T02:34:56,150.78
4657,0008,ITAU,JOAO,DEPOSITO,2022-02-01T06:49:58,1155.28
2824,0001,CAIXA,ANA,SAQUE,2022-02-06T03:20:11,77.44
5506,0005,ITAU,MARCOS,SAQUE,2022-02-04T07:18:10,939.48
2824,0002,SANTANDER,ANA,DEPOSITO,2022-02-08T10:02:15,1123.07
4582,0005,CAIXA,JULIA,DEPOSITO,2022-02-02T12:04:46,18.71
1434,0008,SANTANDER,MARCOS,SAQUE,2022-02-09T01:40:06,1040.79
2424,0000,ITAU,SANDRA,SAQUE,2022-02-09T11:09:25,1039.09
4582,0006,ITAU,ANA,DEPOSITO,2022-02-02T10:41:28,30.68
1488,0004,CAIXA,PEDRO,SAQUE,2022-02-08T23:20:41,976.45
9279,0005,SANTANDER,JULIA,DEPOSITO,2022-02-10T10:17:31,138.28
9279,0008,SANTANDER,CARLOS,DEPOSITO,2022-02-02T22:29:26,183.52
2824,0009,SANTANDER,LUCIA,SAQUE,2022-02-03T12:44:18,881.99
2424,0004,SANTANDER,LUCIA,SAQUE,2022-02-08T17:42:52,21.73
9279,0003,CAIXA,SANDRA,SAQUE,2022-02-05T22:30:35,65.16
2679,0007,SANTANDER,SANDRA,SAQUE,2022-02-01T19:46:33,355.54
2424,0008,ITAU,SANDRA,SAQUE,2022-02-04T08:06:39,834.35
4582,0005,SANTANDER,MARCOS,SAQUE,2022-02-06T09:09:20,678.00
2679,0006,CAIXA,PEDRO,SAQUE,2022-02-03T21:41:57,522.33
2424,0004,CAIXA,MARIA,SAQUE,2022-02-04T15:33:05,205.43
1434,0006,SANTANDER,MARIA,SAQUE,2022-02-03T01:17:16,1201.64
7912,0009,SANTANDER,FELIPE,SAQUE,2022-02-03T12:11:54,202.35
2824,0006,ITAU,FELIPE,SAQUE,2022-02-07T01:54:08,1415.15
2824,0001,CAIXA,JULIA,DEPOSITO,2022-02-05T10:35:55,1498.90
4582,0002,SANTANDER,ANA,DEPOSITO,2022-02-07T04:44:35,1243.64
2679,0006,SANTANDER,CARLOS,DEPOSITO,2022-02-02T13:14:50,930.17
4582,0003,SANTANDER,JOAO,SAQUE,2022-02-10T10:11:27,1179.48
9279,0002,ITAU,ANA,DEPOSITO,2022-02-06T09:37:14,1062.54
2679,0002,ITAU,SANDRA,DEPOSITO,2022-02-01T14:19:08,1237.18
2824,0008,CAIXA,FELIPE,DEPOSITO,2022-02-02T23:50:00,1367.37
5506,0005,ITAU,MARCOS,DEPOSITO,2022-02-05T12:02:25,239.90
4582,0006,SANTANDER,PEDRO,SAQUE,2022-02-10T10:08:44,1454.76
2824,0001,CAIXA,MARIA,SAQUE,2022-02-02T02:55:14,762.48
7912,0003,SANTANDER,CARLOS,SAQUE,2022-02-04T01:35:14,947.87
2424,0008,CAIXA,PEDRO,DEPOSITO,2022-02-06T02:30:31,1204.64
4582,0003,ITAU,MARIA,DEPOSITO,2022-02-10T10:25:02,669.44
7912,0004,ITAU,FELIPE,SAQUE,2022-02-10T11:03:51,479.06
7912,0009,ITAU,CARLOS,DEPOSITO,2022-02-08T20:56:05,993.66
2679,0000,CAIXA,JULIA,SAQUE,2022-02-09T08:24:44,634.76
2679,0009,ITAU,MARIA,SAQUE,2022-02-04T11:35:11,21.77
1434,0009,CAIXA,CARLOS,SAQUE,2022-02-07T16:40:11,969.38
2424,0006,SANTANDER,MARCOS,SAQUE,2022-02-10T13:44:28,1332.64
7912,0003,CAIXA,FELIPE,DEPOSITO,2022-02-05T19:41:17,810.78
2824,0003,SANTANDER,JOAO,DEPOSITO,2022-02-07T18:48:49,148.30
2679,0009,SANTANDER,ANA,DEPOSITO,2022-02-10T18:07:14,51.56
4657,0007,SANTANDER,PEDRO,SAQUE,2022-02-07T05:15:58,1092.50
4657,0008,SANTANDER,JOAO,SAQUE,2022-02-10T06:27:30,194.48
1434,0009,CAIXA,SANDRA,DEPOSITO,2022-02-03T22:51:45,685.19
1434,0005,CAIXA,JULIA,DEPOSITO,2022-02-04T12:58:17,532.00
1434,0006,SANTANDER,CARLOS,DEPOSITO,2022-02-07T08:31:18,166.79
2424,0002,ITAU,MARCOS,DEPOSITO,2022-02-06T06:05:10,228.36
1488,0008,ITAU,LUCIA,SAQUE,2022-02-06T20:48:47,1333.88
2424,0000,CAIXA,MARIA,SAQUE,2022-02-07T09:14:53,886.48
9279,0004,ITAU,MARCOS,SAQUE,2022-02-09T10:47:07,1494.80
7912,0003,CAIXA,ANA,DEPOSITO,2022-02-06T15:24:46,732.30
7912,0003,SANTANDER,FELIPE,DEPOSITO,2022-02-01T11:35:31,688.59
1434,0000,ITAU,FELIPE,SAQUE,2022-02-05T13:44:38,174.40
5506,0000,SANTANDER,JULIA,DEPOSITO,2022-02-04T18:54:36,185.44
1434,0004,ITAU,MARCOS,DEPOSITO,2022-02-02T19:29:44,1188.89
9279,0007,ITAU,JOAO,SAQUE,2022-02-10T01:32:10,331.22
2424,0008,CAIXA,JULIA,SAQUE,2022-02-01T15:06:32,110.67
2424,0008,CAIXA,JOAO,SAQUE,2022-02-10T13:40:44,1351.43
9279,0008,CAIXA,SANDRA,DEPOSITO,2022-02-07T05:07:03,1145.31
4657,0009,CAIXA,MARCOS,DEPOSITO,2022-02-05T00:49:13,1300.85
5506,0003,ITAU,SANDRA,SAQUE,2022-02-05T21:15:43,586.98
4582,0009,CAIXA,MARCOS,SAQUE,2022-02-03T02:19:59,972.42
1488,0009,CAIXA,JOAO,DEPOSITO,2022-02-02T02:53:48,969.43
1488,0008,CAIXA,SANDRA,DEPOSITO,2022-02-07T10:03:58,1436.37
7912,0007,SANTANDER,LUCIA,DEPOSITO,2022-02-07T13:00:35,990.80
9279,0002,CAIXA,PEDRO,DEPOSITO,2022-02-08T02:54:05,1246.24
9279,0007,SANTANDER,SANDRA,SAQUE,2022-02-01T15:11:48,608.68
5506,0004,SANTANDER,CARLOS,DEPOSITO,2022-02-07T11:51:25,628.26
7912,0000,ITAU,FELIPE,DEPOSITO,2022-02-07T15:53:56,1469.88
2824,0004,CAIXA,ANA,SAQUE,2022-02-02T23:00:59,1154.77
7912,0007,CAIXA,ANA,DEPOSITO,2022-02-05T00:50:32,925.57
7912,0004,SANTANDER,LUCIA,SAQUE,2022-02-04T23:18:47,591.01
4582,0006,ITAU,JOAO,SAQUE,2022-02-02T13:19:42,1412.95
2679,0004,ITAU,SANDRA,DEPOSITO,2022-02-10T05:14:38,744.54
2424,0002,SANTANDER,JOAO,DEPOSITO,2022-02-07T19:12:09,484.32
2824,0003,CAIXA,LUCIA,SAQUE,2022-02-01T07:31:07,953.98
7912,0000,CAIXA,FELIPE,DEPOSITO,2022-02-08T23:52:20,1146.84
2679,0006,ITAU,CARLOS,SAQUE,2022-02-08T19:17:03,135.02
2424,0003,SANTANDER,MARIA,DEPOSITO,2022-02-07T14:39:46,1175.22
2824,0005,ITAU,LUCIA,DEPOSITO,2022-02-08T14:53:42,1220.84
2424,0001,CAIXA,LUCIA,SAQUE,2022-02-04T03:10:16,417.22
2679,0009,ITAU,PEDRO,SAQUE,2022-02-10T01:23:49,77.77
7912,0003,SANTANDER,JOAO,DEPOSITO,2022-02-02T13:54:50,599.00
5506,0000,CAIXA,CARLOS,DEPOSITO,2022-02-04T22:48:25,919.56
5506,0006,SANTANDER,MARCOS,SAQUE,2022-02-04T23:46:42,376.43
7912,0007,CAIXA,SANDRA,SAQUE,2022-02-09T11:36:32,33.65
7912,0004,CAIXA,MARCOS,DEPOSITO,2022-02-09T06:02:03,1353.15
4657,0003,ITAU,MARCOS,SAQUE,2022-02-10T15:24:49,811.82
1434,0001,SANTANDER,MARCOS,DEPOSITO,2022-02-05T15:43:19,535.96
1488,0008,ITAU,ANA,DEPOSITO,2022-02-05T14:00:17,195.90
5506,0006,ITAU,PEDRO,DEPOSITO,2022-02-09T08:19:12,1140.05
1488,0008,SANTANDER,SANDRA,SAQUE,2022-02-03T18:30:30,1214.54
1434,0006,ITAU,LUCIA,SAQUE,2022-02-09T15:09:47,744.33
1434,0003,SANTANDER,PEDRO,SAQUE,2022-02-04T10:52:39,175.31
1434,0009,ITAU,ANA,DEPOSITO,2022-02-07T22:52:06,993.16
2824,0009,ITAU,FELIPE,DEPOSITO,2022-02-02T15:12:40,1121.50
4582,0003,CAIXA,JULIA,SAQUE,2022-02-09T07:34:12,295.86
4582,0001,SANTANDER,JOAO,SAQUE,2022-02-06T06:30:01,12.91
9279,0008,SANTANDER,CARLOS,SAQUE,2022-02-07T09:03:31,191.36
4582,0000,SANTANDER,JULIA,DEPOSITO,2022-02-03T19:29:55,1326.87
1488,0001,ITAU,JULIA,SAQUE,2022-02-05T20:13:53,481.20
2424,0002,ITAU,SANDRA,DEPOSITO,2022-02-03T19:48:48,1485.49
4657,0007,SANTANDER,PEDRO,DEPOSITO,2022-02-01T20:23:56,500.54
5506,0000,ITAU,CARLOS,DEPOSITO,2022-02-08T16:31:00,892.87
4582,0001,CAIXA,FELIPE,SAQUE,2022-02-05T05:21:36,365.16
9279,0002,CAIXA,PEDRO,DEPOSITO,2022-02-08T14:33:22,1165.87
4582,0004,SANTANDER,MARCOS,DEPOSITO,2022-02-01T19:46:14,137.45
4582,0000,CAIXA,FELIPE,DEPOSITO,2022-02-06T10:48:45,102.38
2679,0007,SANTANDER,CARLOS,DEPOSITO,2022-02-01T18:20:40,161.72
2424,0006,CAIXA,CARLOS,SAQUE,2022-02-10T05:07:10,152.79
2424,0009,CAIXA,SANDRA,DEPOSITO,2022-02-06T17:18:18,685.58
4582,0008,CAIXA,FELIPE,SAQUE,2022-02-09T06:55:42,979.87
1434,0002,CAIXA,MARIA,DEPOSITO,2022-02-01T05:40:25,170.93
5506,0004,SANTANDER,PEDRO,DEPOSITO,2022-02-04T04:44:35,959.67
4582,0007,ITAU,SANDRA,SAQUE,2022-02-02T18:11:40,287.03
5506,0000,CAIXA,JOAO,SAQUE,2022-02-08T23:55:02,774.56
1434,0001,SANTANDER,JULIA,DEPOSITO,2022-02-04T20:00:08,229.64
7912,0007,ITAU,MARIA,DEPOSITO,2022-02-09T01:39:24,781.34
1488,0006,ITAU,JULIA,DEPOSITO,2022-02-03T11:00:39,638.87
9279,0009,CAIXA,MARIA,DEPOSITO,2022-02-09T12:27:51,1005.11
5506,0005,ITAU,MARIA,SAQUE,2022-02-06T04:02:53,927.99
1488,0006,SANTANDER,MARCOS,DEPOSITO,2022-02-01T03:10:16,748.94
5506,0004,ITAU,SANDRA,DEPOSITO,2022-02-10T00:03:29,366.14
5506,0007,ITAU,CARLOS,DEPOSITO,2022-02-01T04:03:12,1240.87
2824,0008,ITAU,MARIA,DEPOSITO,2022-02-02T19:34:19,836.49
1488,0006,SANTANDER,SANDRA,SAQUE,2022-02-01T10:44:27,75.42
7912,0001,CAIXA,ANA,DEPOSITO,2022-02-09T19:28:14,1329.22
2824,0002,ITAU,PEDRO,DEPOSITO,2022-02-03T05:22:50,302.02
5506,0006,SANTANDER,ANA,SAQUE,2022-02-02T10:24:59,985.76
7912,0003,CAIXA,MARCOS,DEPOSITO,2022-02-05T14:32:57,560.76
1488,0006,CAIXA,CARLOS,DEPOSITO,2022-02-02T16:11:28,186.56
1488,0007,CAIXA,CARLOS,SAQUE,2022-02-06T07:12:25,483.75
7912,0001,ITAU,SANDRA,DEPOSITO,2022-02-04T15:46:52,1283.11
1434,0008,ITAU,LUCIA,SAQUE,2022-02-07T06:08:19,1310.55
4657,0005,CAIXA,FELIPE,SAQUE,2022-02-08T13:11:35,1188.59
7912,0001,CAIXA,CARLOS,SAQUE,2022-02-06T17:19:19,752.90
9279,0000,CAIXA,MARIA,SAQUE,2022-02-07T02:12:47,1076.32
9279,0006,SANTANDER,CARLOS,DEPOSITO,2022-02-03T13:13:21,318.73
1434,0005,SANTANDER,PEDRO,SAQUE,2022-02-05T15:55:40,643.28
2824,0008,CAIXA,JOAO,DEPOSITO,2022-02-02T02:34:09,210.15
2679,0009,SANTANDER,MARIA,DEPOSITO,2022-02-06T17:36:33,880.10
5506,0008,SANTANDER,CARLOS,SAQUE,2022-02-06T01:12:38,706.65
1488,0000,CAIXA,JOAO,SAQUE,2022-02-06T10:44:43,46.83
2679,0003,CAIXA,FELIPE,SAQUE,2022-02-04T15:52:44,1353.20
4657,0002,SANTANDER,FELIPE,SAQUE,2022-02-02T06:45:29,1390.64
5506,0000,SANTANDER,LUCIA,DEPOSITO,2022-02-09T06:44:01,507.30
2679,0000,ITAU,JOAO,DEPOSITO,2022-02-02T18:15:02,1061.41
2424,0004,CAIXA,JOAO,SAQUE,2022-02-10T14:11:49,1235.24
7912,0004,ITAU,LUCIA,SAQUE,2022-02-10T07:47:54,984.60
1434,0003,SANTANDER,PEDRO,DEPOSITO,2022-02-07T08:20:22,716.91
1488,0004,CAIXA,MARCOS,SAQUE,2022-02-04T21:17:02,1189.95
4582,0001,ITAU,CARLOS,DEPOSITO,2022-02-07T20:45:13,663.63
4582,0008,CAIXA,SANDRA,DEPOSITO,2022-02-10T00:59:44,465.30
2424,0003,SANTANDER,MARIA,SAQUE,2022-02-06T06:05:39,345.98
7912,0005,SANTANDER,MARIA,DEPOSITO,2022-02-01T11:28:33,855.69
2424,0002,CAIXA,SANDRA,SAQUE,2022-02-03T13:34:24,1470.46
1434,0008,CAIXA,CARLOS,DEPOSITO,2022-02-05T01:52:35,717.42
2679,0005,ITAU,JOAO,DEPOSITO,2022-02-09T06:40:08,265.42
4657,0004,SANTANDER,SANDRA,SAQUE,2022-02-03T12:03:25,49.99
4657,0008,ITAU,PEDRO,DEPOSITO,2022-02-07T10:50:08,443.75
2424,0005,ITAU,MARIA,DEPOSITO,2022-02-06T01:45:59,266.02
2424,0006,ITAU,ANA,SAQUE,2022-02-01T22:07:23,722.59
9279,0005,CAIXA,PEDRO,SAQUE,2022-02-09T16:48:04,653.98
9279,0000,ITAU,SANDRA,SAQUE,2022-02-07T04:27:03,885.36
1434,0006,CAIXA,LUCIA,DEPOSITO,2022-02-05T22:22:50,674.14
4582,0002,SANTANDER,MARIA,SAQUE,2022-02-08T01:54:18,695.70
2824,0004,CAIXA,MARCOS,SAQUE,2022-02-09T17:22:36,1053.47
2424,0008,SANTANDER,ANA,SAQUE,2022-02-08T14:01:23,381.21
1488,0005,SANTANDER,ANA,DEPOSITO,2022-02-01T14:48:45,596.39
1488,0008,SANTANDER,JULIA,SAQUE,2022-02-01T21:32:06,1003.32
4657,0003,SANTANDER,JULIA,DEPOSITO,2022-02-02T00:23:11,1493.02
2679,0007,SANTANDER,CARLOS,SAQUE,2022-02-03T14:29:45,255.61
9279,0004,SANTANDER,LUCIA,DEPOSITO,2022-02-09T06:53:01,961.91
2824,0002,CAIXA,CARLOS,DEPOSITO,2022-02-01T05:13:18,601.04
9279,0008,ITAU,ANA,SAQUE,2022-02-06T17:18:56,1008.74
7912,0008,SANTANDER,FELIPE,DEPOSITO,2022-02-06T09:35:26,1073.24
4657,0005,SANTANDER,ANA,DEPOSITO,2022-02-08T10:53:33,1259.36
4582,0000,ITAU,FELIPE,SAQUE,2022-02-09T05:39:05,261.00
4582,0003,ITAU,MARCOS,SAQUE,2022-02-09T18:10:55,275.13
4657,0004,CAIXA,MARCOS,DEPOSITO,2022-02-07T10:23:33,1256.39
4582,0004,ITAU,JOAO,SAQUE,2022-02-01T03:27:12,88.10
4657,0007,SANTANDER,PEDRO,SAQUE,2022-02-03T12:20:40,1364.05
4657,0006,ITAU,LUCIA,DEPOSITO,2022-02-03T10:03:45,512.30
4657,0001,SANTANDER,ANA,DEPOSITO,2022-02-07T07:22:15,75.58
2424,0004,ITAU,JULIA,DEPOSITO,2022-02-07T15:52:36,940.76
7912,0007,SANTANDER,PEDRO,DEPOSITO,2022-02-05T00:16:55,167.77
1488,0002,CAIXA,MARIA,DEPOSITO,2022-02-06T15:43:21,589.89
2424,0000,CAIXA,JOAO,SAQUE,2022-02-03T17:45:17,75.47
1434,0005,SANTANDER,MARCOS,DEPOSITO,2022-02-10T16:33:56,1071.67
2424,0005,SANTANDER,FELIPE,SAQUE,2022-02-09T12:54:39,1472.31
9279,0002,SANTANDER,ANA,SAQUE,2022-02-09T04:11:20,1467.25
1488,0003,CAIXA,LUCIA,SAQUE,2022-02-08T20:40:49,579.73
4657,0000,ITAU,LUCIA,DEPOSITO,2022-02-10T07:09:07,41.61
7912,0001,SANTANDER,CARLOS,DEPOSITO,2022-02-01T19:32:53,933.45
4582,0006,CAIXA,JOAO,DEPOSITO,2022-02-03T13:37:33,235.99
7912,0000,SANTANDER,SANDRA,SAQUE,2022-02-05T01:49:56,1111.49
4582,0006,CAIXA,LUCIA,SAQUE,2022-02-04T14:06:47,975.59
4582,0006,CAIXA,MARIA,SAQUE,2022-02-07T15:10:49,370.95
9279,0007,ITAU,PEDRO,SAQUE,2022-02-03T07:33:21,786.99
7912,0006,ITAU,MARCOS,DEPOSITO,2022-02-01T17:16:18,1430.96
1488,0006,CAIXA,FELIPE,DEPOSITO,2022-02-10T17:43:22,893.02
7912,0006,ITAU,FELIPE,SAQUE,2022-02-04T20:48:52,1090.23
2824,0009,SANTANDER,CARLOS,DEPOSITO,2022-02-04T18:22:44,912.72
4657,0001,SANTANDER,PEDRO,SAQUE,2022-02-06T22:14:44,1295.01
2679,0009,CAIXA,CARLOS,DEPOSITO,2022-02-06T05:12:50,711.36
9279,0007,SANTANDER,CARLOS,DEPOSITO,2022-02-10T17:14:06,1231.21
1434,0003,ITAU,CARLOS,DEPOSITO,2022-02-04T17:32:35,1140.70
2824,0008,SANTANDER,JULIA,DEPOSITO,2022-02-06T17:08:33,393.36
9279,0006,ITAU,CARLOS,SAQUE,2022-02-02T17:53:54,117.19
5506,0008,SANTANDER,PEDRO,DEPOSITO,2022-02-07T03:56:01,29.12
2424,0008,SANTANDER,CARLOS,SAQUE,2022-02-05T14:46:50,1456.03
4657,0004,CAIXA,SANDRA,DEPOSITO,2022-02-01T13:24:12,619.09
5506,0003,CAIXA,ANA,DEPOSITO,2022-02-04T04:26:37,1146.80
2424,0004,CAIXA,MARCOS,SAQUE,2022-02-08T23:41:04,1047.72
4582,0005,SANTANDER,PEDRO,DEPOSITO,2022-02-05T11:21:50,721.81
2824,0006,CAIXA,SANDRA,SAQUE,2022-02-02T21:01:05,1416.96
4657,0004,SANTANDER,SANDRA,DEPOSITO,2022-02-10T10:39:22,28.38
2424,0005,SANTANDER,SANDRA,DEPOSITO,2022-02-03T09:05:35,782.62
2424,0009,SANTANDER,JOAO,SAQUE,2022-02-07T13:24:02,755.96
5506,0005,SANTANDER,CARLOS,DEPOSITO,2022-02-08T00:52:46,172.82
7912,0008,ITAU,PEDRO,SAQUE,2022-02-01T03:57:52,1051.52
2679,0004,CAIXA,FELIPE,DEPOSITO,2022-02-06T03:47:56,1162.88
7912,0005,ITAU,JOAO,SAQUE,2022-02-05T15:13:10,264.25
9279,0009,ITAU,MARCOS,DEPOSITO,2022-02-02T10:12:13,758.89
1488,0000,SANTANDER,ANA,DEPOSITO,2022-02-03T07:19:05,97.88
4657,0000,ITAU,MARCOS,DEPOSITO,2022-02-03T02:28:55,1303.86
4582,0009,ITAU,CARLOS,DEPOSITO,2022-02-05T05:45:12,422.38
4582,0007,SANTANDER,MARCOS,SAQUE,2022-02-02T07:27:26,1012.48
4582,0004,CAIXA,LUCIA,DEPOSITO,2022-02-07T10:14:07,154.29
5506,0009,SANTANDER,JULIA,SAQUE,2022-02-06T19:55:59,1398.87
5506,0006,SANTANDER,MARIA,SAQUE,2022-02-05T06:01:22,1025.97
5506,0002,ITAU,CARLOS,SAQUE,2022-02-05T09:47:43,920.11
4582,0009,ITAU,MARCOS,SAQUE,2022-02-02T18:32:28,1090.58
1488,0001,SANTANDER,JULIA,SAQUE,2022-02-10T04:58:01,1427.08
1488,0007,CAIXA,SANDRA,SAQUE,2022-02-09T02:23:59,777.22
5506,0008,ITAU,MARIA,DEPOSITO,2022-02-01T15:25:16,954.33
4657,0001,SANTANDER,SANDRA,SAQUE,2022-02-08T12:31:29,606.25
1434,0006,CAIXA,MARCOS,DEPOSITO,2022-02-04T15:41:17,1104.07
4657,0000,CAIXA,ANA,DEPOSITO,2022-02-10T18:11:07,200.51
4657,0008,CAIXA,JULIA,SAQUE,2022-02-06T12:05:05,260.40
4657,0002,SANTANDER,JULIA,DEPOSITO,2022-02-03T03:44:11,372.60
2424,0000,ITAU,LUCIA,DEPOSITO,2022-02-05T01:11:40,1394.22
4657,0005,CAIXA,JOAO,SAQUE,2022-02-09T05:25:16,1427.74
1488,0009,CAIXA,MARCOS,DEPOSITO,2022-02-05T03:01:47,1195.36
2424,0003,SANTANDER,FELIPE,SAQUE,2022-02-09T19:03:53,571.75
4657,0002,ITAU,PEDRO,DEPOSITO,2022-02-04T14:50:50,396.05
1434,0001,ITAU,MARIA,DEPOSITO,2022-02-02T11:54:46,1119.48
2824,0007,CAIXA,MARIA,SAQUE,2022-02-01T02:35:00,869.61
5506,0001,CAIXA,JULIA,DEPOSITO,2022-02-06T05:30:20,1272.21
2679,0008,SANTANDER,ANA,DEPOSITO,2022-02-01T04:46:14,168.81
9279,0005,CAIXA,ANA,SAQUE,2022-02-07T03:40:52,1257.45
4582,0009,SANTANDER,JOAO,DEPOSITO,2022-02-09T14:50:54,1123.12
1434,0008,CAIXA,JOAO,DEPOSITO,2022-02-09T15:53:02,417.44
4582,0001,ITAU,PEDRO,SAQUE,2022-02-05T15:49:07,444.33
7912,0008,CAIXA,PEDRO,DEPOSITO,2022-02-01T17:24:19,1053.61
7912,0007,CAIXA,CARLOS,SAQUE,2022-02-09T02:06:54,1476.74
5506,0004,SANTANDER,CARLOS,SAQUE,2022-02-06T19:59:18,639.43
2679,0004,ITAU,FELIPE,SAQUE,2022-02-03T10:55:08,430.72
4582,0000,SANTANDER,ANA,SAQUE,2022-02-08T03:08:36,1130.88
2824,0005,ITAU,ANA,DEPOSITO,2022-02-06T22:36:56,668.41
5506,0009,ITAU,PEDRO,DEPOSITO,2022-02-01T04:45:16,1105.63
7912,0007,ITAU,ANA,SAQUE,2022-02-06T06:29:58,1426.09
4657,0003,CAIXA,MARIA,SAQUE,2022-02-01T17:22:41,277.65
2424,0006,ITAU,MARIA,SAQUE,2022-02-08T16:42:48,1454.89
1434,0005,CAIXA,FELIPE,DEPOSITO,2022-02-04T18:15:33,601.00
2424,0000,CAIXA,CARLOS,DEPOSITO,2022-02-08T23:30:40,1168.82
4657,0002,SANTANDER,MARCOS,SAQUE,2022-02-02T12:03:52,27.29
1434,0008,SANTANDER,JULIA,DEPOSITO,2022-02-08T00:59:15,44.31
2424,0000,CAIXA,FELIPE,DEPOSITO,2022-02-08T21:50:48,582.10
2679,0005,SANTANDER,ANA,DEPOSITO,2022-02-09T17:59:40,494.59
2679,0008,ITAU,LUCIA,SAQUE,2022-02-07T14:20:13,838.53
4657,0005,CAIXA,JULIA,DEPOSITO,2022-02-03T14:31:21,1132.73
4657,0007,ITAU,ANA,DEPOSITO,2022-02-04T21:38:23,836.54
2679,0000,ITAU,SANDRA,DEPOSITO,2022-02-02T03:40:26,982.43
2679,0005,SANTANDER,FELIPE,DEPOSITO,2022-02-05T11:59:19,764.16
2824,0003,SANTANDER,LUCIA,DEPOSITO,2022-02-07T09:23:35,457.89
5506,0009,CAIXA,ANA,SAQUE,2022-02-07T10:19:55,1045.70
4582,0006,ITAU,JULIA,DEPOSITO,2022-02-09T03:05:44,1035.02
7912,0009,CAIXA,PEDRO,DEPOSITO,2022-02-03T16:46:47,456.57
1434,0004,ITAU,PEDRO,SAQUE,2022-02-09T22:27:41,423.32
7912,0004,SANTANDER,JULIA,SAQUE,2022-02-08T23:21:12,398.40
7912,0003,ITAU,FELIPE,SAQUE,2022-02-09T12:23:12,1018.02
1488,0001,CAIXA,FELIPE,SAQUE,2022-02-09T13:03:10,1493.09
5506,0004,SANTANDER,JULIA,DEPOSITO,2022-02-02T22:48:07,635.33
2679,0002,CAIXA,LUCIA,DEPOSITO,2022-02-02T14:23:34,125.51
4657,0001,SANTANDER,JULIA,SAQUE,2022-02-08T20:33:34,108.28
2824,0007,ITAU,JOAO,DEPOSITO,2022-02-03T19:51:12,1304.59
4657,0005,CAIXA,CARLOS,DEPOSITO,2022-02-02T08:40:43,574.16
1434,0000,CAIXA,JOAO,SAQUE,2022-02-05T07:43:08,152.36
5506,0004,ITAU,JOAO,DEPOSITO,2022-02-03T03:49:41,1345.89
2824,0007,CAIXA,MARIA,SAQUE,2022-02-02T15:15:09,720.52
2424,0009,CAIXA,JULIA,DEPOSITO,2022-02-02T19:39:00,989.77
5506,0006,CAIXA,JOAO,DEPOSITO,2022-02-08T20:16:22,1378.48
9279,0001,SANTANDER,SANDRA,SAQUE,2022-02-03T07:25:39,1063.11
2679,0006,SANTANDER,JULIA,SAQUE,2022-02-06T06:41:24,420.98
4657,0002,ITAU,FELIPE,SAQUE,2022-02-04T21:11:08,615.71
4657,0000,CAIXA,PEDRO,DEPOSITO,2022-02-01T18:49:00,256.02
2679,0005,SANTANDER,MARCOS,DEPOSITO,2022-02-06T05:35:19,1443.63
1488,0007,CAIXA,MARCOS,DEPOSITO,2022-02-08T13:36:03,614.15
2679,0009,ITAU,CARLOS,SAQUE,2022-02-10T01:20:19,373.90
2679,0006,ITAU,SANDRA,SAQUE,2022-02-09T06:33:47,1447.32
5506,0007,SANTANDER,FELIPE,SAQUE,2022-02-07T07:42:57,1260.72
5506,0006,CAIXA,MARCOS,SAQUE,2022-02-02T11:04:33,264.02
2824,0006,ITAU,FELIPE,SAQUE,2022-02-04T15:35:44,455.78
2679,0007,SANTANDER,SANDRA,SAQUE,2022-02-04T18:52:46,334.02
1434,0008,SANTANDER,SANDRA,SAQUE,2022-02-01T03:48:37,95.67
7912,0004,SANTANDER,JOAO,SAQUE,2022-02-05T07:57:29,169.67
4657,0003,CAIXA,LUCIA,DEPOSITO,2022-02-03T11:38:00,651.90
4582,0005,CAIXA,ANA,SAQUE,2022-02-07T00:03:48,194.53
2824,0001,SANTANDER,JOAO,DEPOSITO,2022-02-05T15:07:11,711.34
9279,0005,ITAU,ANA,SAQUE,2022-02-06T09:50:16,171.96
1488,0002,ITAU,MARIA,SAQUE,2022-02-09T16:40:10,18.66
5506,0007,ITAU,JOAO,DEPOSITO,2022-02-06T04:44:08,209.18
4657,0004,SANTANDER,PEDRO,SAQUE,2022-02-04T07:30:51,1439.95
7912,0001,SANTANDER,JULIA,SAQUE,2022-02-09T18:09:19,1201.73
4582,0005,ITAU,JULIA,SAQUE,2022-02-02T09:30:59,205.81
4582,0001,SANTANDER,MARIA,DEPOSITO,2022-02-03T22:58:53,1153.40
2824,0008,ITAU,SANDRA,DEPOSITO,2022-02-04T14:24:27,657.15
2679,0005,ITAU,CARLOS,DEPOSITO,2022-02-09T22:30:12,930.24
1488,0004,ITAU,JOAO,DEPOSITO,2022-02-09T14:15:45,1297.61
1434,0005,ITAU,MARCOS,DEPOSITO,2022-02-07T04:24:35,1054.71
2424,0007,SANTANDER,SANDRA,DEPOSITO,2022-02-02T16:37:42,351.78
1488,0002,ITAU,PEDRO,DEPOSITO,2022-02-08T13:39:12,645.19
1488,0006,SANTANDER,CARLOS,SAQUE,2022-02-09T14:01:49,792.21
4582,0000,ITAU,CARLOS,SAQUE,2022-02-06T06:29:18,101.41
2424,0006,SANTANDER,JOAO,SAQUE,2022-02-05T08:20:15,428.03
5506,0006,SANTANDER,LUCIA,DEPOSITO,2022-02-01T17:16:42,70.92
2424,0005,SANTANDER,MARCOS,SAQUE,2022-02-02T07:26:36,1363.64
4657,0007,CAIXA,MARCOS,SAQUE,2022-02-02T10:34:46,508.08
5506,0009,CAIXA,JULIA,DEPOSITO,2022-02-10T02:00:41,503.51
1488,0009,SANTANDER,SANDRA,SAQUE,2022-02-04T10:28:11,365.00
1434,0002,ITAU,FELIPE,DEPOSITO,2022-02-10T02:23:19,204.42
4657,0002,CAIXA,SANDRA,DEPOSITO,2022-02-06T11:56:03,297.46
1488,0003,CAIXA,SANDRA,SAQUE,2022-02-06T20:12:53,459.20
2679,0000,CAIXA,ANA,DEPOSITO,2022-02-06T03:54:27,200.47
4657,0004,ITAU,MARIA,SAQUE,2022-02-09T19:01:50,678.24
4582,0005,CAIXA,MARCOS,SAQUE,2022-02-07T04:51:25,790.41
4582,0006,CAIXA,JOAO,DEPOSITO,2022-02-07T23:00:17,441.59
4657,0005,SANTANDER,CARLOS,SAQUE,2022-02-07T07:39:30,1030.19
2424,0009,SANTANDER,JULIA,SAQUE,2022-02-05T19:45:43,848.12
1488,0009,CAIXA,PEDRO,DEPOSITO,2022-02-08T00:40:18,15.36
2679,0000,SANTANDER,LUCIA,SAQUE,2022-02-09T19:58:42,760.69
4657,0005,ITAU,PEDRO,SAQUE,2022-02-07T18:55:12,1065.30
7912,0000,ITAU,LUCIA,DEPOSITO,2022-02-08T20:23:45,444.85
1488,0003,ITAU,JOAO,DEPOSITO,2022-02-04T02:37:23,967.20
5506,0002,CAIXA,LUCIA,SAQUE,2022-02-05T13:36:20,952.70
1434,0000,SANTANDER,JULIA,SAQUE,2022-02-06T01:01:58,1085.90
2824,0005,SANTANDER,LUCIA,DEPOSITO,2022-02-03T17:57:51,1237.66
2424,0000,CAIXA,LUCIA,DEPOSITO,2022-02-09T10:31:21,1086.68
5506,0000,ITAU,SANDRA,DEPOSITO,2022-02-03T18:21:36,1227.10
2424,0001,ITAU,SANDRA,SAQUE,2022-02-03T21:35:19,241.91
7912,0005,ITAU,MARCOS,DEPOSITO,2022-02-06T15:54:05,748.98
2824,0007,SANTANDER,SANDRA,SAQUE,2022-02-03T06:38:30,1415.60
1434,0006,ITAU,ANA,DEPOSITO,2022-02-09T10:18:16,1228.07
2424,0002,CAIXA,ANA,DEPOSITO,2022-02-06T14:37:47,645.33
1434,0002,SANTANDER,JULIA,DEPOSITO,2022-02-01T05:31:41,1092.88
4582,0005,ITAU,CARLOS,DEPOSITO,2022-02-01T06:02:30,173.95
1434,0007,ITAU,FELIPE,SAQUE,2022-02-08T16:50:00,222.53
1488,0005,SANTANDER,FELIPE,SAQUE,2022-02-02T02:50:32,1280.55
5506,0008,ITAU,SANDRA,SAQUE,2022-02-04T19:37:36,1225.04
2679,0002,ITAU,PEDRO,DEPOSITO,2022-02-04T07:59:48,819.85
2679,0004,ITAU,LUCIA,DEPOSITO,2022-02-02T07:58:08,821.52
2424,0005,SANTANDER,LUCIA,DEPOSITO,2022-02-06T06:30:23,45.76
2424,0002,SANTANDER,JOAO,DEPOSITO,2022-02-09T09:26:43,1383.32
5506,0002,CAIXA,ANA,DEPOSITO,2022-02-04T12:10:43,344.54
4582,0009,ITAU,MARIA,DEPOSITO,2022-02-02T02:47:43,547.14
7912,0004,ITAU,ANA,SAQUE,2022-02-08T08:44:38,800.42
2824,0008,CAIXA,JOAO,SAQUE,2022-02-02T08:21:50,529.09
4657,0007,ITAU,MARIA,SAQUE,2022-02-09T17:16:39,1217.97
9279,0002,ITAU,ANA,SAQUE,2022-02-06T12:12:14,230.19
7912,0002,SANTANDER,SANDRA,SAQUE,2022-02-04T11:12:23,1439.78
5506,0008,SANTANDER,ANA,DEPOSITO,2022-02-05T08:47:57,1153.63
5506,0005,CAIXA,MARCOS,SAQUE,2022-02-08T19:31:07,906.60
2679,0003,SANTANDER,PEDRO,SAQUE,2022-02-07T02:53:09,633.80
2424,0003,CAIXA,JULIA,DEPOSITO,2022-02-08T03:18:44,583.09
1488,0007,SANTANDER,PEDRO,DEPOSITO,2022-02-01T02:55:45,360.44
4582,0001,SANTANDER,JULIA,SAQUE,2022-02-02T10:10:47,1436.85
2424,0006,ITAU,ANA,SAQUE,2022-02-07T18:43:50,695.98
7912,0004,CAIXA,PEDRO,DEPOSITO,2022-02-02T12:14:30,1123.02
4657,0009,ITAU,LUCIA,SAQUE,2022-02-09T14:23:33,563.81
7912,0002,ITAU,MARCOS,DEPOSITO,2022-02-05T12:28:46,54.98
7912,0005,SANTANDER,FELIPE,DEPOSITO,2022-02-06T03:24:26,858.08
5506,0008,CAIXA,ANA,SAQUE,2022-02-09T20:33:16,710.57
4582,0009,ITAU,LUCIA,SAQUE,2022-02-01T19:34:15,175.79
9279,0003,CAIXA,JULIA,DEPOSITO,2022-02-06T05:28:58,26.19
7912,0000,ITAU,JOAO,SAQUE,2022-02-06T05:29:50,1066.94
1488,0004,CAIXA,JULIA,SAQUE,2022-02-02T14:32:31,1467.11
2679,0009,ITAU,LUCIA,DEPOSITO,2022-02-10T03:22:53,594.51
2424,0004,ITAU,MARCOS,SAQUE,2022-02-08T21:03:31,476.65
2824,0002,ITAU,LUCIA,SAQUE,2022-02-03T10:48:49,973.50
4582,0006,SANTANDER,FELIPE,SAQUE,2022-02-05T03:48:27,908.75
4582,0000,ITAU,ANA,DEPOSITO,2022-02-08T08:00:56,107.33
1488,0000,ITAU,JULIA,DEPOSITO,2022-02-01T11:31:19,961.20
9279,0007,ITAU,SANDRA,DEPOSITO,2022-02-10T16:15:51,849.97
5506,0000,SANTANDER,MARIA,DEPOSITO,2022-02-01T04:33:50,1415.83
5506,0005,CAIXA,JULIA,DEPOSITO,2022-02-05T19:52:37,478.56
2679,0002,CAIXA,FELIPE,SAQUE,2022-02-10T02:03:28,616.86
9279,0009,ITAU,ANA,DEPOSITO,2022-02-05T17:23:33,884.89
4657,0002,CAIXA,JOAO,DEPOSITO,2022-02-06T16:59:02,235.79
7912,0005,CAIXA,PEDRO,DEPOSITO,2022-02-09T00:38:59,1213.14
5506,0000,SANTANDER,JULIA,SAQUE,2022-02-02T16:18:30,676.75
2424,0006,ITAU,SANDRA,SAQUE,2022-02-09T17:42:05,69.62
9279,0002,ITAU,SANDRA,DEPOSITO,2022-02-07T23:12:58,1437.44
4657,0008,ITAU,ANA,SAQUE,2022-02-10T18:20:56,825.23
7912,0002,SANTANDER,MARCOS,SAQUE,2022-02-04T16:11:47,262.88
7912,0008,SANTANDER,SANDRA,SAQUE,2022-02-01T22:48:49,536.52
7912,0002,CAIXA,MARCOS,SAQUE,2022-02-06T10:50:58,1147.09
2424,0004,CAIXA,MARCOS,DEPOSITO,2022-02-04T13:34:48,551.57
5506,0001,ITAU,ANA,SAQUE,2022-02-08T16:01:54,556.43
4582,0009,CAIXA,CARLOS,SAQUE,2022-02-09T08:54:11,401.61
4582,0005,ITAU,LUCIA,DEPOSITO,2022-02-07T21:26:21,1052.62
4657,0006,SANTANDER,JOAO,SAQUE,2022-02-05T22:23:35,245.73
2679,0008,ITAU,MARCOS,DEPOSITO,2022-02-06T18:33:06,529.92
2424,0006,SANTANDER,FELIPE,DEPOSITO,2022-02-05T21:42:46,1100.35
9279,0006,CAIXA,MARIA,DEPOSITO,2022-02-08T10:07:47,482.75
2679,0005,SANTANDER,MARCOS,DEPOSITO,2022-02-01T13:14:41,424.78
1434,0004,ITAU,ANA,DEPOSITO,2022-02-01T11:13:04,487.08
4582,0006,ITAU,MARIA,SAQUE,2022-02-03T16:15:27,1468.06
4657,0005,ITAU,CARLOS,SAQUE,2022-02-03T05:23:20,385.59
9279,0004,CAIXA,JOAO,SAQUE,2022-02-09T17:32:22,131.75
4657,0004,SANTANDER,PEDRO,SAQUE,2022-02-01T17:44:52,284.28
9279,0008,CAIXA,JOAO,DEPOSITO,2022-02-06T04:09:59,305.92
1434,0004,ITAU,ANA,SAQUE,2022-02-09T11:54:59,538.49
1434,0009,ITAU,JULIA,DEPOSITO,2022-02-09T04:39:09,125.93
7912,0008,SANTANDER,MARIA,SAQUE,2022-02-06T15:41:18,31.14
4582,0008,ITAU,FELIPE,SAQUE,2022-02-09T20:28:31,401.58
1488,0004,CAIXA,MARCOS,DEPOSITO,2022-02-10T03:17:51,64.36
5506,0006,ITAU,JULIA,DEPOSITO,2022-02-03T17:02:56,905.41
4582,0000,SANTANDER,SANDRA,DEPOSITO,2022-02-05T12:03:26,561.68
9279,0004,SANTANDER,JULIA,DEPOSITO,2022-02-08T23:06:13,1051.98
2679,0001,ITAU,MARIA,SAQUE,2022-02-06T06:07:55,1244.00
2679,0009,ITAU,ANA,SAQUE,2022-02-03T05:37:08,648.29
2424,0000,CAIXA,JULIA,SAQUE,2022-02-09T02:13:06,578.53
4657,0007,CAIXA,SANDRA,DEPOSITO,2022-02-02T08:19:54,1493.09
1434,0003,ITAU,CARLOS,DEPOSITO,2022-02-10T05:03:02,749.64
1488,0006,SANTANDER,MARCOS,DEPOSITO,2022-02-06T04:36:53,1004.89
4657,0001,SANTANDER,JULIA,SAQUE,2022-02-06T18:52:04,180.61
1488,0003,SANTANDER,CARLOS,SAQUE,2022-02-05T15:13:02,21.33
2424,0006,ITAU,JOAO,SAQUE,2022-02-10T17:41:42,468.02
5506,0003,CAIXA,CARLOS,DEPOSITO,2022-02-02T22:46:05,33.14
2424,0006,CAIXA,SANDRA,SAQUE,2022-02-08T00:45:22,509.28
4582,0009,SANTANDER,CARLOS,DEPOSITO,2022-02-05T20:39:23,928.24
2424,0001,CAIXA,ANA,SAQUE,2022-02-03T04:41:35,1466.26
7912,0003,ITAU,ANA,SAQUE,2022-02-09T16:54:15,354.14
2824,0003,ITAU,SANDRA,SAQUE,2022-02-08T16:48:50,1266.12
2424,0007,CAIXA,MARIA,DEPOSITO,2022-02-01T09:33:45,148.95
2679,0002,CAIXA,SANDRA,DEPOSITO,2022-02-09T16:11:27,51.45
9279,0001,ITAU,CARLOS,DEPOSITO,2022-02-02T16:07:09,1116.09
1488,0004,SANTANDER,PEDRO,DEPOSITO,2022-02-07T14:02:45,452.41
4582,0009,ITAU,LUCIA,SAQUE,2022-02-02T19:58:13,133.62
4657,0005,SANTANDER,FELIPE,SAQUE,2022-02-02T13:49:43,1391.53
5506,0006,SANTANDER,JOAO,DEPOSITO,2022-02-07T02:03:13,148.24
4657,0008,CAIXA,FELIPE,SAQUE,2022-02-06T02:36:23,1195.21
5506,0008,ITAU,FELIPE,DEPOSITO,2022-02-05T15:23:42,1034.13
1434,0009,ITAU,ANA,SAQUE,2022-02-03T06:08:16,25.11
1434,0009,CAIXA,FELIPE,SAQUE,2022-02-06T23:02:37,1490.67
4657,0006,CAIXA,LUCIA,DEPOSITO,2022-02-04T04:13:23,787.41
7912,0006,SANTANDER,LUCIA,DEPOSITO,2022-02-10T07:44:25,781.81
1488,0002,CAIXA,FELIPE,DEPOSITO,2022-02-02T18:27:15,53.95
4657,0001,CAIXA,ANA,SAQUE,2022-02-03T12:07:35,417.76
2424,0003,SANTANDER,JULIA,SAQUE,2022-02-07T02:30:25,705.90
2824,0004,ITAU,PEDRO,SAQUE,2022-02-09T10:12:51,267.71
9279,0004,SANTANDER,SANDRA,SAQUE,2022-02-03T14:02:50,256.82
4657,0009,SANTANDER,CARLOS,SAQUE,2022-02-08T15:31:49,1225.68
4657,0008,ITAU,CARLOS,DEPOSITO,2022-02-05T15:01:05,855.04
1434,0003,SANTANDER,LUCIA,SAQUE,2022-02-04T15:34:29,884.44
2424,0005,SANTANDER,CARLOS,DEPOSITO,2022-02-05T00:04:55,180.83
5506,0005,SANTANDER,PEDRO,DEPOSITO,2022-02-05T14:20:54,330.62
5506,0006,SANTANDER,FELIPE,DEPOSITO,2022-02-01T05:16:10,484.70
4657,0004,SANTANDER,SANDRA,SAQUE,2022-02-07T21:41:02,1349.13
2679,0000,CAIXA,SANDRA,DEPOSITO,2022-02-02T08:04:19,795.62
2424,0004,SANTANDER,SANDRA,DEPOSITO,2022-02-08T22:20:03,865.18
9279,0007,SANTANDER,MARIA,DEPOSITO,2022-02-07T01:57:47,303.71
1434,0001,CAIXA,CARLOS,DEPOSITO,2022-02-03T03:56:33,194.90
4582,0009,ITAU,CARLOS,DEPOSITO,2022-02-04T13:07:02,868.86
4582,0003,CAIXA,MARCOS,SAQUE,2022-02-05T23:25:17,205.28
9279,0002,SANTANDER,LUCIA,SAQUE,2022-02-01T22:19:27,970.72
2424,0002,CAIXA,JOAO,SAQUE,2022-02-05T06:49:23,482.61
2824,0008,SANTANDER,MARIA,SAQUE,2022-02-05T20:39:33,922.36
4582,0006,ITAU,FELIPE,SAQUE,2022-02-02T08:01:14,1407.18
2424,0006,ITAU,LUCIA,DEPOSITO,2022-02-05T00:08:02,166.65
2679,0007,CAIXA,FELIPE,DEPOSITO,2022-02-05T13:32:18,1088.92
4657,0007,SANTANDER,LUCIA,SAQUE,2022-02-01T14:38:28,1326.15
2424,0000,CAIXA,FELIPE,SAQUE,2022-02-08T12:34:15,500.70
7912,0001,ITAU,ANA,DEPOSITO,2022-02-02T13:01:05,879.35
4657,0003,CAIXA,SANDRA,SAQUE,2022-02-09T04:43:55,958.99
5506,0008,ITAU,PEDRO,SAQUE,2022-02-04T11:48:29,995.29
4657,0001,CAIXA,FELIPE,SAQUE,2022-02-09T17:17:57,1151.64
9279,0007,ITAU,PEDRO,DEPOSITO,2022-02-01T23:58:54,1045.50
1488,0008,ITAU,LUCIA,DEPOSITO,2022-02-05T18:15:04,707.54
2679,0003,SANTANDER,MARIA,DEPOSITO,2022-02-10T07:55:38,1222.85
4657,0005,ITAU,JOAO,SAQUE,2022-02-07T05:02:38,986.38
2679,0006,SANTANDER,MARIA,SAQUE,2022-02-08T14:49:18,1462.85
2824,0009,CAIXA,PEDRO,DEPOSITO,2022-02-03T01:55:12,423.98
4657,0006,ITAU,FELIPE,DEPOSITO,2022-02-02T09:18:39,696.82
2679,0008,SANTANDER,MARCOS,DEPOSITO,2022-02-06T20:48:34,407.47
5506,0004,ITAU,JOAO,DEPOSITO,2022-02-02T02:34:50,1391.12
5506,0007,SANTANDER,ANA,SAQUE,2022-02-07T06:02:19,758.26
2424,0004,ITAU,JOAO,SAQUE,2022-02-08T23:01:09,155.74
2824,0003,CAIXA,JOAO,DEPOSITO,2022-02-08T07:07:25,610.01
1488,0002,ITAU,MARCOS,SAQUE,2022-02-01T16:37:14,172.68
2824,0006,ITAU,FELIPE,DEPOSITO,2022-02-08T01:38:32,1343.64
2424,0004,SANTANDER,JULIA,DEPOSITO,2022-02-08T14:44:48,420.43
2824,0008,ITAU,FELIPE,DEPOSITO,2022-02-09T11:33:43,1103.55
1434,0000,CAIXA,ANA,DEPOSITO,2022-02-04T13:58:42,527.97
1434,0008,CAIXA,LUCIA,DEPOSITO,2022-02-09T14:07:17,285.77
4657,0005,ITAU,JOAO,DEPOSITO,2022-02-09T08:34:44,263.65
9279,0004,SANTANDER,MARIA,SAQUE,2022-02-01T05:48:13,221.33
7912,0007,CAIXA,LUCIA,DEPOSITO,2022-02-02T00:30:56,1461.81
1488,0008,ITAU,MARIA,SAQUE,2022-02-07T00:19:27,878.91
1488,0003,CAIXA,LUCIA,DEPOSITO,2022-02-04T14:45:17,855.23
2824,0001,SANTANDER,ANA,DEPOSITO,2022-02-02T07:13:09,1165.13
9279,0000,SANTANDER,MARCOS,SAQUE,2022-02-04T05:03:00,1484.79
5506,0003,CAIXA,MARCOS,DEPOSITO,2022-02-04T17:48:21,1243.35
2679,0007,ITAU,SANDRA,SAQUE,2022-02-09T09:50:36,178.01
5506,0008,ITAU,CARLOS,DEPOSITO,2022-02-02T19:20:53,992.46
4657,0006,SANTANDER,PEDRO,SAQUE,2022-02-10T02:54:23,545.54
2679,0008,CAIXA,FELIPE,SAQUE,2022-02-09T07:48:34,1316.94
5506,0004,CAIXA,ANA,SAQUE,2022-02-05T07:42:10,1366.39
1434,0003,CAIXA,CARLOS,SAQUE,2022-02-01T14:03:56,470.89
1434,0001,SANTANDER,MARIA,DEPOSITO,2022-02-06T14:37:51,655.85
7912,0008,CAIXA,FELIPE,DEPOSITO,2022-02-09T09:46:06,753.40
7912,0000,SANTANDER,ANA,SAQUE,2022-02-09T03:35:30,939.45
9279,0007,ITAU,JOAO,DEPOSITO,2022-02-01T06:38:09,1201.68
4582,0004,SANTANDER,JOAO,DEPOSITO,2022-02-04T19:10:17,89.26
2824,0003,CAIXA,LUCIA,DEPOSITO,2022-02-05T08:06:10,384.64
2824,0005,CAIXA,JULIA,DEPOSITO,2022-02-09T17:49:41,1430.99
2824,0006,ITAU,PEDRO,SAQUE,2022-02-02T01:36:18,881.99
2424,0004,SANTANDER,MARCOS,SAQUE,2022-02-09T07:43:19,380.61
2824,0005,CAIXA,FELIPE,SAQUE,2022-02-08T07:59:40,1381.09
1488,0000,ITAU,CARLOS,SAQUE,2022-02-02T18:37:56,1208.53
2824,0009,CAIXA,CARLOS,DEPOSITO,2022-02-02T03:01:35,458.58
4657,0005,CAIXA,MARCOS,DEPOSITO,2022-02-06T09:20:55,570.19
5506,0008,SANTANDER,MARCOS,SAQUE,2022-02-09T09:39:45,760.68
9279,0007,CAIXA,CARLOS,SAQUE,2022-02-06T01:35:27,636.55
1434,0000,ITAU,LUCIA,SAQUE,2022-02-02T19:02:34,141.76
1434,0000,ITAU,SANDRA,SAQUE,2022-02-07T16:19:59,199.64
9279,0003,SANTANDER,CARLOS,DEPOSITO,2022-02-01T03:49:42,610.38
4657,0001,CAIXA,LUCIA,DEPOSITO,2022-02-08T23:23:08,91.49
5506,0007,ITAU,FELIPE,SAQUE,2022-02-09T11:14:39,852.51
7912,0003,CAIXA,SANDRA,DEPOSITO,2022-02-07T08:28:02,1055.34
7912,0000,CAIXA,MARCOS,DEPOSITO,2022-02-09T06:54:02,343.08
1488,0002,ITAU,JOAO,DEPOSITO,2022-02-08T15:44:59,1210.37
2679,0002,ITAU,LUCIA,DEPOSITO,2022-02-02T13:20:53,909.65
9279,0004,ITAU,PEDRO,DEPOSITO,2022-02-07T05:25:14,715.88
1488,0003,SANTANDER,FELIPE,SAQUE,2022-02-03T07:42:04,612.79
4657,0004,ITAU,SANDRA,SAQUE,2022-02-08T13:51:17,1290.38
1488,0005,CAIXA,LUCIA,DEPOSITO,2022-02-10T02:58:28,221.11
2824,0002,CAIXA,JULIA,DEPOSITO,2022-02-04T14:34:24,719.48
2424,0002,SANTANDER,MARCOS,SAQUE,2022-02-05T20:02:11,1004.87
9279,0002,CAIXA,CARLOS,SAQUE,2022-02-04T12:38:49,230.77
1434,0008,ITAU,CARLOS,DEPOSITO,2022-02-01T12:01:19,875.00
9279,0000,ITAU,MARIA,DEPOSITO,2022-02-09T20:42:08,707.18
1488,0001,CAIXA,ANA,SAQUE,2022-02-07T04:39:49,755.95
7912,0001,CAIXA,JULIA,SAQUE,2022-02-03T04:55:13,774.44
7912,0000,CAIXA,SANDRA,SAQUE,2022-02-10T15:14:11,694.63
9279,0004,SANTANDER,JOAO,SAQUE,2022-02-08T22:00:12,111.63
2679,0000,ITAU,SANDRA,DEPOSITO,2022-02-07T05:45:47,868.30
4657,0007,ITAU,MARIA,SAQUE,2022-02-05T23:42:07,880.89
9279,0008,SANTANDER,ANA,DEPOSITO,2022-02-02T09:02:00,153.85
2424,0004,ITAU,PEDRO,DEPOSITO,2022-02-03T04:46:30,167.09
4657,0008,SANTANDER,LUCIA,SAQUE,2022-02-10T04:31:43,180.57
4657,0008,SANTANDER,SANDRA,DEPOSITO,2022-02-04T23:38:19,1386.09
9279,0000,ITAU,ANA,DEPOSITO,2022-02-07T01:08:18,301.62
1488,0002,CAIXA,PEDRO,DEPOSITO,2022-02-07T12:02:23,656.75
4582,0001,SANTANDER,LUCIA,DEPOSITO,2022-02-02T19:02:10,313.27
2679,0008,ITAU,SANDRA,DEPOSITO,2022-02-09T08:50:47,517.66
1434,0003,ITAU,PEDRO,SAQUE,2022-02-05T09:55:41,756.27
4657,0009,ITAU,FELIPE,SAQUE,2022-02-05T15:38:48,646.99
1488,0007,CAIXA,ANA,SAQUE,2022-02-07T03:21:17,160.36
2824,0004,CAIXA,JULIA,SAQUE,2022-02-04T14:31:58,43.59
2824,0002,CAIXA,MARIA,DEPOSITO,2022-02-03T00:04:31,1309.94
2679,0000,SANTANDER,SANDRA,DEPOSITO,2022-02-08T12:07:59,1281.26
1434,0008,SANTANDER,SANDRA,DEPOSITO,2022-02-02T10:23:20,823.45
1488,0001,ITAU,LUCIA,DEPOSITO,2022-02-04T06:04:53,513.69
5506,0007,ITAU,ANA,DEPOSITO,2022-02-09T23:51:01,825.16
1434,0007,SANTANDER,MARCOS,DEPOSITO,2022-02-07T22:19:46,1210.44
4657,0003,SANTANDER,FELIPE,SAQUE,2022-02-08T12:28:42,901.24
4582,0008,CAIXA,ANA,SAQUE,2022-02-02T08:24:16,1087.76
1488,0007,ITAU,PEDRO,SAQUE,2022-02-04T18:28:17,652.96
4582,0003,SANTANDER,LUCIA,DEPOSITO,2022-02-05T16:35:57,805.94
7912,0004,CAIXA,LUCIA,SAQUE,2022-02-09T12:39:22,1150.87
1434,0001,SANTANDER,CARLOS,DEPOSITO,2022-02-02T12:27:44,182.22
1488,0006,ITAU,PEDRO,SAQUE,2022-02-01T18:57:56,660.42
2679,0009,ITAU,SANDRA,DEPOSITO,2022-02-10T03:48:45,348.42
4582,0005,SANTANDER,LUCIA,DEPOSITO,2022-02-02T00:24:33,1220.81
1434,0006,SANTANDER,ANA,SAQUE,2022-02-05T07:56:32,75.14
4657,0002,SANTANDER,ANA,SAQUE,2022-02-02T13:44:20,723.27
5506,0006,SANTANDER,JULIA,DEPOSITO,2022-02-10T00:14:32,747.44
1488,0003,SANTANDER,JOAO,SAQUE,2022-02-04T15:20:40,1172.51
1434,0008,SANTANDER,MARIA,DEPOSITO,2022-02-06T01:45:30,90.46
1488,0000,CAIXA,FELIPE,DEPOSITO,2022-02-07T09:50:42,1368.95
7912,0007,ITAU,JULIA,DEPOSITO,2022-02-09T21:14:24,192.89
9279,0007,SANTANDER,MARCOS,SAQUE,2022-02-01T08:17:43,1430.04
4582,0000,CAIXA,JOAO,SAQUE,2022-02-02T02:42:17,457.62
2424,0008,ITAU,CARLOS,SAQUE,2022-02-05T17:31:52,38.08
2424,0003,ITAU,PEDRO,DEPOSITO,2022-02-09T02:18:42,575.20
4582,0009,SANTANDER,JOAO,DEPOSITO,2022-02-05T07:23:59,816.91
1434,0004,SANTANDER,JOAO,DEPOSITO,2022-02-05T05:24:06,1138.31
2824,0003,SANTANDER,LUCIA,DEPOSITO,2022-02-09T20:11:14,834.41
9279,0006,ITAU,CARLOS,SAQUE,2022-02-05T17:09:12,252.20
4657,0006,CAIXA,LUCIA,SAQUE,2022-02-04T10:01:01,1201.39
1434,0000,SANTANDER,JOAO,SAQUE,2022-02-01T13:20:21,860.91
1434,0007,ITAU,JOAO,SAQUE,2022-02-10T10:49:43,1175.82
9279,0008,ITAU,JOAO,SAQUE,2022-02-03T06:10:09,1255.64
9279,0003,ITAU,MARCOS,DEPOSITO,2022-02-05T10:34:49,704.99
2824,0009,CAIXA,CARLOS,DEPOSITO,2022-02-02T01:15:50,873.56
2824,0000,SANTANDER,MARIA,DEPOSITO,2022-02-04T05:14:39,666.25
1434,0007,ITAU,ANA,DEPOSITO,2022-02-02T20:52:57,949.20
9279,0009,SANTANDER,FELIPE,DEPOSITO,2022-02-07T05:41:13,284.54
2824,0000,ITAU,LUCIA,DEPOSITO,2022-02-09T18:13:19,100.61
4657,0002,CAIXA,MARIA,DEPOSITO,2022-02-05T07:57:38,904.86
1488,0001,CAIXA,MARCOS,DEPOSITO,2022-02-03T23:07:10,771.44
2824,0005,ITAU,MARIA,SAQUE,2022-02-06T06:18:51,116.38
5506,0008,SANTANDER,MARIA,SAQUE,2022-02-06T00:58:23,509.13
2824,0005,CAIXA,SANDRA,DEPOSITO,2022-02-01T15:05:17,248.87
2679,0003,CAIXA,LUCIA,DEPOSITO,2022-02-04T21:17:35,917.47
4582,0005,SANTANDER,MARIA,DEPOSITO,2022-02-08T03:48:50,574.47
1434,0003,CAIXA,FELIPE,DEPOSITO,2022-02-03T19:30:30,1438.35
2679,0007,CAIXA,JULIA,SAQUE,2022-02-02T13:24:31,813.06
1434,0000,ITAU,MARCOS,SAQUE,2022-02-03T10:53:57,482.24
1488,0008,SANTANDER,MARIA,DEPOSITO,2022-02-05T11:31:27,1200.52
5506,0002,SANTANDER,FELIPE,DEPOSITO,2022-02-06T01:29:38,673.06
9279,0009,ITAU,JULIA,DEPOSITO,2022-02-09T00:23:26,1372.81
2679,0006,SANTANDER,MARCOS,SAQUE,2022-02-02T14:35:06,352.35
2824,0001,SANTANDER,SANDRA,DEPOSITO,2022-02-10T17:54:15,912.26
7912,0009,SANTANDER,FELIPE,DEPOSITO,2022-02-07T05:11:38,618.67
7912,0002,SANTANDER,PEDRO,DEPOSITO,2022-02-01T06:36:45,1315.84
4582,0004,ITAU,JOAO,SAQUE,2022-02-02T14:54:37,1116.85
2424,0004,SANTANDER,ANA,DEPOSITO,2022-02-07T12:16:01,207.24
2824,0002,SANTANDER,ANA,SAQUE,2022-02-04T00:25:02,1048.42
4657,0001,SANTANDER,MARIA,DEPOSITO,2022-02-01T15:16:15,1491.26
2824,0008,CAIXA,CARLOS,SAQUE,2022-02-06T08:59:54,1113.64
2679,0002,ITAU,ANA,DEPOSITO,2022-02-08T05:48:56,1088.32
2424,0001,SANTANDER,LUCIA,SAQUE,2022-02-06T14:11:37,1014.12
1488,0000,SANTANDER,ANA,SAQUE,2022-02-02T06:19:05,1417.70
1434,0003,SANTANDER,MARIA,DEPOSITO,2022-02-07T11:04:05,850.56
7912,0005,ITAU,JOAO,SAQUE,2022-02-10T06:40:26,582.26
1434,0001,ITAU,PEDRO,SAQUE,2022-02-08T01:36:55,783.51
2824,0008,SANTANDER,MARIA,SAQUE,2022-02-04T13:56:05,256.73
1434,0002,ITAU,PEDRO,DEPOSITO,2022-02-04T05:39:31,439.83
2679,0005,ITAU,JOAO,DEPOSITO,2022-02-07T18:55:25,153.00
2679,0006,ITAU,SANDRA,DEPOSITO,2022-02-07T15:19:52,1440.19
1434,0004,CAIXA,MARCOS,DEPOSITO,2022-02-04T12:11:08,560.62
4657,0002,SANTANDER,MARCOS,DEPOSITO,2022-02-04T16:00:08,1248.25
2824,0002,SANTANDER,CARLOS,SAQUE,2022-02-02T17:56:44,401.95
7912,0003,SANTANDER,FELIPE,DEPOSITO,2022-02-05T01:22:25,1093.77
4657,0001,ITAU,JOAO,SAQUE,2022-02-07T07:28:16,949.63
2679,0001,ITAU,CARLOS,DEPOSITO,2022-02-10T17:25:16,1399.23
4582,0006,ITAU,JULIA,DEPOSITO,2022-02-08T16:48:16,1424.28
1488,0000,SANTANDER,SANDRA,SAQUE,2022-02-03T18:14:06,1309.45
9279,0000,ITAU,ANA,SAQUE,2022-02-09T23:45:34,1222.66
1488,0007,SANTANDER,PEDRO,DEPOSITO,2022-02-09T20:45:57,1426.74
7912,0007,SANTANDER,FELIPE,SAQUE,2022-02-03T14:50:17,841.03
5506,0008,CAIXA,JOAO,SAQUE,2022-02-03T22:27:37,950.23
9279,0008,CAIXA,ANA,SAQUE,2022-02-04T15:10:45,1262.63
4657,0006,ITAU,CARLOS,SAQUE,2022-02-04T16:08:27,819.69
1488,0004,ITAU,JOAO,SAQUE,2022-02-05T00:52:23,1454.35
4657,0001,CAIXA,ANA,SAQUE,2022-02-09T02:30:42,1434.91
9279,0009,SANTANDER,CARLOS,DEPOSITO,2022-02-06T22:59:36,1162.79
1488,0004,ITAU,PEDRO,DEPOSITO,2022-02-07T05:54:39,443.49
2424,0004,SANTANDER,JULIA,SAQUE,2022-02-04T22:36:26,399.79
2824,0008,CAIXA,CARLOS,SAQUE,2022-02-01T18:00:27,398.44
2824,0008,SANTANDER,PEDRO,SAQUE,2022-02-01T15:23:04,958.04
4657,0009,CAIXA,PEDRO,DEPOSITO,2022-02-10T13:09:19,808.66
4582,0004,ITAU,MARIA,DEPOSITO,2022-02-01T07:53:47,911.39
4657,0007,CAIXA,MARIA,SAQUE,2022-02-07T19:08:11,1152.59
2679,0004,CAIXA,PEDRO,SAQUE,2022-02-02T23:49:18,807.85
5506,0004,ITAU,PEDRO,SAQUE,2022-02-05T14:59:41,1203.92
4582,0003,ITAU,JULIA,DEPOSITO,2022-02-01T12:36:07,1410.62
7912,0000,SANTANDER,JULIA,SAQUE,2022-02-01T14:24:39,1189.10
1488,0007,SANTANDER,LUCIA,DEPOSITO,2022-02-09T10:30:33,951.02
2824,0002,ITAU,FELIPE,SAQUE,2022-02-02T16:18:26,986.36
2679,0009,ITAU,FELIPE,SAQUE,2022-02-10T02:24:27,40.03
2824,0001,SANTANDER,FELIPE,SAQUE,2022-02-08T10:30:53,299.48
1488,0002,SANTANDER,JULIA,DEPOSITO,2022-02-06T15:45:37,460.21
4657,0006,SANTANDER,SANDRA,SAQUE,2022-02-06T07:12:19,571.11
2679,0003,ITAU,JULIA,SAQUE,2022-02-09T14:49:22,730.19
2424,0001,CAIXA,CARLOS,DEPOSITO,2022-02-09T22:00:39,1489.80
2424,0006,SANTANDER,FELIPE,SAQUE,2022-02-01T09:20:41,343.85
2824,0001,ITAU,MARIA,SAQUE,2022-02-08T21:19:44,849.10
9279,0009,ITAU,FELIPE,DEPOSITO,2022-02-03T14:35:10,845.72
2679,0009,ITAU,FELIPE,DEPOSITO,2022-02-06T20:00:56,610.76
5506,0005,ITAU,LUCIA,SAQUE,2022-02-04T20:48:44,385.52
1488,0003,SANTANDER,MARIA,SAQUE,2022-02-04T08:11:50,1308.43
1488,0001,SANTANDER,JULIA,SAQUE,2022-02-09T00:00:20,476.39
4657,0004,ITAU,MARCOS,DEPOSITO,2022-02-06T06:05:20,1382.63
7912,0006,SANTANDER,LUCIA,DEPOSITO,2022-02-02T13:28:38,784.71
7912,0003,SANTANDER,FELIPE,DEPOSITO,2022-02-07T02:19:38,1329.40
4657,0004,SANTANDER,ANA,SAQUE,2022-02-04T16:31:46,605.11
1434,0005,ITAU,JOAO,SAQUE,2022-02-05T14:20:24,926.50
5506,0003,CAIXA,JOAO,DEPOSITO,2022-02-09T18:12:01,1206.19
7912,0005,CAIXA,JOAO,SAQUE,2022-02-05T02:15:55,699.69
7912,0008,ITAU,MARCOS,DEPOSITO,2022-02-03T06:17:51,483.36
4657,0003,SANTANDER,LUCIA,SAQUE,2022-02-03T12:08:07,1055.18
1434,0005,ITAU,MARIA,DEPOSITO,2022-02-06T18:36:41,101.05
1488,0000,SANTANDER,MARIA,DEPOSITO,2022-02-01T06:12:35,523.99
2424,0000,CAIXA,CARLOS,SAQUE,2022-02-10T09:29:46,557.24
4657,0006,SANTANDER,JULIA,DEPOSITO,2022-02-02T22:29:25,125.44
2679,0009,CAIXA,ANA,SAQUE,2022-02-02T14:59:58,849.85
1434,0000,CAIXA,CARLOS,SAQUE,2022-02-08T06:34:35,867.73
1488,0006,ITAU,SANDRA,SAQUE,2022-02-01T02:52:20,321.87
4582,0001,ITAU,SANDRA,DEPOSITO,2022-02-06T20:35:00,223.57
2424,0008,SANTANDER,LUCIA,DEPOSITO,2022-02-06T10:09:47,772.44
2424,0004,CAIXA,JOAO,DEPOSITO,2022-02-05T20:38:09,368.75
5506,0003,ITAU,MARCOS,SAQUE,2022-02-07T10:08:01,474.53
2824,0005,SANTANDER,SANDRA,DEPOSITO,2022-02-08T18:41:35,1433.49
2824,0002,CAIXA,JULIA,SAQUE,2022-02-10T15:53:49,740.24
9279,0001,CAIXA,CARLOS,SAQUE,2022-02-05T12:36:30,275.24
2424,0001,ITAU,CARLOS,DEPOSITO,2022-02-03T09:43:21,929.29
1488,0007,CAIXA,LUCIA,DEPOSITO,2022-02-07T11:18:13,668.70
2824,0003,ITAU,JOAO,SAQUE,2022-02-05T13:32:05,150.22
9279,0004,ITAU,SANDRA,SAQUE,2022-02-04T10:10:47,59.96
4582,0008,CAIXA,JOAO,SAQUE,2022-02-08T00:45:15,941.65
2679,0002,ITAU,MARCOS,SAQUE,2022-02-10T04:31:44,268.92
7912,0005,ITAU,MARIA,DEPOSITO,2022-02-09T17:51:40,923.25
4582,0008,CAIXA,FELIPE,SAQUE,2022-02-02T12:52:48,1252.76
2824,0006,CAIXA,LUCIA,SAQUE,2022-02-07T16:34:12,155.24
5506,0005,CAIXA,SANDRA,DEPOSITO,2022-02-09T05:49:33,505.67
2424,0007,ITAU,MARIA,DEPOSITO,2022-02-05T23:31:37,1411.41
7912,0008,ITAU,PEDRO,DEPOSITO,2022-02-02T02:33:07,1096.15
7912,0007,SANTANDER,JOAO,DEPOSITO,2022-02-06T01:17:51,1036.19
1434,0002,CAIXA,JOAO,SAQUE,2022-02-06T17:54:00,185.39
7912,0002,ITAU,MARCOS,DEPOSITO,2022-02-02T04:28:20,183.23
4582,0006,CAIXA,MARIA,DEPOSITO,2022-02-10T15:49:50,1152.42
1488,0000,CAIXA,MARIA,SAQUE,2022-02-09T21:03:19,131.10
2824,0005,SANTANDER,PEDRO,DEPOSITO,2022-02-05T16:34:35,472.63
2824,0006,ITAU,ANA,SAQUE,2022-02-03T08:55:29,626.83
4657,0008,SANTANDER,JOAO,SAQUE,2022-02-04T07:08:55,1049.36
2679,0008,CAIXA,SANDRA,SAQUE,2022-02-08T21:02:23,529.80
2424,0005,CAIXA,ANA,DEPOSITO,2022-02-08T04:33:10,1425.00
5506,0000,ITAU,SANDRA,DEPOSITO,2022-02-06T08:27:48,1490.70
1488,0000,ITAU,MARIA,SAQUE,2022-02-10T11:21:58,145.23
2679,0005,SANTANDER,MARCOS,SAQUE,2022-02-02T11:40:38,56.86
1434,0004,CAIXA,ANA,SAQUE,2022-02-05T14:31:46,884.36
5506,0007,ITAU,SANDRA,DEPOSITO,2022-02-02T08:33:54,490.33
4657,0005,SANTANDER,CARLOS,SAQUE,2022-02-08T22:48:12,508.72
4582,0008,CAIXA,JOAO,DEPOSITO,2022-02-03T08:19:03,705.59
1488,0000,CAIXA,MARCOS,SAQUE,2022-02-06T20:01:56,1099.12
2824,0007,ITAU,MARIA,SAQUE,2022-02-05T22:56:19,729.01
2824,0009,SANTANDER,JULIA,DEPOSITO,2022-02-10T11:33:33,637.27
2824,0009,CAIXA,SANDRA,DEPOSITO,2022-02-03T02:33:27,254.40
7912,0005,CAIXA,JULIA,DEPOSITO,2022-02-07T23:31:58,1427.73
7912,0001,SANTANDER,MARIA,DEPOSITO,2022-02-04T20:10:36,1455.78
7912,0006,ITAU,CARLOS,DEPOSITO,2022-02-09T01:55:41,696.28
1488,0004,ITAU,JOAO,SAQUE,2022-02-03T22:53:16,129.76
5506,0007,SANTANDER,PEDRO,DEPOSITO,2022-02-10T12:00:24,1030.22
2424,0006,SANTANDER,ANA,SAQUE,2022-02-07T18:14:37,158.87
4657,0004,ITAU,CARLOS,SAQUE,2022-02-10T08:21:02,1062.27
2824,0004,CAIXA,MARIA,DEPOSITO,2022-02-05T01:22:21,605.83
1434,0007,ITAU,CARLOS,DEPOSITO,2022-02-09T05:12:36,526.83
5506,0001,CAIXA,SANDRA,DEPOSITO,2022-02-05T13:36:43,1154.09
1488,0005,SANTANDER,LUCIA,SAQUE,2022-02-08T22:07:56,1372.73
4657,0001,SANTANDER,PEDRO,DEPOSITO,2022-02-06T08:54:50,324.74
2424,0008,ITAU,ANA,SAQUE,2022-02-04T20:42:23,234.61
2679,0002,SANTANDER,JOAO,SAQUE,2022-02-05T22:04:59,277.48
2424,0007,ITAU,FELIPE,SAQUE,2022-02-02T07:37:50,1032.24
9279,0007,SANTANDER,MARIA,DEPOSITO,2022-02-05T17:56:22,866.28
2424,0000,CAIXA,CARLOS,SAQUE,2022-02-04T18:20:10,1159.33
9279,0001,CAIXA,FELIPE,SAQUE,2022-02-10T13:34:41,758.07
2679,0004,CAIXA,MARIA,DEPOSITO,2022-02-06T05:36:44,1180.39
1434,0000,ITAU,FELIPE,DEPOSITO,2022-02-09T16:11:15,20.37
2824,0007,ITAU,JULIA,SAQUE,2022-02-06T17:27:59,657.98
5506,0000,SANTANDER,MARCOS,SAQUE,2022-02-08T08:39:41,556.99
2679,0000,ITAU,MARIA,SAQUE,2022-02-01T08:56:53,1152.58
5506,0000,CAIXA,JOAO,SAQUE,2022-02-06T12:13:32,631.42
2679,0004,ITAU,LUCIA,DEPOSITO,2022-02-01T12:45:30,542.29
7912,0008,SANTANDER,ANA,DEPOSITO,2022-02-02T14:48:37,807.13
1434,0006,CAIXA,JOAO,SAQUE,2022-02-09T10:46:40,1458.06
5506,0007,ITAU,JULIA,SAQUE,2022-02-05T01:13:12,70.56
4657,0001,CAIXA,SANDRA,DEPOSITO,2022-02-09T21:22:56,579.05
2824,0002,SANTANDER,JOAO,SAQUE,2022-02-03T07:40:04,607.10
1434,0003,CAIXA,FELIPE,DEPOSITO,2022-02-04T18:24:29,860.63
1488,0004,SANTANDER,PEDRO,DEPOSITO,2022-02-06T19:50:30,567.61
1434,0004,ITAU,ANA,SAQUE,2022-02-01T15:25:04,757.33
4582,0004,CAIXA,JOAO,SAQUE,2022-02-03T14:25:38,17.53
5506,0002,ITAU,ANA,SAQUE,2022-02-08T08:35:20,407.91
4657,0009,SANTANDER,PEDRO,DEPOSITO,2022-02-03T18:28:55,1066.42
1434,0001,CAIXA,SANDRA,SAQUE,2022-02-08T18:59:07,885.99
5506,0001,SANTANDER,CARLOS,SAQUE,2022-02-01T05:45:17,1395.51
9279,0006,CAIXA,MARIA,SAQUE,2022-02-10T02:23:02,236.15
1434,0002,CAIXA,ANA,SAQUE,2022-02-01T11:29:33,390.98
2679,0001,SANTANDER,MARCOS,SAQUE,2022-02-10T03:58:06,133.81
4582,0005,CAIXA,JOAO,SAQUE,2022-02-06T18:13:43,682.73
2424,0004,ITAU,SANDRA,DEPOSITO,2022-02-07T22:37:52,940.16
2679,0005,SANTANDER,JOAO,SAQUE,2022-02-05T15:24:14,1484.62
1488,0002,CAIXA,SANDRA,DEPOSITO,2022-02-03T17:40:49,154.50
2424,0003,SANTANDER,JOAO,DEPOSITO,2022-02-10T09:27:46,1298.69
2824,0001,SANTANDER,MARIA,DEPOSITO,2022-02-08T08:38:17,633.09
2424,0006,SANTANDER,FELIPE,SAQUE,2022-02-07T13:11:55,758.43
7912,0005,SANTANDER,MARCOS,SAQUE,2022-02-06T13:00:28,436.56
9279,0005,CAIXA,JOAO,DEPOSITO,2022-02-05T03:23:41,803.67
2424,0004,ITAU,FELIPE,SAQUE,2022-02-06T03:52:29,874.44
2679,0002,CAIXA,LUCIA,DEPOSITO,2022-02-08T14:39:33,216.47
1434,0006,ITAU,SANDRA,SAQUE,2022-02-05T00:45:48,1418.78
4582,0009,CAIXA,SANDRA,SAQUE,2022-02-05T13:57:03,1029.70
9279,0001,CAIXA,CARLOS,DEPOSITO,2022-02-03T01:05:58,1276.96
1488,0001,ITAU,PEDRO,DEPOSITO,2022-02-09T17:42:37,713.53
1434,0008,SANTANDER,JOAO,DEPOSITO,2022-02-03T14:23:22,1342.72
7912,0008,CAIXA,PEDRO,SAQUE,2022-02-10T18:09:56,1484.67
1488,0008,CAIXA,FELIPE,SAQUE,2022-02-03T00:29:03,1309.41
2424,0003,SANTANDER,FELIPE,DEPOSITO,2022-02-09T08:44:53,1125.43
2679,0002,CAIXA,CARLOS,DEPOSITO,2022-02-04T05:50:00,1176.73
4582,0000,SANTANDER,SANDRA,DEPOSITO,2022-02-09T21:33:59,663.40
9279,0004,ITAU,LUCIA,SAQUE,2022-02-07T07:05:49,605.15
1434,0002,CAIXA,FELIPE,DEPOSITO,2022-02-10T06:51:38,1272.13
7912,0006,SANTANDER,ANA,SAQUE,2022-02-05T05:04:42,625.21
4657,0008,CAIXA,PEDRO,SAQUE,2022-02-08T21:06:03,154.72
2824,0008,SANTANDER,MARCOS,DEPOSITO,2022-02-05T05:50:17,1137.90
4582,0005,ITAU,MARCOS,SAQUE,2022-02-08T07:14:03,856.66
1434,0001,CAIXA,JULIA,SAQUE,2022-02-05T14:06:45,48.65
1434,0000,SANTANDER,JOAO,SAQUE,2022-02-03T00:12:12,1417.74
7912,0005,CAIXA,MARCOS,SAQUE,2022-02-09T12:33:06,240.12
4582,0006,CAIXA,JOAO,SAQUE,2022-02-03T20:28:49,393.39
5506,0003,CAIXA,JOAO,DEPOSITO,2022-02-04T05:39:22,880.51
5506,0005,CAIXA,JULIA,SAQUE,2022-02-03T03:43:47,720.69
9279,0005,CAIXA,JULIA,SAQUE,2022-02-05T16:11:19,789.77
4582,0002,SANTANDER,MARCOS,DEPOSITO,2022-02-05T16:44:25,731.16
2824,0009,CAIXA,PEDRO,SAQUE,2022-02-02T21:48:39,317.58
1434,0007,CAIXA,FELIPE,DEPOSITO,2022-02-06T15:52:53,541.19
4582,0004,CAIXA,JULIA,DEPOSITO,2022-02-05T11:59:20,1114.65
2679,0003,CAIXA,FELIPE,SAQUE,2022-02-04T09:10:00,766.05
9279,0009,CAIXA,JULIA,DEPOSITO,2022-02-01T18:23:53,1455.95
7912,0006,ITAU,PEDRO,DEPOSITO,2022-02-10T01:28:14,391.55
2824,0003,SANTANDER,MARCOS,DEPOSITO,2022-02-08T11:31:07,69.95
7912,0003,SANTANDER,FELIPE,DEPOSITO,2022-02-01T20:38:21,1102.67
1434,0008,SANTANDER,LUCIA,DEPOSITO,2022-02-08T04:41:07,349.10
4657,0006,SANTANDER,FELIPE,DEPOSITO,2022-02-08T18:43:58,485.10
4657,0003,CAIXA,FELIPE,SAQUE,2022-02-03T11:35:24,134.25
1434,0004,ITAU,PEDRO,SAQUE,2022-02-01T04:53:28,456.94
1434,0008,ITAU,MARCOS,DEPOSITO,2022-02-08T19:01:55,887.52
7912,0001,CAIXA,JOAO,SAQUE,2022-02-07T01:34:33,906.02
2824,0003,ITAU,MARCOS,SAQUE,2022-02-04T17:22:12,1427.64
2824,0008,ITAU,MARIA,SAQUE,2022-02-07T04:37:19,1019.99
9279,0008,ITAU,ANA,SAQUE,2022-02-07T06:30:39,19.71
2824,0002,SANTANDER,ANA,DEPOSITO,2022-02-09T06:06:46,1143.05
1488,0006,SANTANDER,MARIA,DEPOSITO,2022-02-02T09:45:32,298.46
9279,0002,CAIXA,JULIA,SAQUE,2022-02-07T12:35:04,486.82
5506,0005,ITAU,JOAO,DEPOSITO,2022-02-02T23:07:27,860.80
7912,0001,CAIXA,CARLOS,DEPOSITO,2022-02-08T11:48:20,1280.01
1488,0000,SANTANDER,MARCOS,SAQUE,2022-02-04T08:33:28,1171.83
5506,0001,SANTANDER,JOAO,SAQUE,2022-02-05T03:17:53,226.03
2424,0007,SANTANDER,JOAO,SAQUE,2022-02-10T08:14:43,849.30
9279,0000,ITAU,LUCIA,SAQUE,2022-02-02T18:51:07,536.88
2824,0001,ITAU,PEDRO,DEPOSITO,2022-02-04T04:38:21,996.46
2679,0003,CAIXA,MARIA,SAQUE,2022-02-05T00:57:25,1188.47
2824,0002,ITAU,PEDRO,DEPOSITO,2022-02-06T10:17:01,930.16
1434,0008,ITAU,PEDRO,DEPOSITO,2022-02-06T21:48:43,494.97
1434,0004,ITAU,CARLOS,SAQUE,2022-02-08T10:48:36,382.27
2679,0001,SANTANDER,FELIPE,DEPOSITO,2022-02-04T10:29:55,963.05
4657,0001,CAIXA,JOAO,DEPOSITO,2022-02-10T04:29:49,713.04
2824,0009,ITAU,CARLOS,DEPOSITO,2022-02-08T05:53:18,1312.19
1434,0003,CAIXA,JULIA,DEPOSITO,2022-02-05T01:35:07,663.01
4657,0001,SANTANDER,JOAO,SAQUE,2022-02-02T19:00:30,1037.46
1488,0008,SANTANDER,MARCOS,DEPOSITO,2022-02-06T18:30:15,284.37
2824,0000,CAIXA,MARIA,DEPOSITO,2022-02-09T15:10:00,1019.73
2424,0004,SANTANDER,LUCIA,DEPOSITO,2022-02-06T01:44:32,187.59
5506,0007,CAIXA,LUCIA,DEPOSITO,2022-02-07T07:18:05,1370.34
5506,0003,SANTANDER,CARLOS,DEPOSITO,2022-02-10T18:36:35,1440.08
4657,0009,ITAU,JOAO,SAQUE,2022-02-10T00:00:49,955.22
2679,0002,CAIXA,JULIA,DEPOSITO,2022-02-10T18:42:03,802.33
2424,0000,SANTANDER,MARCOS,DEPOSITO,2022-02-10T09:31:58,1130.34
7912,0009,SANTANDER,MARCOS,DEPOSITO,2022-02-01T23:21:53,979.16
1434,0000,ITAU,MARCOS,SAQUE,2022-02-05T23:01:47,1335.20
5506,0004,ITAU,SANDRA,SAQUE,2022-02-03T19:41:50,38.12
5506,0003,SANTANDER,JOAO,DEPOSITO,2022-02-10T09:43:34,880.72
1434,0005,ITAU,PEDRO,SAQUE,2022-02-09T18:19:31,1340.93
4582,0003,CAIXA,ANA,DEPOSITO,2022-02-02T07:28:57,469.64
5506,0001,ITAU,LUCIA,DEPOSITO,2022-02-01T22:16:11,814.71
2824,0006,ITAU,PEDRO,DEPOSITO,2022-02-06T05:40:33,461.36
4657,0004,ITAU,MARIA,DEPOSITO,2022-02-06T10:08:56,214.60
9279,0004,ITAU,MARCOS,DEPOSITO,2022-02-06T12:14:16,576.82
4657,0005,CAIXA,PEDRO,SAQUE,2022-02-02T14:24:04,889.42
4657,0008,CAIXA,SANDRA,DEPOSITO,2022-02-03T15:09:21,252.70
2424,0006,ITAU,SANDRA,SAQUE,2022-02-04T22:23:32,1127.03
4657,0008,ITAU,FELIPE,SAQUE,2022-02-07T06:16:27,722.19
4657,0001,SANTANDER,LUCIA,SAQUE,2022-02-05T22:41:33,1207.08
2824,0006,CAIXA,JOAO,DEPOSITO,2022-02-09T00:00:13,656.88
2824,0001,ITAU,FELIPE,SAQUE,2022-02-01T06:42:39,1315.15
7912,0003,ITAU,ANA,DEPOSITO,2022-02-01T04:47:44,274.26
1434,0006,CAIXA,ANA,SAQUE,2022-02-01T19:54:53,1145.81
2424,0005,ITAU,JOAO,SAQUE,2022-02-02T23:57:52,930.16
7912,0001,ITAU,JULIA,DEPOSITO,2022-02-09T04:51:29,1115.53
2424,0001,SANTANDER,ANA,DEPOSITO,2022-02-04T19:14:32,751.36
5506,0007,SANTANDER,SANDRA,SAQUE,2022-02-01T09:37:04,52.43
2679,0004,CAIXA,LUCIA,DEPOSITO,2022-02-01T15:38:18,1371.23
5506,0006,ITAU,JULIA,DEPOSITO,2022-02-01T06:26:44,245.68
9279,0004,CAIXA,CARLOS,DEPOSITO,2022-02-06T20:38:56,177.49
4582,0000,SANTANDER,MARCOS,DEPOSITO,2022-02-08T19:35:31,1286.80
2679,0001,CAIXA,MARCOS,SAQUE,2022-02-09T01:16:38,201.02
1488,0005,ITAU,FELIPE,SAQUE,2022-02-08T00:28:48,744.27
1488,0002,CAIXA,JULIA,DEPOSITO,2022-02-02T19:37:42,1210.12
4657,0006,ITAU,FELIPE,SAQUE,2022-02-08T13:13:49,430.63
5506,0008,CAIXA,JOAO,DEPOSITO,2022-02-04T17:47:54,1097.75
5506,0004,SANTANDER,SANDRA,SAQUE,2022-02-02T16:27:24,1142.24
4582,0006,ITAU,ANA,DEPOSITO,2022-02-05T18:14:33,1124.42
1488,0005,SANTANDER,LUCIA,DEPOSITO,2022-02-10T17:35:19,955.60
5506,0006,CAIXA,MARIA,DEPOSITO,2022-02-06T23:01:28,862.41
9279,0009,SANTANDER,SANDRA,SAQUE,2022-02-03T16:40:12,683.64
2679,0001,SANTANDER,JULIA,SAQUE,2022-02-04T11:26:52,185.55
2679,0008,CAIXA,ANA,SAQUE,2022-02-07T00:02:48,518.06
4657,0001,SANTANDER,FELIPE,SAQUE,2022-02-04T06:39:32,1147.27
4657,0002,CAIXA,LUCIA,DEPOSITO,2022-02-06T15:19:53,150.93
9279,0004,CAIXA,JOAO,DEPOSITO,2022-02-04T19:31:24,1311.23
1488,0005,CAIXA,FELIPE,DEPOSITO,2022-02-07T06:54:22,602.36
5506,0003,CAIXA,PEDRO,DEPOSITO,2022-02-10T02:58:25,306.03
2679,0006,CAIXA,ANA,DEPOSITO,2022-02-05T11:43:32,1202.39
7912,0009,ITAU,JULIA,DEPOSITO,2022-02-02T07:15:42,567.96
4582,0004,SANTANDER,ANA,SAQUE,2022-02-04T11:11:25,1288.86
5506,0005,CAIXA,CARLOS,SAQUE,2022-02-06T18:24:37,1341.68
2679,0000,ITAU,JOAO,DEPOSITO,2022-02-09T16:24:49,121.56
7912,0005,SANTANDER,SANDRA,DEPOSITO,2022-02-06T01:37:29,98.24
2424,0004,CAIXA,ANA,DEPOSITO,2022-02-03T00:32:08,592.95
1488,0000,ITAU,PEDRO,DEPOSITO,2022-02-01T22:38:17,1253.15
7912,0006,SANTANDER,CARLOS,DEPOSITO,2022-02-08T04:45:31,1091.71
4657,0003,SANTANDER,ANA,SAQUE,2022-02-01T05:13:52,1143.27
9279,0006,CAIXA,JULIA,DEPOSITO,2022-02-08T08:24:16,1159.77
1434,0008,ITAU,MARCOS,SAQUE,2022-02-07T15:44:51,1235.14
2424,0000,ITAU,FELIPE,SAQUE,2022-02-01T14:01:41,1314.10
9279,0000,ITAU,MARCOS,SAQUE,2022-02-09T16:49:38,881.62
1434,0009,SANTANDER,JULIA,DEPOSITO,2022-02-09T23:14:05,141.97
2424,0007,CAIXA,PEDRO,SAQUE,2022-02-06T08:03:45,1256.70
2824,0000,CAIXA,FELIPE,SAQUE,2022-02-09T23:26:01,1265.06
5506,0002,ITAU,JULIA,SAQUE,2022-02-04T03:16:33,635.27
1488,0009,SANTANDER,FELIPE,SAQUE,2022-02-07T02:16:00,371.69
9279,0003,CAIXA,JOAO,DEPOSITO,2022-02-09T16:28:06,1495.98
2424,0007,CAIXA,SANDRA,SAQUE,2022-02-09T04:32:04,913.88
1488,0001,CAIXA,FELIPE,DEPOSITO,2022-02-02T12:18:39,867.68
4582,0001,CAIXA,SANDRA,SAQUE,2022-02-09T19:18:40,1224.77
4582,0004,CAIXA,MARCOS,SAQUE,2022-02-07T10:21:39,864.28
4582,0001,ITAU,CARLOS,DEPOSITO,2022-02-03T06:44:17,331.90
9279,0000,SANTANDER,JOAO,SAQUE,2022-02-09T22:26:52,1204.82
2824,0008,ITAU,MARIA,SAQUE,2022-02-04T02:32:01,1460.63
2824,0005,ITAU,MARIA,SAQUE,2022-02-08T18:59:43,1051.67
5506,0005,SANTANDER,JULIA,SAQUE,2022-02-10T05:30:52,1113.65
1488,0001,SANTANDER,FELIPE,SAQUE,2022-02-07T14:52:00,534.19
1434,0008,CAIXA,FELIPE,DEPOSITO,2022-02-04T21:14:24,962.78
9279,0001,SANTANDER,ANA,SAQUE,2022-02-09T16:08:18,311.20
5506,0007,ITAU,MARCOS,SAQUE,2022-02-03T03:11:10,1134.61
2679,0000,CAIXA,PEDRO,SAQUE,2022-02-09T14:03:02,1364.16
4657,0006,ITAU,JULIA,DEPOSITO,2022-02-09T12:42:47,602.98
5506,0003,SANTANDER,FELIPE,SAQUE,2022-02-02T20:33:06,1279.79
2824,0009,CAIXA,CARLOS,DEPOSITO,2022-02-02T08:16:39,1382.67
4582,0006,CAIXA,FELIPE,SAQUE,2022-02-06T10:59:32,1499.16
1488,0006,ITAU,ANA,SAQUE,2022-02-03T19:28:32,49.28
1488,0007,CAIXA,MARCOS,DEPOSITO,2022-02-04T16:32:30,226.61
1434,0006,SANTANDER,MARCOS,SAQUE,2022-02-07T18:39:02,627.64
2824,0001,SANTANDER,ANA,SAQUE,2022-02-05T18:50:47,944.61
5506,0003,SANTANDER,CARLOS,SAQUE,2022-02-03T22:27:26,553.13
1488,0003,CAIXA,FELIPE,DEPOSITO,2022-02-09T14:41:36,489.28
2679,0008,CAIXA,ANA,DEPOSITO,2022-02-10T14:30:52,1471.71
1488,0001,CAIXA,MARIA,DEPOSITO,2022-02-08T10:02:55,1212.81
4582,0008,CAIXA,JULIA,DEPOSITO,2022-02-08T01:21:34,703.28
7912,0007,CAIXA,MARCOS,SAQUE,2022-02-01T20:55:38,890.68
7912,0002,CAIXA,MARCOS,DEPOSITO,2022-02-06T20:55:19,1344.80
1434,0000,CAIXA,MARIA,DEPOSITO,2022-02-04T10:30:41,1432.55
7912,0004,ITAU,LUCIA,SAQUE,2022-02-10T08:43:54,651.94
2824,0001,ITAU,MARCOS,SAQUE,2022-02-09T06:36:20,812.21
1434,0001,ITAU,SANDRA,SAQUE,2022-02-07T15:16:04,224.91
1434,0002,ITAU,SANDRA,DEPOSITO,2022-02-05T10:28:16,1071.05
7912,0006,ITAU,SANDRA,DEPOSITO,2022-02-09T22:49:59,799.36
9279,0002,SANTANDER,SANDRA,DEPOSITO,2022-02-01T10:40:59,1255.25
2424,0004,SANTANDER,FELIPE,DEPOSITO,2022-02-08T01:17:05,1419.76
4657,0000,SANTANDER,MARCOS,DEPOSITO,2022-02-03T07:23:38,1272.43
4657,0005,SANTANDER,ANA,SAQUE,2022-02-07T03:38:14,1319.81
4657,0001,SANTANDER,CARLOS,DEPOSITO,2022-02-08T22:36:44,347.69
4582,0003,ITAU,FELIPE,SAQUE,2022-02-08T10:39:04,40.40
4582,0007,SANTANDER,MARIA,DEPOSITO,2022-02-07T12:12:43,261.08
1434,0001,ITAU,CARLOS,SAQUE,2022-02-07T23:33:33,51.20
7912,0003,ITAU,ANA,DEPOSITO,2022-02-07T03:12:21,958.36
1434,0001,CAIXA,MARIA,DEPOSITO,2022-02-02T23:08:44,1309.42
7912,0003,ITAU,ANA,SAQUE,2022-02-10T10:57:03,1062.49
4657,0000,SANTANDER,MARCOS,DEPOSITO,2022-02-07T14:40:43,936.90
2679,0005,ITAU,FELIPE,SAQUE,2022-02-08T05:58:31,1027.72
5506,0008,CAIXA,MARCOS,DEPOSITO,2022-02-08T12:41:58,909.22
2679,0002,SANTANDER,JULIA,SAQUE,2022-02-02T11:59:34,1178.25
1488,0004,ITAU,PEDRO,SAQUE,2022-02-07T01:02:27,220.66
1434,0002,CAIXA,MARIA,DEPOSITO,2022-02-06T22:01:40,1375.75
1434,0003,CAIXA,FELIPE,SAQUE,2022-02-07T22:04:44,1368.68
9279,0006,SANTANDER,CARLOS,DEPOSITO,2022-02-02T17:33:16,431.02
9279,0007,SANTANDER,CARLOS,SAQUE,2022-02-02T02:05:31,658.36
2424,0000,SANTANDER,FELIPE,SAQUE,2022-02-08T11:40:18,846.27
1488,0002,SANTANDER,JOAO,DEPOSITO,2022-02-01T14:13:14,796.05
4582,0003,ITAU,SANDRA,DEPOSITO,2022-02-10T01:25:07,964.99
2679,0007,CAIXA,LUCIA,SAQUE,2022-02-05T08:33:12,583.50
4582,0006,ITAU,CARLOS,DEPOSITO,2022-02-09T08:29:20,768.03
5506,0002,CAIXA,MARCOS,DEPOSITO,2022-02-09T17:35:56,1339.61
1434,0007,ITAU,PEDRO,SAQUE,2022-02-08T20:37:50,318.04
2824,0007,ITAU,CARLOS,DEPOSITO,2022-02-02T11:58:41,1351.48
5506,0004,ITAU,MARIA,DEPOSITO,2022-02-03T20:36:45,1480.76
2824,0004,CAIXA,ANA,DEPOSITO,2022-02-08T15:11:46,902.14
2824,0004,CAIXA,SANDRA,SAQUE,2022-02-09T00:23:32,315.27
2824,0006,SANTANDER,LUCIA,SAQUE,2022-02-05T15:56:31,1237.10
4582,0008,ITAU,JOAO,DEPOSITO,2022-02-05T21:16:58,943.54
7912,0008,ITAU,PEDRO,DEPOSITO,2022-02-02T11:40:18,960.02
2824,0004,SANTANDER,ANA,SAQUE,2022-02-10T01:39:43,259.38
2824,0002,ITAU,JULIA,SAQUE,2022-02-08T00:09:01,434.21
9279,0006,ITAU,CARLOS,DEPOSITO,2022-02-07T19:40:37,1425.81
4657,0006,ITAU,JULIA,DEPOSITO,2022-02-02T09:56:35,708.75
4657,0006,SANTANDER,CARLOS,DEPOSITO,2022-02-09T12:07:29,134.58
9279,0009,ITAU,SANDRA,SAQUE,2022-02-02T19:40:33,662.78
5506,0007,CAIXA,JULIA,DEPOSITO,2022-02-09T21:14:23,1155.14
7912,0001,SANTANDER,LUCIA,DEPOSITO,2022-02-04T03:08:45,518.61
2824,0003,ITAU,PEDRO,DEPOSITO,2022-02-02T22:41:14,593.05
9279,0007,SANTANDER,PEDRO,DEPOSITO,2022-02-05T03:55:44,944.55
2679,0005,ITAU,FELIPE,DEPOSITO,2022-02-04T13:55:27,906.47
4657,0004,CAIXA,JULIA,SAQUE,2022-02-09T09:32:45,94.50
5506,0001,ITAU,JULIA,DEPOSITO,2022-02-03T03:35:09,931.69
2424,0007,CAIXA,ANA,DEPOSITO,2022-02-01T03:48:48,1029.63
1488,0007,CAIXA,LUCIA,SAQUE,2022-02-02T12:56:33,1155.36
1434,0004,SANTANDER,JULIA,DEPOSITO,2022-02-06T20:51:51,39.49
1488,0008,CAIXA,SANDRA,SAQUE,2022-02-10T03:59:07,680.01
9279,0008,ITAU,JOAO,SAQUE,2022-02-08T19:32:45,1470.40
7912,0004,SANTANDER,MARCOS,SAQUE,2022-02-04T13:38:58,343.52
2824,0005,ITAU,ANA,SAQUE,2022-02-06T07:50:48,1112.61
1488,0004,ITAU,MARCOS,SAQUE,2022-02-07T15:49:02,1068.92
2424,0008,CAIXA,MARIA,DEPOSITO,2022-02-06T04:45:37,1413.40
5506,0001,SANTANDER,MARCOS,SAQUE,2022-02-06T17:06:12,1429.04
1488,0006,CAIXA,CARLOS,DEPOSITO,2022-02-03T14:04:17,1087.73
1434,0001,SANTANDER,PEDRO,DEPOSITO,2022-02-09T22:31:13,1422.53
1488,0004,ITAU,JULIA,SAQUE,2022-02-04T19:29:06,568.48
2824,0009,SANTANDER,MARCOS,DEPOSITO,2022-02-06T13:50:31,818.81
7912,0004,CAIXA,LUCIA,DEPOSITO,2022-02-07T18:47:12,333.60
1488,0004,CAIXA,CARLOS,DEPOSITO,2022-02-01T09:02:13,1415.37
1434,0005,CAIXA,ANA,SAQUE,2022-02-09T08:20:32,1475.61
9279,0006,CAIXA,CARLOS,DEPOSITO,2022-02-04T22:16:44,234.52
1434,0003,CAIXA,ANA,SAQUE,2022-02-10T08:26:55,481.16
4582,0007,ITAU,LUCIA,DEPOSITO,2022-02-02T03:04:15,1182.57
1488,0005,ITAU,MARIA,DEPOSITO,2022-02-05T09:59:23,476.81
1434,0008,SANTANDER,JOAO,DEPOSITO,2022-02-04T21:59:25,550.78
2679,0005,ITAU,MARIA,DEPOSITO,2022-02-02T07:39:29,441.71
2424,0005,CAIXA,ANA,SAQUE,2022-02-08T14:11:02,186.48
1488,0002,CAIXA,JULIA,SAQUE,2022-02-04T12:00:35,1052.80
7912,0004,SANTANDER,ANA,SAQUE,2022-02-01T13:33:51,154.63
1434,0001,SANTANDER,CARLOS,SAQUE,2022-02-01T07:54:23,263.98
9279,0009,SANTANDER,SANDRA,DEPOSITO,2022-02-01T07:52:41,676.53
7912,0005,CAIXA,MARIA,DEPOSITO,2022-02-01T22:09:36,1330.87
1488,0001,SANTANDER,JOAO,SAQUE,2022-02-02T10:25:02,1375.98
9279,0007,CAIXA,FELIPE,SAQUE,2022-02-10T18:54:45,908.19
2824,0006,CAIXA,SANDRA,SAQUE,2022-02-05T12:28:16,1487.64
4582,0006,CAIXA,JOAO,DEPOSITO,2022-02-03T02:42:08,739.52
5506,0007,SANTANDER,JOAO,SAQUE,2022-02-06T08:12:00,678.91
7912,0009,ITAU,MARCOS,DEPOSITO,2022-02-01T11:13:57,506.05
9279,0004,SANTANDER,SANDRA,DEPOSITO,2022-02-03T12:14:40,461.04
5506,0003,SANTANDER,LUCIA,SAQUE,2022-02-05T03:51:18,1048.32
2824,0003,ITAU,CARLOS,SAQUE,2022-02-05T06:56:38,207.19
4657,0001,CAIXA,MARCOS,SAQUE,2022-02-06T13:07:47,407.34
4657,0006,ITAU,FELIPE,DEPOSITO,2022-02-10T08:03:41,1218.03
1488,0002,ITAU,ANA,SAQUE,2022-02-08T00:40:29,106.79
1434,0002,ITAU,LUCIA,DEPOSITO,2022-02-05T05:27:25,1107.39
4657,0009,ITAU,SANDRA,SAQUE,2022-02-05T02:28:34,950.19
4657,0005,ITAU,LUCIA,DEPOSITO,2022-02-10T03:24:04,307.29
1488,0006,ITAU,FELIPE,DEPOSITO,2022-02-09T09:47:24,655.12
1488,0008,ITAU,FELIPE,SAQUE,2022-02-07T12:16:26,487.40
1434,0007,SANTANDER,MARCOS,DEPOSITO,2022-02-09T23:10:41,709.12
2824,0005,CAIXA,ANA,DEPOSITO,2022-02-03T11:41:04,128.54
4657,0006,ITAU,SANDRA,DEPOSITO,2022-02-09T14:49:10,1052.95
1434,0000,CAIXA,MARIA,DEPOSITO,2022-02-08T19:08:17,252.01
5506,0006,CAIXA,CARLOS,SAQUE,2022-02-04T03:11:19,335.20
4657,0007,ITAU,LUCIA,SAQUE,2022-02-03T01:03:57,429.36
1434,0004,ITAU,MARCOS,SAQUE,2022-02-01T19:41:18,1355.01
4657,0001,CAIXA,MARCOS,DEPOSITO,2022-02-09T06:33:25,1465.98
5506,0008,SANTANDER,MARIA,DEPOSITO,2022-02-09T21:53:30,858.11
9279,0001,CAIXA,MARCOS,SAQUE,2022-02-10T08:27:16,754.55
5506,0004,SANTANDER,PEDRO,DEPOSITO,2022-02-01T14:31:53,884.97
9279,0008,SANTANDER,MARCOS,SAQUE,2022-02-05T23:32:49,1385.93
2424,0007,ITAU,ANA,DEPOSITO,2022-02-05T18:23:53,1109.41
7912,0004,SANTANDER,MARIA,SAQUE,2022-02-08T18:14:02,1484.75
7912,0005,CAIXA,LUCIA,SAQUE,2022-02-09T02:50:58,1189.15
9279,0005,SANTANDER,ANA,DEPOSITO,2022-02-05T20:03:59,151.32
7912,0000,CAIXA,MARIA,DEPOSITO,2022-02-05T20:20:24,42.30
9279,0004,SANTANDER,JOAO,DEPOSITO,2022-02-08T10:50:42,293.02
5506,0002,ITAU,ANA,SAQUE,2022-02-01T19:30:03,1453.96
1488,0003,SANTANDER,MARIA,SAQUE,2022-02-02T19:18:10,915.65
7912,0001,CAIXA,PEDRO,SAQUE,2022-02-04T19:48:29,740.86
7912,0003,SANTANDER,JOAO,SAQUE,2022-02-08T08:35:58,921.32
5506,0009,SANTANDER,MARIA,SAQUE,2022-02-02T15:24:57,1212.62
1488,0006,SANTANDER,FELIPE,DEPOSITO,2022-02-06T03:33:16,676.15
2824,0003,SANTANDER,PEDRO,SAQUE,2022-02-06T20:47:38,954.47
5506,0009,ITAU,SANDRA,SAQUE,2022-02-02T15:07:28,1050.51
9279,0009,SANTANDER,SANDRA,DEPOSITO,2022-02-04T02:38:59,1221.85
2424,0005,CAIXA,LUCIA,SAQUE,2022-02-02T05:56:05,771.33
1434,0000,ITAU,MARIA,DEPOSITO,2022-02-06T16:51:44,798.56
2824,0005,SANTANDER,MARCOS,SAQUE,2022-02-10T16:34:18,1168.38
4582,0001,SANTANDER,LUCIA,SAQUE,2022-02-08T18:29:21,377.41
2824,0001,SANTANDER,SANDRA,SAQUE,2022-02-10T14:21:32,847.20
1488,0009,CAIXA,MARIA,DEPOSITO,2022-02-08T22:12:33,1237.96
1488,0003,CAIXA,FELIPE,SAQUE,2022-02-10T00:19:22,1102.80
4582,0000,SANTANDER,JOAO,DEPOSITO,2022-02-06T05:17:58,1188.16
2424,0002,SANTANDER,PEDRO,DEPOSITO,2022-02-01T10:29:21,451.19
2679,0005,CAIXA,MARCOS,DEPOSITO,2022-02-05T17:21:56,675.56
9279,0000,ITAU,MARCOS,SAQUE,2022-02-04T09:46:20,170.54
7912,0001,ITAU,SANDRA,SAQUE,2022-02-08T04:55:09,434.30
9279,0001,ITAU,FELIPE,DEPOSITO,2022-02-07T19:02:37,1302.93
2424,0001,SANTANDER,MARIA,SAQUE,2022-02-08T17:16:19,829.69
4582,0000,SANTANDER,ANA,SAQUE,2022-02-10T07:36:55,923.49
7912,0008,ITAU,SANDRA,DEPOSITO,2022-02-01T18:21:52,1326.06
7912,0006,ITAU,FELIPE,DEPOSITO,2022-02-07T10:21:55,235.84
5506,0002,SANTANDER,MARIA,SAQUE,2022-02-06T02:17:06,513.86
2424,0005,CAIXA,CARLOS,DEPOSITO,2022-02-08T21:02:15,791.77
2824,0006,ITAU,FELIPE,DEPOSITO,2022-02-02T11:39:47,678.26
1488,0008,ITAU,LUCIA,DEPOSITO,2022-02-09T13:11:39,88.20
7912,0003,SANTANDER,LUCIA,DEPOSITO,2022-02-02T22:33:04,1140.21
2424,0007,CAIXA,MARIA,SAQUE,2022-02-09T05:19:21,1136.38
2424,0003,ITAU,JOAO,SAQUE,2022-02-09T18:16:41,45.03
1488,0009,SANTANDER,LUCIA,DEPOSITO,2022-02-03T14:55:21,888.61
5506,0003,ITAU,LUCIA,SAQUE,2022-02-08T03:29:34,1055.72
1434,0000,SANTANDER,CARLOS,DEPOSITO,2022-02-01T04:14:06,236.86
1488,0009,SANTANDER,JULIA,SAQUE,2022-02-03T00:39:28,771.21
2424,0002,CAIXA,MARIA,DEPOSITO,2022-02-04T05:55:28,497.32
2679,0004,ITAU,JOAO,SAQUE,2022-02-08T09:50:17,52.94
1488,0006,CAIXA,ANA,DEPOSITO,2022-02-02T09:10:54,72.07
5506,0008,ITAU,JOAO,DEPOSITO,2022-02-04T18:27:27,1331.11
2824,0007,ITAU,PEDRO,SAQUE,2022-02-01T09:01:49,333.04
2424,0001,SANTANDER,ANA,SAQUE,2022-02-09T19:47:34,317.47
2679,0009,SANTANDER,CARLOS,DEPOSITO,2022-02-06T21:57:20,1382.02
4582,0009,ITAU,PEDRO,DEPOSITO,2022-02-01T02:10:23,928.39
9279,0004,CAIXA,LUCIA,SAQUE,2022-02-04T18:28:46,1395.94
1488,0006,SANTANDER,SANDRA,DEPOSITO,2022-02-05T13:17:48,154.88
4582,0000,ITAU,MARIA,DEPOSITO,2022-02-09T00:28:36,427.17
1488,0002,CAIXA,FELIPE,SAQUE,2022-02-06T15:11:03,221.34
4657,0006,SANTANDER,LUCIA,SAQUE,2022-02-02T10:53:15,270.13
1434,0008,ITAU,SANDRA,SAQUE,2022-02-09T14:49:19,412.40
2424,0007,ITAU,ANA,DEPOSITO,2022-02-09T07:34:54,107.09
7912,0007,CAIXA,MARCOS,SAQUE,2022-02-06T02:13:18,1247.37
2824,0008,ITAU,LUCIA,DEPOSITO,2022-02-04T11:53:24,1439.55
1488,0008,ITAU,JOAO,DEPOSITO,2022-02-03T08:52:25,1010.15
9279,0006,CAIXA,LUCIA,SAQUE,2022-02-09T14:50:33,842.83
5506,0008,SANTANDER,LUCIA,SAQUE,2022-02-08T08:17:19,552.41
2679,0003,ITAU,JULIA,DEPOSITO,2022-02-05T14:14:07,566.17
2424,0001,SANTANDER,MARIA,SAQUE,2022-02-08T03:05:36,616.43
9279,0003,SANTANDER,MARIA,SAQUE,2022-02-09T06:01:12,229.97
7912,0001,SANTANDER,MARIA,SAQUE,2022-02-04T03:50:39,138.80
7912,0007,SANTANDER,MARCOS,SAQUE,2022-02-09T08:15:25,1133.02
7912,0009,ITAU,JULIA,DEPOSITO,2022-02-07T15:26:32,902.20
4657,0003,CAIXA,PEDRO,SAQUE,2022-02-06T04:07:48,131.80
2679,0005,CAIXA,LUCIA,DEPOSITO,2022-02-04T04:17:10,867.44
5506,0003,SANTANDER,PEDRO,SAQUE,2022-02-05T00:53:58,738.88
2424,0002,ITAU,JULIA,SAQUE,2022-02-05T08:22:11,336.42
1488,0007,CAIXA,MARCOS,DEPOSITO,2022-02-10T05:30:52,1253.18
2824,0006,SANTANDER,FELIPE,SAQUE,2022-02-01T23:07:34,225.09
1488,0007,ITAU,JOAO,DEPOSITO,2022-02-02T06:13:39,817.53
4657,0002,SANTANDER,LUCIA,SAQUE,2022-02-03T08:11:15,190.40
2424,0007,CAIXA,MARCOS,DEPOSITO,2022-02-05T10:13:40,638.66
1488,0000,SANTANDER,SANDRA,SAQUE,2022-02-05T15:17:47,521.32
4582,0008,ITAU,SANDRA,SAQUE,2022-02-08T06:54:58,956.48
9279,0004,CAIXA,MARCOS,SAQUE,2022-02-04T04:35:47,533.73
5506,0008,ITAU,FELIPE,SAQUE,2022-02-08T14:45:00,1036.00
4657,0008,SANTANDER,CARLOS,DEPOSITO,2022-02-10T07:11:01,1444.52
4657,0008,SANTANDER,JULIA,DEPOSITO,2022-02-09T21:03:21,133.62
4582,0001,SANTANDER,MARIA,DEPOSITO,2022-02-06T18:46:55,909.38
4657,0007,CAIXA,JULIA,SAQUE,2022-02-06T01:41:32,332.67
4657,0003,ITAU,ANA,DEPOSITO,2022-02-06T11:32:38,1403.95
2679,0007,SANTANDER,MARCOS,SAQUE,2022-02-05T19:09:34,1048.73
7912,0008,SANTANDER,SANDRA,DEPOSITO,2022-02-07T01:08:14,1050.34
2424,0002,CAIXA,ANA,DEPOSITO,2022-02-05T02:37:34,442.53
1488,0007,SANTANDER,ANA,DEPOSITO,2022-02-06T23:43:27,306.69
1488,0001,CAIXA,ANA,SAQUE,2022-02-03T07:18:11,75.37
4657,0002,ITAU,SANDRA,SAQUE,2022-02-06T11:36:46,350.81
1434,0007,SANTANDER,ANA,DEPOSITO,2022-02-08T10:22:24,1113.13
4582,0003,CAIXA,MARCOS,SAQUE,2022-02-06T07:19:59,1193.56
2824,0004,CAIXA,MARIA,DEPOSITO,2022-02-01T11:51:45,633.75
5506,0008,SANTANDER,CARLOS,DEPOSITO,2022-02-04T06:38:00,107.11
4657,0007,ITAU,JULIA,DEPOSITO,2022-02-02T18:09:07,1360.86
2679,0001,CAIXA,FELIPE,DEPOSITO,2022-02-06T12:01:51,1000.32
7912,0009,SANTANDER,JOAO,SAQUE,2022-02-10T16:11:53,109.56
2824,0005,CAIXA,FELIPE,DEPOSITO,2022-02-02T21:01:26,356.05
4582,0002,CAIXA,CARLOS,DEPOSITO,2022-02-07T06:41:59,564.07
5506,0006,SANTANDER,JOAO,DEPOSITO,2022-02-02T18:00:59,461.98
9279,0006,ITAU,PEDRO,DEPOSITO,2022-02-06T21:24:08,999.41
2679,0002,ITAU,ANA,SAQUE,2022-02-08T16:43:48,834.02
9279,0003,ITAU,ANA,DEPOSITO,2022-02-01T21:53:56,1293.17
2424,0001,ITAU,SANDRA,DEPOSITO,2022-02-10T05:32:31,378.13
4582,0001,SANTANDER,JOAO,SAQUE,2022-02-06T07:53:09,98.91
2424,0008,CAIXA,LUCIA,DEPOSITO,2022-02-05T14:56:14,1010.77
2679,0004,CAIXA,PEDRO,DEPOSITO,2022-02-10T16:20:05,724.26
9279,0002,SANTANDER,ANA,DEPOSITO,2022-02-04T13:52:19,902.48
4657,0005,CAIXA,SANDRA,DEPOSITO,2022-02-07T21:41:51,631.80
9279,0001,SANTANDER,LUCIA,SAQUE,2022-02-04T11:53:35,423.31
2679,0008,SANTANDER,JULIA,SAQUE,2022-02-06T18:57:58,1379.80
9279,0001,CAIXA,SANDRA,DEPOSITO,2022-02-02T04:35:47,709.30
2824,0000,CAIXA,JULIA,DEPOSITO,2022-02-04T08:13:00,384.87
1488,0009,ITAU,JULIA,DEPOSITO,2022-02-05T00:30:50,476.45
2679,0004,SANTANDER,MARIA,SAQUE,2022-02-05T03:40:11,295.85
1434,0005,CAIXA,JOAO,SAQUE,2022-02-03T08:57:22,1007.83
2679,0003,SANTANDER,JOAO,DEPOSITO,2022-02-05T11:23:06,1033.78
4657,0000,CAIXA,PEDRO,SAQUE,2022-02-03T04:36:19,876.81
5506,0005,CAIXA,PEDRO,DEPOSITO,2022-02-08T18:35:54,901.22
2824,0009,SANTANDER,MARCOS,SAQUE,2022-02-06T23:10:10,375.99
4657,0000,ITAU,JULIA,SAQUE,2022-02-08T10:36:00,228.05
2824,0008,SANTANDER,CARLOS,SAQUE,2022-02-03T09:07:25,14.87
1488,0000,ITAU,JULIA,SAQUE,2022-02-06T04:34:19,771.57
2424,0004,SANTANDER,CARLOS,SAQUE,2022-02-06T20:50:48,896.95
4582,0007,ITAU,FELIPE,DEPOSITO,2022-02-05T11:20:27,279.85
7912,0002,CAIXA,JOAO,DEPOSITO,2022-02-04T08:16:32,827.25
1434,0007,ITAU,CARLOS,DEPOSITO,2022-02-09T02:25:11,69.51
2824,0000,SANTANDER,FELIPE,SAQUE,2022-02-09T19:41:05,1465.49
1434,0000,CAIXA,PEDRO,DEPOSITO,2022-02-08T09:55:24,338.45
1434,0001,ITAU,MARIA,DEPOSITO,2022-02-07T19:22:27,236.04
4582,0005,ITAU,ANA,SAQUE,2022-02-08T13:36:13,312.68
4657,0006,SANTANDER,SANDRA,SAQUE,2022-02-02T14:22:34,1216.23
7912,0006,SANTANDER,PEDRO,DEPOSITO,2022-02-03T02:20:28,694.66
2424,0009,CAIXA,FELIPE,DEPOSITO,2022-02-04T19:56:59,365.77
4657,0004,CAIXA,CARLOS,SAQUE,2022-02-02T07:19:42,327.95
1434,0004,ITAU,MARCOS,SAQUE,2022-02-05T18:04:51,234.07
9279,0004,CAIXA,JULIA,SAQUE,2022-02-09T06:12:37,315.64
1434,0004,SANTANDER,MARIA,SAQUE,2022-02-07T05:55:54,40.87
4657,0009,CAIXA,SANDRA,DEPOSITO,2022-02-09T14:59:27,565.71
1488,0001,SANTANDER,CARLOS,DEPOSITO,2022-02-03T14:25:32,1184.22
1488,0004,CAIXA,CARLOS,SAQUE,2022-02-04T14:45:38,380.66
1488,0002,SANTANDER,MARCOS,DEPOSITO,2022-02-07T22:10:12,1032.87
2424,0007,SANTANDER,LUCIA,SAQUE,2022-02-05T10:48:44,861.77
2424,0000,SANTANDER,CARLOS,SAQUE,2022-02-02T04:09:06,1364.69
9279,0005,ITAU,PEDRO,SAQUE,2022-02-04T05:47:02,556.23
5506,0007,ITAU,PEDRO,DEPOSITO,2022-02-05T17:11:53,1270.39
2679,0007,SANTANDER,FELIPE,DEPOSITO,2022-02-09T12:37:08,147.64
7912,0004,SANTANDER,FELIPE,SAQUE,2022-02-04T15:28:53,685.12
2679,0002,ITAU,ANA,DEPOSITO,2022-02-03T02:37:42,620.10
7912,0000,CAIXA,FELIPE,DEPOSITO,2022-02-10T14:11:20,863.19
4582,0006,CAIXA,MARCOS,SAQUE,2022-02-03T22:54:21,1343.43
7912,0003,ITAU,FELIPE,DEPOSITO,2022-02-04T08:27:33,1161.53
2679,0005,ITAU,MARCOS,SAQUE,2022-02-02T22:34:37,1087.58
2824,0003,ITAU,LUCIA,SAQUE,2022-02-10T09:18:35,1284.56
4582,0008,ITAU,JULIA,DEPOSITO,2022-02-03T02:44:13,596.77
1434,0000,SANTANDER,ANA,DEPOSITO,2022-02-05T13:02:47,1293.92
1488,0005,CAIXA,PEDRO,SAQUE,2022-02-02T10:05:53,270.97
7912,0007,SANTANDER,SANDRA,DEPOSITO,2022-02-05T16:01:38,109.94
2679,0003,CAIXA,MARCOS,SAQUE,2022-02-05T21:09:05,1019.51
5506,0009,CAIXA,CARLOS,SAQUE,2022-02-07T09:27:18,1443.54
7912,0003,SANTANDER,CARLOS,SAQUE,2022-02-06T00:50:21,789.97
5506,0000,ITAU,ANA,DEPOSITO,2022-02-08T08:47:54,318.27
5506,0007,SANTANDER,SANDRA,SAQUE,2022-02-04T17:20:07,580.03
2424,0005,SANTANDER,MARCOS,DEPOSITO,2022-02-03T16:53:01,1127.96
2424,0006,ITAU,SANDRA,DEPOSITO,2022-02-04T18:03:00,977.12
9279,0004,SANTANDER,LUCIA,DEPOSITO,2022-02-04T03:45:45,1356.46
7912,0004,ITAU,MARCOS,SAQUE,2022-02-06T17:02:24,1324.75
2824,0001,ITAU,PEDRO,DEPOSITO,2022-02-02T07:35:44,1346.59
2424,0002,CAIXA,MARIA,SAQUE,2022-02-09T00:25:13,1364.99
9279,0007,SANTANDER,JOAO,SAQUE,2022-02-07T18:45:41,1233.43
2679,0005,ITAU,FELIPE,SAQUE,2022-02-04T20:29:16,503.86
2824,0007,ITAU,FELIPE,DEPOSITO,2022-02-07T21:40:09,1119.06
4582,0008,SANTANDER,JULIA,DEPOSITO,2022-02-05T14:14:01,949.71
2824,0001,ITAU,MARIA,SAQUE,2022-02-05T01:12:26,526.92
9279,0004,CAIXA,JULIA,DEPOSITO,2022-02-10T07:01:17,1326.46
2424,0001,CAIXA,LUCIA,DEPOSITO,2022-02-02T22:45:18,1497.98
1488,0002,CAIXA,MARCOS,SAQUE,2022-02-10T08:04:28,224.49
4582,0000,ITAU,CARLOS,SAQUE,2022-02-01T14:17:46,597.66
2424,0005,SANTANDER,ANA,DEPOSITO,2022-02-03T10:30:11,633.38
4582,0002,ITAU,JULIA,SAQUE,2022-02-03T15:26:26,1485.74
4657,0006,SANTANDER,LUCIA,SAQUE,2022-02-10T15:19:42,1093.58
9279,0001,CAIXA,ANA,SAQUE,2022-02-09T05:04:34,180.21
1434,0003,CAIXA,MARIA,SAQUE,2022-02-04T05:16:00,1433.95
1434,0003,CAIXA,MARIA,SAQUE,2022-02-09T04:35:28,794.80
2424,0008,SANTANDER,JOAO,DEPOSITO,2022-02-01T08:34:04,347.04
2424,0007,CAIXA,MARIA,SAQUE,2022-02-09T21:03:19,753.32
2679,0006,ITAU,JOAO,SAQUE,2022-02-02T21:11:39,168.68
2679,0003,SANTANDER,PEDRO,SAQUE,2022-02-02T06:48:46,1358.71
2824,0002,ITAU,CARLOS,SAQUE,2022-02-05T02:34:02,634.74
4657,0001,ITAU,ANA,SAQUE,2022-02-09T03:10:22,1423.25
2424,0008,ITAU,CARLOS,SAQUE,2022-02-02T22:57:48,1224.44
9279,0008,SANTANDER,MARIA,SAQUE,2022-02-03T22:44:30,186.16
2824,0006,CAIXA,SANDRA,DEPOSITO,2022-02-03T22:34:32,613.92
1434,0004,ITAU,ANA,SAQUE,2022-02-05T01:22:54,247.20
4582,0005,CAIXA,FELIPE,DEPOSITO,2022-02-10T00:53:11,132.64
7912,0007,ITAU,CARLOS,SAQUE,2022-02-10T17:14:38,1345.91
5506,0001,CAIXA,MARCOS,DEPOSITO,2022-02-04T14:58:39,58.70
5506,0002,ITAU,SANDRA,DEPOSITO,2022-02-04T20:19:14,70.24
4582,0006,ITAU,SANDRA,DEPOSITO,2022-02-08T13:02:26,1482.40
2824,0009,CAIXA,CARLOS,SAQUE,2022-02-08T06:55:33,170.23
1434,0000,ITAU,FELIPE,SAQUE,2022-02-06T16:45:35,216.54
2824,0007,SANTANDER,JULIA,DEPOSITO,2022-02-03T19:16:42,749.66
5506,0003,SANTANDER,MARIA,DEPOSITO,2022-02-06T13:53:49,1045.41
2824,0001,ITAU,JOAO,SAQUE,2022-02-03T22:34:46,632.77
4582,0002,ITAU,PEDRO,SAQUE,2022-02-02T23:18:19,231.59
7912,0005,CAIXA,SANDRA,DEPOSITO,2022-02-06T12:51:06,230.04
5506,0009,ITAU,FELIPE,SAQUE,2022-02-09T10:24:32,1157.85
2679,0009,SANTANDER,MARCOS,SAQUE,2022-02-08T21:45:49,620.72
7912,0004,ITAU,PEDRO,SAQUE,2022-02-05T12:10:41,987.71
2424,0005,SANTANDER,MARIA,DEPOSITO,2022-02-04T03:32:51,82.88
9279,0005,SANTANDER,MARCOS,SAQUE,2022-02-05T00:20:37,1177.75
1434,0005,ITAU,CARLOS,SAQUE,2022-02-10T04:59:19,1437.52
5506,0005,ITAU,ANA,SAQUE,2022-02-06T23:54:45,629.54
2824,0006,CAIXA,ANA,DEPOSITO,2022-02-07T02:22:40,774.05
5506,0001,CAIXA,ANA,SAQUE,2022-02-01T04:46:53,67.29
2679,0006,ITAU,MARIA,SAQUE,2022-02-06T22:43:10,14.08
2679,0000,CAIXA,ANA,SAQUE,2022-02-10T00:37:43,1023.73
4582,0008,CAIXA,CARLOS,DEPOSITO,2022-02-09T23:05:33,658.06
9279,0007,SANTANDER,SANDRA,SAQUE,2022-02-10T06:13:46,812.80
4657,0008,SANTANDER,MARIA,DEPOSITO,2022-02-08T16:44:01,616.93
1488,0008,SANTANDER,MARCOS,DEPOSITO,2022-02-08T06:12:16,1385.40
1434,0000,SANTANDER,JOAO,DEPOSITO,2022-02-09T04:47:21,1226.94
1488,0008,ITAU,JOAO,DEPOSITO,2022-02-01T13:54:13,800.81
2824,0003,CAIXA,CARLOS,DEPOSITO,2022-02-02T00:15:42,650.72
2824,0009,CAIXA,CARLOS,DEPOSITO,2022-02-09T23:31:24,757.61
2679,0003,SANTANDER,LUCIA,SAQUE,2022-02-03T16:15:21,1483.41
2679,0001,ITAU,FELIPE,DEPOSITO,2022-02-05T19:24:23,1389.19
4657,0001,CAIXA,JULIA,DEPOSITO,2022-02-06T07:11:43,31.17
2824,0005,CAIXA,PEDRO,SAQUE,2022-02-02T15:55:26,40.83
1488,0005,SANTANDER,JOAO,SAQUE,2022-02-06T06:18:24,629.21
2679,0002,ITAU,FELIPE,SAQUE,2022-02-07T16:03:23,471.14
1488,0002,SANTANDER,ANA,DEPOSITO,2022-02-01T03:03:49,1281.02
4657,0003,CAIXA,ANA,DEPOSITO,2022-02-05T04:24:25,1149.70
2824,0002,SANTANDER,MARCOS,DEPOSITO,2022-02-08T13:02:29,727.05
2679,0000,CAIXA,FELIPE,SAQUE,2022-02-03T09:13:55,272.83
7912,0001,ITAU,LUCIA,DEPOSITO,2022-02-03T01:21:55,1488.26
5506,0007,SANTANDER,JULIA,DEPOSITO,2022-02-10T06:40:41,723.25
2424,0006,ITAU,CARLOS,SAQUE,2022-02-07T07:20:51,164.32
4657,0006,CAIXA,PEDRO,SAQUE,2022-02-10T03:53:16,1162.46
5506,0006,ITAU,MARCOS,SAQUE,2022-02-08T21:14:38,587.04
5506,0007,CAIXA,LUCIA,SAQUE,2022-02-08T00:23:33,290.24
5506,0008,ITAU,MARIA,SAQUE,2022-02-01T04:15:39,629.15
4657,0009,ITAU,ANA,DEPOSITO,2022-02-07T21:37:03,896.03
5506,0002,CAIXA,MARCOS,SAQUE,2022-02-07T18:45:39,834.84
2424,0000,ITAU,LUCIA,SAQUE,2022-02-07T14:31:50,376.60
7912,0000,SANTANDER,FELIPE,DEPOSITO,2022-02-09T03:44:18,1409.18
4657,0003,SANTANDER,ANA,SAQUE,2022-02-06T02:06:24,516.51
2424,0007,ITAU,FELIPE,SAQUE,2022-02-04T17:25:24,469.49
7912,0003,CAIXA,JOAO,SAQUE,2022-02-02T05:12:17,285.32
2824,0001,SANTANDER,SANDRA,DEPOSITO,2022-02-02T05:48:39,550.17
4657,0006,ITAU,FELIPE,DEPOSITO,2022-02-08T03:40:50,868.85
2679,0002,CAIXA,JOAO,SAQUE,2022-02-07T18:21:15,1263.79
2824,0002,SANTANDER,JULIA,SAQUE,2022-02-09T01:43:17,1360.42
4657,0001,SANTANDER,LUCIA,SAQUE,2022-02-06T04:28:41,1379.07
4582,0002,SANTANDER,LUCIA,DEPOSITO,2022-02-08T05:27:01,112.43
2679,0002,SANTANDER,LUCIA,SAQUE,2022-02-06T00:20:49,1216.16
7912,0009,CAIXA,ANA,DEPOSITO,2022-02-03T03:08:19,132.19
7912,0005,CAIXA,FELIPE,DEPOSITO,2022-02-09T22:21:28,710.77
2679,0000,CAIXA,JULIA,DEPOSITO,2022-02-01T03:38:03,1484.57
2424,0006,CAIXA,PEDRO,SAQUE,2022-02-01T19:23:15,825.87
5506,0005,SANTANDER,CARLOS,DEPOSITO,2022-02-04T15:21:04,1239.29
2824,0006,CAIXA,SANDRA,SAQUE,2022-02-04T13:52:56,1367.01
9279,0007,ITAU,FELIPE,SAQUE,2022-02-08T10:23:16,389.95
7912,0009,ITAU,CARLOS,DEPOSITO,2022-02-09T11:27:00,1122.71
7912,0007,ITAU,SANDRA,DEPOSITO,2022-02-04T02:33:24,1451.09
2424,0005,ITAU,PEDRO,DEPOSITO,2022-02-09T09:20:37,1099.57
1488,0002,CAIXA,JOAO,DEPOSITO,2022-02-08T23:57:37,866.12
9279,0005,ITAU,LUCIA,SAQUE,2022-02-03T14:11:36,169.36
2424,0003,CAIXA,FELIPE,SAQUE,2022-02-06T01:50:37,494.42
7912,0006,SANTANDER,JOAO,SAQUE,2022-02-08T19:03:59,998.05
1488,0008,SANTANDER,MARIA,DEPOSITO,2022-02-09T03:00:15,1306.23
2424,0008,ITAU,JOAO,SAQUE,2022-02-01T02:59:05,82.91
2824,0006,SANTANDER,LUCIA,DEPOSITO,2022-02-07T10:48:09,1125.00
7912,0004,ITAU,FELIPE,SAQUE,2022-02-04T11:27:16,219.64
2824,0006,SANTANDER,MARCOS,DEPOSITO,2022-02-05T07:24:39,883.86
2824,0005,SANTANDER,PEDRO,SAQUE,2022-02-05T19:51:48,1260.81
1488,0008,SANTANDER,PEDRO,SAQUE,2022-02-01T07:05:18,1358.16
5506,0003,SANTANDER,PEDRO,DEPOSITO,2022-02-09T20:10:17,173.64
2824,0004,ITAU,FELIPE,SAQUE,2022-02-07T08:31:49,1294.38
2824,0006,CAIXA,FELIPE,DEPOSITO,2022-02-04T12:28:11,369.43
4582,0005,ITAU,JULIA,DEPOSITO,2022-02-07T11:58:51,945.00
9279,0006,ITAU,MARIA,SAQUE,2022-02-01T02:31:11,856.25
2824,0000,CAIXA,FELIPE,SAQUE,2022-02-06T05:50:26,1084.11
1434,0009,SANTANDER,PEDRO,SAQUE,2022-02-08T09:18:54,1008.06
1488,0001,ITAU,FELIPE,SAQUE,2022-02-03T11:15:42,713.06
2679,0001,SANTANDER,MARIA,SAQUE,2022-02-04T00:20:22,712.36
4657,0002,CAIXA,PEDRO,SAQUE,2022-02-01T06:52:49,1436.68
1488,0008,SANTANDER,ANA,DEPOSITO,2022-02-01T14:52:28,622.00
9279,0005,ITAU,JULIA,DEPOSITO,2022-02-07T17:52:35,162.90
2824,0007,CAIXA,PEDRO,DEPOSITO,2022-02-01T12:45:34,562.61
1434,0008,ITAU,CARLOS,DEPOSITO,2022-02-08T21:23:14,1487.06
4657,0002,SANTANDER,FELIPE,SAQUE,2022-02-08T12:17:11,1386.12
2824,0003,ITAU,SANDRA,DEPOSITO,2022-02-09T10:46:45,75.81
2424,0001,ITAU,LUCIA,SAQUE,2022-02-03T17:06:48,1227.43
4582,0004,CAIXA,FELIPE,DEPOSITO,2022-02-04T10:58:18,1387.97
7912,0007,CAIXA,MARIA,SAQUE,2022-02-07T20:07:29,1132.46
7912,0005,ITAU,FELIPE,DEPOSITO,2022-02-03T10:10:37,1004.27
1488,0005,SANTANDER,LUCIA,DEPOSITO,2022-02-03T14:59:26,301.83
1434,0005,ITAU,MARCOS,DEPOSITO,2022-02-03T19:48:45,995.88
2824,0004,ITAU,FELIPE,DEPOSITO,2022-02-10T06:28:01,556.30
7912,0001,ITAU,FELIPE,DEPOSITO,2022-02-01T04:18:53,715.86
4657,0002,ITAU,JULIA,DEPOSITO,2022-02-06T04:31:55,1029.82
2424,0006,CAIXA,PEDRO,DEPOSITO,2022-02-02T09:40:47,239.07
2679,0003,CAIXA,ANA,SAQUE,2022-02-09T17:58:52,1073.41
1434,0003,CAIXA,SANDRA,SAQUE,2022-02-02T23:56:22,1330.72
7912,0009,SANTANDER,SANDRA,DEPOSITO,2022-02-06T05:51:05,1430.89
4582,0006,SANTANDER,JOAO,SAQUE,2022-02-03T16:28:09,397.74
4657,0009,ITAU,JOAO,SAQUE,2022-02-06T17:29:49,1161.11
2679,0002,CAIXA,ANA,DEPOSITO,2022-02-09T14:03:45,352.31
7912,0007,CAIXA,MARCOS,SAQUE,2022-02-08T03:13:28,1364.91
4582,0003,CAIXA,ANA,DEPOSITO,2022-02-04T00:08:24,1200.42
4657,0001,CAIXA,JULIA,DEPOSITO,2022-02-07T18:57:24,369.83
2679,0005,ITAU,JULIA,DEPOSITO,2022-02-05T02:49:06,396.89
7912,0006,CAIXA,LUCIA,SAQUE,2022-02-03T13:53:33,740.86
2424,0003,ITAU,FELIPE,DEPOSITO,2022-02-01T22:54:05,941.01
5506,0007,ITAU,MARIA,SAQUE,2022-02-04T10:34:33,255.31
4582,0007,ITAU,LUCIA,DEPOSITO,2022-02-09T11:19:43,1165.20
1434,0002,ITAU,MARIA,DEPOSITO,2022-02-08T19:38:44,1138.76
9279,0003,CAIXA,PEDRO,SAQUE,2022-02-02T06:42:53,1430.10
1434,0007,CAIXA,MARIA,DEPOSITO,2022-02-10T04:06:09,1183.32
4657,0003,CAIXA,ANA,SAQUE,2022-02-09T05:52:50,476.14
2679,0005,CAIXA,JOAO,SAQUE,2022-02-02T02:51:51,398.60
4657,0005,ITAU,SANDRA,SAQUE,2022-02-07T10:12:09,437.90
4582,0003,SANTANDER,JOAO,DEPOSITO,2022-02-06T18:39:50,478.03
4582,0000,ITAU,MARCOS,DEPOSITO,2022-02-01T16:19:26,75.78
5506,0003,SANTANDER,CARLOS,SAQUE,2022-02-02T03:55:36,958.64
4657,0006,SANTANDER,JULIA,DEPOSITO,2022-02-07T22:04:49,613.72
5506,0007,SANTANDER,ANA,SAQUE,2022-02-04T23:46:44,772.41
4582,0003,CAIXA,JOAO,DEPOSITO,2022-02-05T15:24:57,1179.86
1488,0004,CAIXA,LUCIA,SAQUE,2022-02-03T14:39:16,89.02
4582,0009,CAIXA,SANDRA,SAQUE,2022-02-10T15:11:09,930.96
2824,0007,ITAU,JULIA,DEPOSITO,2022-02-01T19:46:40,197.39
2679,0003,CAIXA,CARLOS,SAQUE,2022-02-02T14:17:20,1254.00
7912,0003,SANTANDER,LUCIA,SAQUE,2022-02-04T05:26:06,942.11
1488,0003,CAIXA,MARCOS,DEPOSITO,2022-02-05T16:13:13,778.34
4657,0005,CAIXA,FELIPE,SAQUE,2022-02-02T23:12:03,409.02
1434,0000,SANTANDER,CARLOS,SAQUE,2022-02-07T10:03:26,1091.72
7912,0001,CAIXA,JOAO,DEPOSITO,2022-02-06T04:22:11,40.86
2824,0002,SANTANDER,JULIA,SAQUE,2022-02-04T20:16:03,328.67
2424,0005,SANTANDER,LUCIA,SAQUE,2022-02-08T18:04:14,444.52
7912,0004,ITAU,MARIA,SAQUE,2022-02-01T14:25:14,1300.75
2824,0006,CAIXA,MARIA,SAQUE,2022-02-03T08:32:56,819.77
2424,0000,SANTANDER,LUCIA,DEPOSITO,2022-02-04T19:43:37,710.05
4657,0001,ITAU,JULIA,DEPOSITO,2022-02-09T22:56:58,1160.33
5506,0005,SANTANDER,JULIA,DEPOSITO,2022-02-04T10:19:12,1247.32
4582,0000,CAIXA,SANDRA,DEPOSITO,2022-02-05T05:06:21,1013.78
1488,0001,ITAU,LUCIA,SAQUE,2022-02-03T17:02:52,365.84
4657,0004,CAIXA,JULIA,SAQUE,2022-02-09T16:34:12,884.81
4657,0009,SANTANDER,PEDRO,DEPOSITO,2022-02-02T04:19:32,1210.86
4657,0003,ITAU,JULIA,SAQUE,2022-02-10T15:26:00,1084.67
1488,0008,ITAU,SANDRA,DEPOSITO,2022-02-02T04:43:19,369.23
4582,0004,ITAU,ANA,SAQUE,2022-02-03T19:50:22,969.60
2679,0008,SANTANDER,FELIPE,DEPOSITO,2022-02-08T12:18:57,1378.01
2424,0003,CAIXA,CARLOS,DEPOSITO,2022-02-07T03:55:44,697.95
1488,0007,ITAU,JULIA,DEPOSITO,2022-02-03T07:55:47,25.90
4657,0003,ITAU,SANDRA,DEPOSITO,2022-02-06T02:58:42,508.54
5506,0008,CAIXA,SANDRA,DEPOSITO,2022-02-05T15:59:18,374.13
4657,0004,ITAU,MARCOS,SAQUE,2022-02-08T07:42:46,1096.60
5506,0005,ITAU,SANDRA,DEPOSITO,2022-02-08T11:41:41,593.72
2679,0009,SANTANDER,FELIPE,SAQUE,2022-02-02T13:58:16,909.50
2679,0008,SANTANDER,FELIPE,SAQUE,2022-02-05T21:43:46,346.51
1488,0005,CAIXA,LUCIA,DEPOSITO,2022-02-06T00:43:23,1137.22
7912,0002,ITAU,ANA,DEPOSITO,2022-02-07T05:26:04,913.79
4657,0002,SANTANDER,MARCOS,SAQUE,2022-02-06T03:55:26,509.43
2424,0007,SANTANDER,LUCIA,SAQUE,2022-02-07T14:14:46,203.78
2424,0004,CAIXA,LUCIA,SAQUE,2022-02-05T21:17:28,364.10
2424,0007,ITAU,LUCIA,DEPOSITO,2022-02-02T15:36:22,183.60
5506,0004,SANTANDER,PEDRO,DEPOSITO,2022-02-03T13:16:31,785.18
4582,0004,ITAU,SANDRA,DEPOSITO,2022-02-10T08:15:26,1229.08
1488,0002,ITAU,MARCOS,DEPOSITO,2022-02-10T03:08:18,487.36
4582,0004,CAIXA,PEDRO,SAQUE,2022-02-05T09:43:38,1347.27
9279,0008,SANTANDER,JULIA,DEPOSITO,2022-02-02T09:46:37,660.00
2824,0000,CAIXA,JULIA,DEPOSITO,2022-02-07T10:51:49,935.56
4582,0003,SANTANDER,LUCIA,DEPOSITO,2022-02-07T19:36:47,370.73
2679,0003,ITAU,PEDRO,SAQUE,2022-02-06T20:59:52,454.68
5506,0009,CAIXA,CARLOS,DEPOSITO,2022-02-08T22:00:13,325.82
9279,0007,CAIXA,FELIPE,DEPOSITO,2022-02-05T14:01:43,162.69
4657,0000,SANTANDER,LUCIA,SAQUE,2022-02-08T03:16:38,1489.85
9279,0000,CAIXA,SANDRA,DEPOSITO,2022-02-09T18:15:07,1403.09
1434,0009,CAIXA,ANA,SAQUE,2022-02-09T15:46:44,1136.77
2824,0003,CAIXA,CARLOS,SAQUE,2022-02-09T01:23:34,1305.67
2824,0005,CAIXA,SANDRA,SAQUE,2022-02-07T10:11:59,143.59
1488,0005,SANTANDER,MARIA,SAQUE,2022-02-07T23:45:29,958.80
2679,0000,CAIXA,SANDRA,DEPOSITO,2022-02-10T11:02:34,448.67
4657,0005,ITAU,SANDRA,DEPOSITO,2022-02-03T09:32:43,1430.40
2424,0009,CAIXA,JOAO,DEPOSITO,2022-02-06T07:18:16,1166.64
2679,0008,ITAU,LUCIA,SAQUE,2022-02-01T08:46:56,937.10
4582,0008,ITAU,CARLOS,DEPOSITO,2022-02-06T03:45:34,691.20
1488,0003,CAIXA,PEDRO,SAQUE,2022-02-09T21:05:29,846.87
5506,0006,CAIXA,PEDRO,SAQUE,2022-02-08T09:33:22,1008.52
4582,0001,SANTANDER,ANA,DEPOSITO,2022-02-04T13:01:11,1255.60
1434,0004,SANTANDER,FELIPE,DEPOSITO,2022-02-07T23:01:54,1354.35
5506,0003,CAIXA,LUCIA,DEPOSITO,2022-02-10T08:21:53,615.28
2679,0004,CAIXA,ANA,SAQUE,2022-02-02T05:19:39,994.77
1488,0007,CAIXA,CARLOS,SAQUE,2022-02-01T23:18:00,616.32
7912,0006,CAIXA,MARCOS,SAQUE,2022-02-09T09:48:38,156.40
4657,0000,ITAU,MARIA,SAQUE,2022-02-10T04:40:14,1470.91
1434,0000,CAIXA,JOAO,SAQUE,2022-02-04T00:10:28,816.79
9279,0006,ITAU,JOAO,DEPOSITO,2022-02-03T01:56:03,1283.41
4657,0007,ITAU,LUCIA,SAQUE,2022-02-05T19:28:56,904.58
1488,0009,SANTANDER,CARLOS,DEPOSITO,2022-02-09T04:45:19,121.83
2679,0007,CAIXA,LUCIA,DEPOSITO,2022-02-05T15:22:36,1418.56
4657,0001,ITAU,JOAO,DEPOSITO,2022-02-08T10:45:36,446.62
2679,0006,CAIXA,MARCOS,SAQUE,2022-02-08T17:27:37,1162.74
5506,0006,CAIXA,MARCOS,SAQUE,2022-02-01T16:44:42,944.20
9279,0008,CAIXA,JOAO,SAQUE,2022-02-07T02:21:06,35.06
9279,0005,CAIXA,JOAO,SAQUE,2022-02-09T18:09:13,251.85
7912,0001,ITAU,CARLOS,SAQUE,2022-02-08T07:46:58,1010.38
9279,0004,ITAU,JULIA,DEPOSITO,2022-02-07T01:25:38,1121.34
4582,0004,CAIXA,ANA,DEPOSITO,2022-02-04T06:51:27,1155.98
1488,0006,SANTANDER,JULIA,SAQUE,2022-02-03T10:58:13,110.07
5506,0005,ITAU,PEDRO,DEPOSITO,2022-02-04T21:36:42,1406.49
4657,0008,ITAU,MARIA,SAQUE,2022-02-07T16:44:44,171.98
1434,0005,ITAU,PEDRO,DEPOSITO,2022-02-02T00:59:12,1020.27
1488,0003,CAIXA,CARLOS,DEPOSITO,2022-02-06T04:58:53,336.12
1434,0001,SANTANDER,MARIA,DEPOSITO,2022-02-07T17:09:40,706.91
2679,0000,SANTANDER,FELIPE,DEPOSITO,2022-02-01T23:44:46,335.20
1434,0001,ITAU,JOAO,DEPOSITO,2022-02-03T03:13:48,1091.72
4657,0004,SANTANDER,ANA,SAQUE,2022-02-01T14:37:10,448.08
2824,0002,SANTANDER,JOAO,DEPOSITO,2022-02-03T13:46:23,362.40
9279,0003,ITAU,MARCOS,DEPOSITO,2022-02-06T17:00:45,1392.25
4657,0008,CAIXA,ANA,DEPOSITO,2022-02-03T01:07:40,30.88
2824,0003,SANTANDER,JULIA,DEPOSITO,2022-02-03T10:25:19,162.48
1434,0008,ITAU,ANA,SAQUE,2022-02-07T01:11:51,1104.48
1488,0002,CAIXA,CARLOS,DEPOSITO,2022-02-07T15:11:39,1313.35
1488,0009,SANTANDER,ANA,SAQUE,2022-02-05T04:40:52,618.55
2679,0004,SANTANDER,LUCIA,SAQUE,2022-02-08T05:32:23,1180.56
2424,0008,ITAU,FELIPE,SAQUE,2022-02-01T19:53:16,722.70
5506,0007,SANTANDER,CARLOS,DEPOSITO,2022-02-01T06:35:52,1291.55
7912,0006,CAIXA,JULIA,DEPOSITO,2022-02-03T03:53:03,135.69
2424,0001,ITAU,MARIA,SAQUE,2022-02-02T03:11:55,1014.09
2824,0004,CAIXA,MARIA,SAQUE,2022-02-09T10:07:26,1406.22
7912,0002,CAIXA,ANA,DEPOSITO,2022-02-10T10:23:58,789.03
1434,0007,CAIXA,ANA,SAQUE,2022-02-06T15:07:31,856.12
1434,0003,SANTANDER,SANDRA,SAQUE,2022-02-08T15:41:01,360.48
4582,0001,ITAU,JULIA,DEPOSITO,2022-02-02T15:02:57,1430.10
2424,0009,CAIXA,SANDRA,DEPOSITO,2022-02-07T16:02:44,996.85
1434,0001,CAIXA,JOAO,SAQUE,2022-02-04T16:55:59,976.07
5506,0008,CAIXA,SANDRA,DEPOSITO,2022-02-04T12:41:20,974.43
4582,0008,ITAU,JULIA,SAQUE,2022-02-10T04:53:23,1444.02
2424,0008,SANTANDER,MARIA,DEPOSITO,2022-02-07T16:32:12,360.57
7912,0007,CAIXA,MARCOS,DEPOSITO,2022-02-09T01:22:47,813.51
1434,0002,CAIXA,MARCOS,SAQUE,2022-02-02T00:48:40,576.87
2424,0003,ITAU,MARCOS,SAQUE,2022-02-07T01:32:13,919.54
7912,0005,SANTANDER,SANDRA,SAQUE,2022-02-09T19:23:03,763.65
4582,0003,SANTANDER,JULIA,DEPOSITO,2022-02-10T04:28:45,745.92
1488,0001,ITAU,JULIA,DEPOSITO,2022-02-03T08:20:23,603.90
2424,0004,CAIXA,JOAO,DEPOSITO,2022-02-05T11:03:21,998.72
4582,0007,CAIXA,SANDRA,SAQUE,2022-02-07T23:53:02,1031.56
7912,0001,SANTANDER,FELIPE,DEPOSITO,2022-02-07T15:53:47,426.60
2424,0008,CAIXA,JOAO,SAQUE,2022-02-07T10:35:58,282.01
2824,0005,CAIXA,CARLOS,DEPOSITO,2022-02-08T12:10:26,219.13
1434,0000,SANTANDER,PEDRO,DEPOSITO,2022-02-10T01:26:55,1028.45
4657,0001,SANTANDER,PEDRO,DEPOSITO,2022-02-08T00:52:28,823.81
5506,0005,CAIXA,ANA,SAQUE,2022-02-09T08:18:46,128.61
2424,0005,CAIXA,MARIA,SAQUE,2022-02-05T06:06:09,275.07
1488,0001,CAIXA,ANA,SAQUE,2022-02-03T18:39:19,1419.64
4657,0003,CAIXA,SANDRA,SAQUE,2022-02-07T05:02:06,162.31
9279,0003,SANTANDER,CARLOS,SAQUE,2022-02-08T22:12:12,555.05
9279,0000,SANTANDER,CARLOS,SAQUE,2022-02-04T23:25:47,33.29
1434,0002,CAIXA,PEDRO,DEPOSITO,2022-02-08T17:02:59,299.30
9279,0009,SANTANDER,JULIA,DEPOSITO,2022-02-02T11:03:55,1390.21
5506,0009,ITAU,ANA,DEPOSITO,2022-02-09T15:20:56,306.73
1488,0004,SANTANDER,JOAO,DEPOSITO,2022-02-05T12:10:56,138.16
5506,0001,ITAU,FELIPE,SAQUE,2022-02-02T09:24:45,447.54
1434,0006,SANTANDER,FELIPE,DEPOSITO,2022-02-05T12:43:54,1096.11
9279,0001,ITAU,MARCOS,DEPOSITO,2022-02-06T06:14:55,364.84
4657,0000,ITAU,LUCIA,SAQUE,2022-02-02T21:41:37,1429.57
1434,0003,ITAU,LUCIA,SAQUE,2022-02-05T17:37:53,274.21
7912,0008,ITAU,SANDRA,SAQUE,2022-02-08T10:20:03,846.61
2679,0003,SANTANDER,JOAO,SAQUE,2022-02-07T07:52:56,203.37
2679,0004,SANTANDER,CARLOS,DEPOSITO,2022-02-05T02:28:26,1336.38
2679,0004,SANTANDER,LUCIA,SAQUE,2022-02-08T04:04:14,1297.41
7912,0008,CAIXA,JULIA,SAQUE,2022-02-03T02:54:30,426.51
2824,0003,CAIXA,MARIA,SAQUE,2022-02-09T05:02:47,1474.90
5506,0009,SANTANDER,MARIA,SAQUE,2022-02-10T18:07:18,1447.16
4657,0002,CAIXA,ANA,DEPOSITO,2022-02-08T13:02:46,463.77
4582,0007,ITAU,CARLOS,SAQUE,2022-02-01T03:55:01,47.84
1488,0002,ITAU,JOAO,SAQUE,2022-02-08T04:52:32,962.36
4657,0006,ITAU,ANA,DEPOSITO,2022-02-04T22:32:13,1200.98
1488,0004,CAIXA,MARIA,SAQUE,2022-02-07T10:04:33,725.99
2679,0003,CAIXA,ANA,DEPOSITO,2022-02-04T12:55:16,433.03
9279,0005,SANTANDER,CARLOS,SAQUE,2022-02-09T18:51:33,883.79
9279,0000,CAIXA,PEDRO,SAQUE,2022-02-08T19:43:40,679.02
5506,0003,CAIXA,CARLOS,DEPOSITO,2022-02-02T15:52:58,1122.88
2679,0006,ITAU,ANA,SAQUE,2022-02-01T22:21:53,438.99
4657,0005,ITAU,JULIA,DEPOSITO,2022-02-03T09:33:33,1108.20
4582,0000,CAIXA,SANDRA,DEPOSITO,2022-02-08T22:00:26,1319.21
4657,0003,ITAU,FELIPE,DEPOSITO,2022-02-01T04:27:29,571.96
2679,0008,SANTANDER,CARLOS,SAQUE,2022-02-03T13:30:04,739.41
2679,0002,CAIXA,LUCIA,DEPOSITO,2022-02-05T23:46:31,1152.73
9279,0008,SANTANDER,MARCOS,DEPOSITO,2022-02-05T08:03:53,1182.52
9279,0005,SANTANDER,JOAO,SAQUE,2022-02-04T07:27:53,847.44
4657,0003,CAIXA,ANA,DEPOSITO,2022-02-08T14:16:41,494.90
1488,0002,SANTANDER,MARCOS,SAQUE,2022-02-07T19:24:01,1350.48
9279,0005,ITAU,LUCIA,DEPOSITO,2022-02-02T13:19:04,1080.25
1488,0009,CAIXA,MARCOS,DEPOSITO,2022-02-10T15:23:11,305.50
5506,0005,ITAU,SANDRA,DEPOSITO,2022-02-01T10:37:08,1435.47
4657,0004,SANTANDER,ANA,DEPOSITO,2022-02-03T03:57:28,1114.08
2679,0003,ITAU,SANDRA,DEPOSITO,2022-02-03T22:54:49,964.13
1488,0009,CAIXA,PEDRO,DEPOSITO,2022-02-05T12:01:39,494.40
2824,0004,ITAU,PEDRO,SAQUE,2022-02-04T19:49:25,838.36
1488,0005,SANTANDER,MARCOS,SAQUE,2022-02-07T01:43:14,1108.30
5506,0000,SANTANDER,JOAO,DEPOSITO,2022-02-08T00:25:22,1413.43
4657,0005,SANTANDER,SANDRA,SAQUE,2022-02-09T21:16:28,920.71
7912,0008,ITAU,SANDRA,SAQUE,2022-02-08T00:25:22,14.01
1434,0008,CAIXA,ANA,DEPOSITO,2022-02-09T04:17:27,503.35
5506,0005,CAIXA,MARCOS,DEPOSITO,2022-02-09T16:17:26,329.21
4657,0005,SANTANDER,JULIA,DEPOSITO,2022-02-01T10:16:22,204.70
4582,0007,SANTANDER,CARLOS,DEPOSITO,2022-02-03T04:33:42,826.49
9279,0003,CAIXA,JULIA,SAQUE,2022-02-09T09:54:38,913.80
5506,0003,SANTANDER,JULIA,SAQUE,2022-02-03T15:25:55,530.48
4582,0007,ITAU,ANA,DEPOSITO,2022-02-05T20:57:21,959.77
2424,0002,CAIXA,LUCIA,SAQUE,2022-02-03T22:55:05,1467.20
5506,0005,ITAU,SANDRA,SAQUE,2022-02-01T21:26:14,173.13
1434,0005,CAIXA,SANDRA,DEPOSITO,2022-02-02T21:33:23,44.03
2824,0006,SANTANDER,SANDRA,SAQUE,2022-02-02T05:01:47,999.37
4582,0009,SANTANDER,JOAO,DEPOSITO,2022-02-03T11:16:49,94.47
9279,0002,CAIXA,MARCOS,DEPOSITO,2022-02-08T06:57:34,323.52
7912,0005,ITAU,FELIPE,DEPOSITO,2022-02-08T18:33:13,602.75
9279,0004,SANTANDER,PEDRO,DEPOSITO,2022-02-09T10:08:07,185.94
4657,0002,ITAU,ANA,DEPOSITO,2022-02-10T10:46:27,181.60
4582,0002,CAIXA,CARLOS,SAQUE,2022-02-03T06:43:45,165.71
2679,0008,ITAU,LUCIA,SAQUE,2022-02-05T05:58:57,212.62
1488,0004,SANTANDER,PEDRO,DEPOSITO,2022-02-08T00:40:03,65.16
7912,0008,CAIXA,MARIA,DEPOSITO,2022-02-09T02:25:53,808.86
2824,0005,ITAU,JOAO,DEPOSITO,2022-02-10T14:44:33,232.95
2424,0003,ITAU,FELIPE,SAQUE,2022-02-07T20:44:10,43.84
7912,0005,CAIXA,MARIA,DEPOSITO,2022-02-05T01:14:06,868.88
1488,0001,SANTANDER,JOAO,SAQUE,2022-02-08T06:21:09,201.92
4582,0006,CAIXA,CARLOS,DEPOSITO,2022-02-10T00:27:54,1217.59
1434,0008,ITAU,SANDRA,SAQUE,2022-02-09T12:23:59,201.02
7912,0000,ITAU,FELIPE,DEPOSITO,2022-02-02T12:39:13,1453.64
5506,0004,SANTANDER,CARLOS,SAQUE,2022-02-07T15:16:32,829.05
4657,0005,ITAU,ANA,DEPOSITO,2022-02-04T05:38:15,1271.05
4657,0001,CAIXA,ANA,SAQUE,2022-02-06T05:08:41,1395.98
2824,0007,ITAU,ANA,SAQUE,2022-02-07T02:13:55,353.90
4657,0004,SANTANDER,SANDRA,DEPOSITO,2022-02-09T20:15:37,670.24
7912,0000,CAIXA,SANDRA,DEPOSITO,2022-02-02T15:57:21,624.39
4582,0006,CAIXA,FELIPE,SAQUE,2022-02-03T00:17:22,485.96
4582,0009,SANTANDER,JOAO,DEPOSITO,2022-02-02T14:24:51,382.05
9279,0001,SANTANDER,CARLOS,SAQUE,2022-02-10T09:54:38,851.00
5506,0001,SANTANDER,JOAO,DEPOSITO,2022-02-08T05:58:48,562.62
9279,0002,ITAU,CARLOS,DEPOSITO,2022-02-04T03:17:07,1419.20
4582,0003,ITAU,JOAO,SAQUE,2022-02-02T10:17:50,656.94
2424,0003,ITAU,FELIPE,DEPOSITO,2022-02-01T09:51:19,67.71
4657,0008,ITAU,FELIPE,SAQUE,2022-02-10T08:27:49,603.97
4657,0001,SANTANDER,CARLOS,DEPOSITO,2022-02-07T08:38:18,821.12
4657,0001,CAIXA,FELIPE,DEPOSITO,2022-02-09T19:44:57,893.19
4582,0004,SANTANDER,LUCIA,SAQUE,2022-02-07T06:09:57,135.81
1488,0001,ITAU,FELIPE,DEPOSITO,2022-02-09T17:39:37,90.29
2824,0008,SANTANDER,LUCIA,SAQUE,2022-02-07T12:40:13,548.07
1488,0007,ITAU,PEDRO,SAQUE,2022-02-09T15:10:05,270.72
2679,0001,SANTANDER,SANDRA,SAQUE,2022-02-07T12:57:39,280.77
4582,0006,ITAU,CARLOS,SAQUE,2022-02-07T02:36:56,898.28
1488,0009,SANTANDER,JULIA,DEPOSITO,2022-02-09T05:33:07,507.31
2424,0004,ITAU,ANA,SAQUE,2022-02-06T09:31:05,1383.73
1488,0005,CAIXA,FELIPE,SAQUE,2022-02-07T10:53:59,881.87
2424,0004,SANTANDER,MARCOS,DEPOSITO,2022-02-04T07:34:25,57.81
1434,0007,ITAU,FELIPE,SAQUE,2022-02-08T16:40:26,1447.97
9279,0002,SANTANDER,FELIPE,DEPOSITO,2022-02-06T23:33:04,675.93
1434,0006,CAIXA,LUCIA,DEPOSITO,2022-02-04T06:36:34,1126.04
2824,0009,ITAU,JULIA,DEPOSITO,2022-02-07T22:03:25,1232.62
4657,0001,ITAU,MARIA,DEPOSITO,2022-02-09T16:14:07,1004.89
4582,0009,SANTANDER,LUCIA,SAQUE,2022-02-07T04:15:53,919.73
1434,0003,SANTANDER,SANDRA,SAQUE,2022-02-05T21:08:47,1394.60
9279,0002,SANTANDER,PEDRO,DEPOSITO,2022-02-08T06:02:12,306.01
4657,0005,ITAU,CARLOS,SAQUE,2022-02-05T17:21:40,162.06
9279,0009,SANTANDER,MARCOS,SAQUE,2022-02-06T23:22:01,1429.29
5506,0004,ITAU,PEDRO,DEPOSITO,2022-02-10T08:05:59,1248.07
1434,0008,ITAU,PEDRO,SAQUE,2022-02-02T11:16:53,878.47
7912,0007,ITAU,FELIPE,SAQUE,2022-02-06T07:34:12,256.06
7912,0002,ITAU,MARCOS,DEPOSITO,2022-02-07T15:32:28,778.20
4582,0000,ITAU,CARLOS,DEPOSITO,2022-02-09T02:33:12,1263.13
1434,0009,CAIXA,JULIA,DEPOSITO,2022-02-09T09:25:28,360.46
4657,0008,ITAU,SANDRA,SAQUE,2022-02-02T10:42:15,1352.24
4582,0002,CAIXA,JULIA,SAQUE,2022-02-07T06:07:24,1392.43
7912,0002,SANTANDER,CARLOS,SAQUE,2022-02-02T18:21:35,463.13
2679,0001,SANTANDER,MARIA,DEPOSITO,2022-02-06T10:21:24,860.92
2824,0003,ITAU,LUCIA,DEPOSITO,2022-02-01T09:34:41,101.95
4657,0005,ITAU,CARLOS,SAQUE,2022-02-09T04:15:04,487.10
4657,0002,ITAU,CARLOS,DEPOSITO,2022-02-05T23:32:36,456.34
2824,0005,CAIXA,JULIA,SAQUE,2022-02-08T06:04:10,1014.77
2424,0009,CAIXA,CARLOS,DEPOSITO,2022-02-10T05:10:33,700.41
5506,0006,CAIXA,MARCOS,DEPOSITO,2022-02-08T05:36:25,408.03
1434,0004,ITAU,FELIPE,SAQUE,2022-02-02T03:51:12,1358.04
1488,0005,SANTANDER,MARIA,SAQUE,2022-02-07T18:49:54,75.59
5506,0002,SANTANDER,JOAO,DEPOSITO,2022-02-05T16:00:58,506.63
4582,0009,SANTANDER,SANDRA,SAQUE,2022-02-08T20:30:27,280.77
2824,0009,SANTANDER,JOAO,SAQUE,2022-02-04T02:31:13,581.76
7912,0002,SANTANDER,LUCIA,SAQUE,2022-02-04T21:05:08,685.06
2424,0005,ITAU,LUCIA,DEPOSITO,2022-02-02T07:51:54,845.64
2824,0003,CAIXA,MARIA,DEPOSITO,2022-02-06T00:32:03,1240.02
1488,0000,CAIXA,ANA,DEPOSITO,2022-02-08T01:14:46,758.77
7912,0000,SANTANDER,CARLOS,DEPOSITO,2022-02-06T09:03:42,924.98
2679,0008,CAIXA,MARCOS,DEPOSITO,2022-02-10T05:23:27,1485.99
4657,0002,SANTANDER,SANDRA,DEPOSITO,2022-02-08T15:37:33,643.12
1434,0006,SANTANDER,FELIPE,DEPOSITO,2022-02-02T10:59:32,1498.08
2424,0002,ITAU,SANDRA,DEPOSITO,2022-02-03T13:40:48,1497.88
5506,0005,ITAU,PEDRO,SAQUE,2022-02-01T02:13:05,1082.37
4657,0004,SANTANDER,LUCIA,SAQUE,2022-02-07T06:56:48,488.61
2824,0008,ITAU,LUCIA,DEPOSITO,2022-02-04T11:11:21,546.87
5506,0007,ITAU,JOAO,DEPOSITO,2022-02-06T07:01:32,928.26
2424,0004,ITAU,JOAO,SAQUE,2022-02-07T23:18:32,52.10
4657,0003,ITAU,MARCOS,SAQUE,2022-02-10T03:49:33,1345.90
4582,0004,SANTANDER,JOAO,DEPOSITO,2022-02-09T22:34:21,824.59
9279,0000,SANTANDER,JULIA,DEPOSITO,2022-02-02T01:17:07,154.38
1434,0005,SANTANDER,JULIA,DEPOSITO,2022-02-05T01:10:45,1183.04
2679,0009,ITAU,CARLOS,SAQUE,2022-02-08T13:39:13,823.41
9279,0000,CAIXA,SANDRA,SAQUE,2022-02-07T18:09:47,1047.75
5506,0001,CAIXA,CARLOS,SAQUE,2022-02-02T04:23:42,1036.15
4657,0002,CAIXA,JOAO,SAQUE,2022-02-01T16:27:15,1207.33
9279,0001,ITAU,ANA,DEPOSITO,2022-02-09T10:19:46,97.30
9279,0002,SANTANDER,CARLOS,DEPOSITO,2022-02-01T22:35:42,533.38
2679,0004,ITAU,LUCIA,DEPOSITO,2022-02-07T14:44:42,1250.46
7912,0002,CAIXA,CARLOS,SAQUE,2022-02-09T16:42:34,380.34
4582,0004,SANTANDER,SANDRA,SAQUE,2022-02-08T08:42:34,498.20
1434,0000,ITAU,LUCIA,DEPOSITO,2022-02-09T01:11:12,46.91
2424,0004,CAIXA,JOAO,SAQUE,2022-02-04T15:31:45,276.60
4582,0001,SANTANDER,JOAO,SAQUE,2022-02-06T01:38:58,652.70
2824,0001,SANTANDER,JOAO,DEPOSITO,2022-02-10T16:20:42,31.39
2679,0007,CAIXA,MARIA,SAQUE,2022-02-05T05:06:08,1136.84
1488,0003,CAIXA,MARCOS,SAQUE,2022-02-03T18:23:14,1154.33
5506,0000,SANTANDER,LUCIA,SAQUE,2022-02-10T13:56:08,204.98
2424,0001,CAIXA,CARLOS,DEPOSITO,2022-02-03T07:46:59,1282.89
5506,0009,CAIXA,JOAO,DEPOSITO,2022-02-08T18:21:34,171.51
2424,0005,ITAU,MARIA,DEPOSITO,2022-02-01T04:45:40,1388.77
9279,0004,SANTANDER,FELIPE,DEPOSITO,2022-02-03T06:49:38,236.71
5506,0009,ITAU,MARCOS,SAQUE,2022-02-10T08:34:11,607.84
2824,0002,ITAU,CARLOS,DEPOSITO,2022-02-03T05:36:49,164.45
2424,0007,ITAU,MARIA,SAQUE,2022-02-07T08:42:06,804.78
2679,0004,SANTANDER,JULIA,DEPOSITO,2022-02-08T05:35:51,171.44
7912,0009,CAIXA,MARCOS,DEPOSITO,2022-02-02T01:08:36,301.87
2824,0008,ITAU,MARIA,SAQUE,2022-02-01T06:03:41,1396.78
2424,0002,ITAU,CARLOS,SAQUE,2022-02-08T20:05:54,1280.59
2824,0006,CAIXA,FELIPE,DEPOSITO,2022-02-07T12:06:27,89.67
1434,0004,CAIXA,MARCOS,SAQUE,2022-02-05T06:47:32,349.68
7912,0001,SANTANDER,LUCIA,SAQUE,2022-02-08T19:12:50,835.62
2679,0006,CAIXA,JULIA,DEPOSITO,2022-02-02T14:02:20,471.55
2824,0007,ITAU,MARIA,SAQUE,2022-02-10T05:15:11,549.42
2824,0008,SANTANDER,CARLOS,SAQUE,2022-02-05T13:06:55,465.20
4657,0005,ITAU,ANA,DEPOSITO,2022-02-02T00:26:09,1269.81
1434,0008,CAIXA,ANA,SAQUE,2022-02-07T14:35:05,435.34
2424,0006,ITAU,SANDRA,DEPOSITO,2022-02-10T11:24:29,681.62
1488,0003,CAIXA,JOAO,DEPOSITO,2022-02-01T11:02:16,739.03
5506,0007,CAIXA,CARLOS,DEPOSITO,2022-02-06T20:22:13,1231.28
1434,0004,ITAU,JULIA,DEPOSITO,2022-02-01T21:41:19,1203.78
1488,0007,SANTANDER,LUCIA,SAQUE,2022-02-08T19:09:04,500.14
2679,0005,SANTANDER,SANDRA,DEPOSITO,2022-02-07T16:55:48,494.25
2824,0007,ITAU,SANDRA,DEPOSITO,2022-02-03T20:56:47,503.23
9279,0008,CAIXA,FELIPE,DEPOSITO,2022-02-05T21:32:11,1075.58
7912,0000,SANTANDER,JOAO,DEPOSITO,2022-02-05T06:40:55,1265.41
4582,0003,ITAU,JOAO,SAQUE,2022-02-06T06:36:43,399.86
1434,0009,ITAU,JULIA,SAQUE,2022-02-06T20:28:50,1035.77
5506,0006,CAIXA,MARCOS,DEPOSITO,2022-02-09T09:58:35,33.20
2679,0003,CAIXA,SANDRA,DEPOSITO,2022-02-06T15:03:27,229.15
1434,0004,CAIXA,JOAO,SAQUE,2022-02-07T23:30:24,1207.82
1434,0007,SANTANDER,JULIA,DEPOSITO,2022-02-10T08:43:22,1328.35
9279,0002,SANTANDER,MARIA,SAQUE,2022-02-02T16:47:17,872.38
4582,0002,CAIXA,MARCOS,DEPOSITO,2022-02-03T21:49:47,388.15
2824,0005,ITAU,SANDRA,SAQUE,2022-02-03T05:04:31,1068.60
2679,0006,ITAU,JULIA,DEPOSITO,2022-02-03T01:29:39,892.67
2679,0008,ITAU,SANDRA,DEPOSITO,2022-02-02T10:55:45,234.91
1488,0005,CAIXA,CARLOS,DEPOSITO,2022-02-07T23:07:23,1416.12
1488,0005,ITAU,JULIA,DEPOSITO,2022-02-07T20:20:44,1070.42
7912,0006,ITAU,FELIPE,DEPOSITO,2022-02-01T06:26:06,1226.16
2424,0008,SANTANDER,LUCIA,DEPOSITO,2022-02-07T10:08:39,103.92
2679,0009,CAIXA,CARLOS,DEPOSITO,2022-02-01T10:46:28,77.51
4582,0003,ITAU,JULIA,SAQUE,2022-02-02T13:32:34,1075.15
4657,0000,ITAU,JOAO,DEPOSITO,2022-02-10T18:11:47,565.28
1488,0002,CAIXA,PEDRO,SAQUE,2022-02-08T23:23:04,1393.55
2424,0003,CAIXA,JULIA,DEPOSITO,2022-02-04T10:35:28,1181.39
1434,0001,CAIXA,ANA,DEPOSITO,2022-02-06T01:07:39,479.14
4582,0008,SANTANDER,FELIPE,DEPOSITO,2022-02-09T23:41:37,15.44
5506,0009,SANTANDER,ANA,DEPOSITO,2022-02-04T11:20:37,561.39
4582,0004,SANTANDER,MARCOS,DEPOSITO,2022-02-09T10:47:22,503.80
4582,0004,SANTANDER,CARLOS,SAQUE,2022-02-01T23:35:51,410.32
1488,0000,ITAU,JOAO,DEPOSITO,2022-02-09T15:10:21,1066.35
1434,0000,CAIXA,MARCOS,SAQUE,2022-02-08T12:58:09,159.85
5506,0003,ITAU,MARCOS,DEPOSITO,2022-02-01T06:28:35,788.96
2679,0005,SANTANDER,CARLOS,SAQUE,2022-02-04T15:47:12,826.87
9279,0007,CAIXA,JULIA,SAQUE,2022-02-08T10:52:35,247.37
1434,0002,SANTANDER,PEDRO,SAQUE,2022-02-07T09:34:00,841.46
5506,0007,SANTANDER,JULIA,SAQUE,2022-02-01T23:15:16,1174.57
4657,0009,SANTANDER,SANDRA,SAQUE,2022-02-06T14:11:45,279.11
7912,0007,ITAU,CARLOS,DEPOSITO,2022-02-03T23:03:07,1042.89
5506,0008,CAIXA,ANA,SAQUE,2022-02-10T08:37:32,1322.96
4657,0003,ITAU,JULIA,DEPOSITO,2022-02-04T18:16:10,576.41
9279,0001,SANTANDER,SANDRA,SAQUE,2022-02-01T23:18:37,1402.44
9279,0008,SANTANDER,JULIA,SAQUE,2022-02-02T12:23:59,1457.56
9279,0000,SANTANDER,JOAO,DEPOSITO,2022-02-02T18:16:51,1009.74
2679,0003,ITAU,SANDRA,DEPOSITO,2022-02-02T06:13:23,1178.25
2424,0005,SANTANDER,JOAO,DEPOSITO,2022-02-08T06:35:28,916.74
9279,0001,CAIXA,JOAO,DEPOSITO,2022-02-08T09:46:37,252.45
2824,0001,SANTANDER,SANDRA,DEPOSITO,2022-02-09T16:03:42,679.43
2824,0001,SANTANDER,ANA,DEPOSITO,2022-02-05T07:03:08,1236.73
7912,0007,CAIXA,LUCIA,SAQUE,2022-02-07T05:25:07,658.33
9279,0007,CAIXA,ANA,DEPOSITO,2022-02-05T13:02:24,1268.40
4657,0004,ITAU,SANDRA,DEPOSITO,2022-02-01T16:35:39,1407.76
9279,0005,ITAU,MARIA,SAQUE,2022-02-01T17:29:07,419.91
7912,0003,ITAU,ANA,SAQUE,2022-02-06T18:59:33,1272.95
2824,0007,ITAU,JULIA,SAQUE,2022-02-10T15:29:03,1332.26
7912,0005,CAIXA,FELIPE,SAQUE,2022-02-07T08:35:49,785.05
2424,0002,SANTANDER,JOAO,SAQUE,2022-02-02T17:46:48,368.15
4582,0001,CAIXA,JULIA,SAQUE,2022-02-01T21:17:32,19.31
4582,0009,ITAU,LUCIA,DEPOSITO,2022-02-05T14:23:22,183.09
4657,0001,ITAU,MARCOS,DEPOSITO,2022-02-09T01:26:28,1471.77
5506,0006,SANTANDER,CARLOS,DEPOSITO,2022-02-01T14:47:58,1123.82
9279,0002,SANTANDER,LUCIA,DEPOSITO,2022-02-01T11:39:22,307.42
9279,0000,CAIXA,SANDRA,SAQUE,2022-02-01T03:26:07,1023.92
2824,0006,CAIXA,FELIPE,SAQUE,2022-02-05T01:24:24,847.04
1434,0006,SANTANDER,ANA,SAQUE,2022-02-07T19:50:48,625.67
9279,0002,SANTANDER,MARIA,DEPOSITO,2022-02-04T11:22:02,896.82
2824,0003,ITAU,FELIPE,DEPOSITO,2022-02-03T12:59:05,1466.33
4582,0005,SANTANDER,PEDRO,DEPOSITO,2022-02-05T02:52:51,62.93
4657,0008,SANTANDER,JULIA,SAQUE,2022-02-03T07:26:53,340.45
1488,0001,ITAU,PEDRO,SAQUE,2022-02-07T10:43:32,662.40
2679,0004,ITAU,CARLOS,DEPOSITO,2022-02-04T09:36:50,614.39
1488,0000,SANTANDER,CARLOS,SAQUE,2022-02-07T17:41:51,298.70
5506,0006,SANTANDER,JULIA,DEPOSITO,2022-02-03T05:36:48,825.27
4582,0001,SANTANDER,JOAO,SAQUE,2022-02-07T15:26:12,1373.36
4582,0004,SANTANDER,LUCIA,SAQUE,2022-02-04T10:41:21,1226.29
2424,0005,ITAU,MARCOS,SAQUE,2022-02-05T12:10:54,535.13
1434,0007,CAIXA,SANDRA,DEPOSITO,2022-02-01T04:55:45,1096.49
2824,0007,CAIXA,MARIA,SAQUE,2022-02-07T01:48:11,169.64
4657,0002,SANTANDER,SANDRA,DEPOSITO,2022-02-02T07:08:34,1335.33
4582,0005,SANTANDER,JULIA,SAQUE,2022-02-09T10:06:14,151.18
7912,0005,CAIXA,JOAO,SAQUE,2022-02-01T17:49:05,1026.15
1488,0001,SANTANDER,LUCIA,SAQUE,2022-02-05T14:08:28,1078.46
7912,0005,SANTANDER,FELIPE,DEPOSITO,2022-02-02T02:10:49,1497.33
4582,0005,SANTANDER,MARIA,SAQUE,2022-02-01T19:25:52,1309.17
1488,0005,SANTANDER,LUCIA,DEPOSITO,2022-02-05T04:19:43,486.07
5506,0007,SANTANDER,SANDRA,SAQUE,2022-02-08T13:59:37,665.83
4657,0008,CAIXA,JOAO,DEPOSITO,2022-02-07T01:29:27,1434.23
4582,0001,CAIXA,PEDRO,DEPOSITO,2022-02-07T18:30:37,700.91
4657,0007,ITAU,SANDRA,SAQUE,2022-02-03T21:15:41,969.43
1488,0000,CAIXA,CARLOS,SAQUE,2022-02-08T15:16:36,1436.52
4657,0007,SANTANDER,LUCIA,DEPOSITO,2022-02-08T02:44:02,1038.14
2424,0007,CAIXA,MARIA,DEPOSITO,2022-02-03T16:34:33,1407.15
2824,0009,ITAU,SANDRA,SAQUE,2022-02-07T16:11:06,105.97
7912,0003,SANTANDER,PEDRO,SAQUE,2022-02-08T13:41:31,1321.95
1434,0001,ITAU,MARIA,DEPOSITO,2022-02-09T09:54:49,1364.86
4582,0004,SANTANDER,LUCIA,SAQUE,2022-02-01T11:46:53,588.00
1434,0004,CAIXA,SANDRA,DEPOSITO,2022-02-05T21:57:26,969.75
9279,0008,SANTANDER,LUCIA,DEPOSITO,2022-02-09T18:58:24,824.64
2824,0005,CAIXA,LUCIA,DEPOSITO,2022-02-07T04:00:28,1494.21
2824,0009,CAIXA,PEDRO,DEPOSITO,2022-02-04T14:15:53,859.71
9279,0008,SANTANDER,MARIA,DEPOSITO,2022-02-05T20:27:22,40.56
7912,0001,ITAU,ANA,SAQUE,2022-02-03T17:34:54,498.86
5506,0000,ITAU,FELIPE,SAQUE,2022-02-05T16:37:36,326.65
2679,0000,ITAU,CARLOS,DEPOSITO,2022-02-06T15:53:53,435.94
1434,0005,ITAU,SANDRA,DEPOSITO,2022-02-09T02:46:04,945.33
4657,0007,CAIXA,PEDRO,SAQUE,2022-02-02T05:50:15,503.23
4582,0001,ITAU,LUCIA,DEPOSITO,2022-02-06T04:56:22,968.30
4582,0005,ITAU,LUCIA,SAQUE,2022-02-04T00:51:58,770.55
7912,0009,ITAU,FELIPE,SAQUE,2022-02-03T18:09:28,594.95
5506,0009,CAIXA,JOAO,SAQUE,2022-02-06T15:04:15,1436.95
7912,0002,ITAU,JULIA,SAQUE,2022-02-07T22:50:07,491.68
4582,0006,ITAU,SANDRA,SAQUE,2022-02-05T21:13:00,474.41
7912,0008,SANTANDER,CARLOS,DEPOSITO,2022-02-09T12:17:57,1198.04
9279,0007,CAIXA,MARIA,DEPOSITO,2022-02-06T16:38:43,125.83
4657,0002,SANTANDER,SANDRA,DEPOSITO,2022-02-06T11:41:09,11.64
4582,0005,ITAU,ANA,DEPOSITO,2022-02-07T18:30:23,1073.40
1434,0005,ITAU,CARLOS,DEPOSITO,2022-02-10T17:43:52,157.47
4582,0001,CAIXA,MARIA,DEPOSITO,2022-02-07T00:28:38,788.16
2679,0004,ITAU,FELIPE,SAQUE,2022-02-02T10:44:08,168.56
4657,0009,SANTANDER,JULIA,SAQUE,2022-02-07T18:28:07,505.15
7912,0002,SANTANDER,SANDRA,SAQUE,2022-02-06T19:07:17,1038.50
5506,0006,SANTANDER,JULIA,DEPOSITO,2022-02-10T04:40:04,1066.16
1434,0005,CAIXA,JULIA,DEPOSITO,2022-02-05T15:26:54,110.08
2824,0001,SANTANDER,SANDRA,SAQUE,2022-02-07T06:22:12,1349.83
7912,0008,ITAU,LUCIA,DEPOSITO,2022-02-02T18:19:10,1493.19
1434,0000,CAIXA,LUCIA,DEPOSITO,2022-02-03T16:21:14,274.67
4582,0000,ITAU,ANA,DEPOSITO,2022-02-02T23:23:00,211.55
1488,0005,CAIXA,JOAO,SAQUE,2022-02-04T11:17:22,736.04
1434,0009,CAIXA,JULIA,DEPOSITO,2022-02-05T10:55:24,108.40
4582,0005,ITAU,PEDRO,DEPOSITO,2022-02-10T00:23:17,1012.96
7912,0006,ITAU,PEDRO,DEPOSITO,2022-02-09T18:10:36,422.73
4657,0006,SANTANDER,ANA,SAQUE,2022-02-02T15:08:30,752.06
7912,0003,ITAU,PEDRO,DEPOSITO,2022-02-10T07:15:28,1348.78
2824,0004,ITAU,CARLOS,SAQUE,2022-02-06T00:41:16,1330.64
1434,0006,SANTANDER,LUCIA,DEPOSITO,2022-02-10T17:05:10,523.21
4657,0009,CAIXA,MARCOS,SAQUE,2022-02-08T04:21:37,540.23
4582,0005,CAIXA,PEDRO,DEPOSITO,2022-02-09T09:15:42,1154.18
4657,0008,SANTANDER,FELIPE,SAQUE,2022-02-09T09:50:40,1027.13
1434,0003,ITAU,CARLOS,DEPOSITO,2022-02-03T00:26:30,1292.29
2679,0000,ITAU,FELIPE,DEPOSITO,2022-02-10T02:10:51,402.87
1434,0002,ITAU,SANDRA,SAQUE,2022-02-02T22:01:42,593.90
4582,0001,SANTANDER,FELIPE,SAQUE,2022-02-07T04:02:48,735.40
2424,0008,ITAU,JULIA,SAQUE,2022-02-06T03:45:13,1453.57
4657,0009,CAIXA,CARLOS,DEPOSITO,2022-02-02T22:39:02,1053.64
1434,0000,SANTANDER,CARLOS,SAQUE,2022-02-04T18:24:24,548.89
2424,0006,CAIXA,JOAO,DEPOSITO,2022-02-06T07:46:25,667.05
2424,0001,ITAU,JOAO,DEPOSITO,2022-02-07T23:24:22,1078.75
7912,0005,SANTANDER,JOAO,SAQUE,2022-02-03T09:22:11,259.24
4657,0000,ITAU,ANA,SAQUE,2022-02-02T12:18:37,1324.28
7912,0001,CAIXA,JOAO,DEPOSITO,2022-02-09T03:55:30,1180.89
4657,0003,CAIXA,JULIA,SAQUE,2022-02-02T22:09:55,407.17
1434,0002,CAIXA,LUCIA,SAQUE,2022-02-08T07:08:38,1424.22
2824,0002,CAIXA,SANDRA,SAQUE,2022-02-04T00:01:45,229.80
2679,0001,ITAU,SANDRA,SAQUE,2022-02-03T12:38:37,402.87
5506,0007,SANTANDER,ANA,SAQUE,2022-02-03T08:27:46,1421.38
1488,0007,CAIXA,JULIA,DEPOSITO,2022-02-04T06:02:27,345.12
2679,0008,SANTANDER,PEDRO,DEPOSITO,2022-02-05T12:39:15,127.24
5506,0008,CAIXA,LUCIA,SAQUE,2022-02-04T07:53:09,1470.41
9279,0004,CAIXA,CARLOS,SAQUE,2022-02-10T17:57:55,754.08
1488,0004,SANTANDER,JOAO,SAQUE,2022-02-05T11:05:43,1421.01
2424,0004,CAIXA,SANDRA,SAQUE,2022-02-04T08:59:11,1486.78
2424,0006,SANTANDER,SANDRA,SAQUE,2022-02-01T20:36:50,1443.79
5506,0007,CAIXA,ANA,DEPOSITO,2022-02-04T13:16:01,273.85
2824,0003,ITAU,LUCIA,SAQUE,2022-02-08T14:11:41,1388.69
7912,0001,SANTANDER,MARIA,DEPOSITO,2022-02-08T07:40:33,1143.02
7912,0002,ITAU,SANDRA,SAQUE,2022-02-06T12:12:02,601.64
7912,0006,SANTANDER,LUCIA,SAQUE,2022-02-04T10:32:19,1306.47
4657,0000,ITAU,SANDRA,DEPOSITO,2022-02-05T18:10:38,405.89
2424,0002,SANTANDER,JOAO,DEPOSITO,2022-02-02T23:56:39,379.24
9279,0009,SANTANDER,MARIA,SAQUE,2022-02-01T18:21:28,328.10
4582,0007,CAIXA,PEDRO,SAQUE,2022-02-09T08:21:13,346.75
7912,0005,ITAU,FELIPE,SAQUE,2022-02-05T09:51:53,1410.82
4657,0003,SANTANDER,FELIPE,SAQUE,2022-02-06T12:11:09,1097.54
2824,0005,SANTANDER,MARIA,DEPOSITO,2022-02-09T01:44:01,321.58
9279,0007,ITAU,JULIA,SAQUE,2022-02-09T08:14:21,397.04
4582,0003,SANTANDER,MARCOS,DEPOSITO,2022-02-03T01:44:47,967.80
9279,0008,ITAU,MARIA,DEPOSITO,2022-02-06T11:37:31,341.62
2424,0006,ITAU,SANDRA,SAQUE,2022-02-05T00:26:28,606.45
4582,0001,ITAU,MARCOS,DEPOSITO,2022-02-01T20:08:14,176.10
5506,0003,CAIXA,MARCOS,DEPOSITO,2022-02-05T13:07:58,46.63
9279,0005,CAIXA,LUCIA,DEPOSITO,2022-02-02T22:21:45,47.72
9279,0006,ITAU,ANA,DEPOSITO,2022-02-04T23:14:22,470.69
1434,0002,ITAU,CARLOS,DEPOSITO,2022-02-03T20:07:41,910.28
4582,0006,ITAU,CARLOS,DEPOSITO,2022-02-03T02:00:08,746.62
7912,0003,SANTANDER,PEDRO,SAQUE,2022-02-05T08:20:57,937.43
1434,0008,ITAU,ANA,DEPOSITO,2022-02-03T08:24:45,905.39
5506,0006,ITAU,MARIA,DEPOSITO,2022-02-08T13:20:02,1081.51
9279,0006,CAIXA,ANA,DEPOSITO,2022-02-09T12:00:39,234.66
1434,0005,ITAU,SANDRA,DEPOSITO,2022-02-08T09:50:40,1341.50
1488,0001,ITAU,JOAO,SAQUE,2022-02-09T11:25:05,1280.77
2679,0001,ITAU,ANA,DEPOSITO,2022-02-02T03:27:58,640.61
2679,0008,ITAU,MARCOS,SAQUE,2022-02-01T16:21:12,146.54
4657,0003,ITAU,JULIA,DEPOSITO,2022-02-07T03:05:56,589.74
9279,0002,ITAU,PEDRO,SAQUE,2022-02-01T06:13:07,67.48
1488,0003,CAIXA,CARLOS,DEPOSITO,2022-02-07T19:20:54,537.79
2424,0000,CAIXA,JULIA,DEPOSITO,2022-02-07T01:41:22,1062.07
9279,0000,ITAU,JOAO,SAQUE,2022-02-05T00:33:25,722.93
7912,0005,ITAU,ANA,DEPOSITO,2022-02-03T17:12:36,1469.72
1434,0000,SANTANDER,JULIA,DEPOSITO,2022-02-10T05:49:26,955.76
1434,0005,CAIXA,ANA,SAQUE,2022-02-09T05:20:56,844.72
2424,0007,SANTANDER,ANA,DEPOSITO,2022-02-05T09:07:42,1104.04
4582,0004,ITAU,ANA,SAQUE,2022-02-09T01:11:39,324.48
4657,0003,ITAU,MARCOS,DEPOSITO,2022-02-08T22:45:59,109.34
2824,0002,ITAU,JOAO,SAQUE,2022-02-07T01:20:04,1028.67
2679,0000,ITAU,LUCIA,SAQUE,2022-02-03T20:49:44,1006.81
4657,0006,SANTANDER,JULIA,SAQUE,2022-02-09T02:19:51,231.26
2824,0004,ITAU,ANA,SAQUE,2022-02-07T06:16:09,995.04
4657,0001,CAIXA,SANDRA,SAQUE,2022-02-05T18:33:32,988.71
2824,0009,ITAU,JOAO,SAQUE,2022-02-04T22:50:28,77.10
2824,0002,ITAU,ANA,DEPOSITO,2022-02-06T06:47:35,558.75
4582,0009,CAIXA,SANDRA,SAQUE,2022-02-04T09:12:33,501.62
1434,0001,SANTANDER,FELIPE,SAQUE,2022-02-03T15:42:14,892.71
4582,0008,ITAU,JULIA,SAQUE,2022-02-03T07:56:22,543.05
7912,0007,ITAU,ANA,DEPOSITO,2022-02-06T08:40:47,387.90
4657,0005,SANTANDER,SANDRA,SAQUE,2022-02-09T22:25:14,153.18
2424,0009,SANTANDER,FELIPE,DEPOSITO,2022-02-10T05:06:01,861.64
2679,0008,ITAU,MARCOS,SAQUE,2022-02-07T23:04:07,614.92
1488,0002,CAIXA,FELIPE,DEPOSITO,2022-02-06T23:01:57,645.28
4582,0008,SANTANDER,ANA,DEPOSITO,2022-02-05T19:30:59,662.40
5506,0006,CAIXA,SANDRA,SAQUE,2022-02-06T04:31:55,976.64
4657,0004,SANTANDER,PEDRO,SAQUE,2022-02-08T09:37:10,312.49
1434,0001,ITAU,JOAO,DEPOSITO,2022-02-07T07:22:09,56.01
4657,0009,ITAU,PEDRO,DEPOSITO,2022-02-03T00:16:20,225.65
2424,0000,SANTANDER,MARIA,DEPOSITO,2022-02-06T23:44:11,1164.15
9279,0007,CAIXA,SANDRA,SAQUE,2022-02-04T12:50:32,1201.32
9279,0004,SANTANDER,LUCIA,DEPOSITO,2022-02-07T21:34:26,219.02
1434,0008,CAIXA,JOAO,SAQUE,2022-02-04T16:49:07,749.65
2424,0006,SANTANDER,MARCOS,SAQUE,2022-02-02T04:01:31,1328.37
2824,0001,ITAU,MARIA,SAQUE,2022-02-01T11:55:55,1039.03
1488,0008,ITAU,LUCIA,SAQUE,2022-02-04T21:46:03,373.95
2424,0009,ITAU,LUCIA,SAQUE,2022-02-07T22:40:33,1462.83
1434,0001,ITAU,MARCOS,SAQUE,2022-02-08T19:02:54,127.83
4582,0001,CAIXA,SANDRA,SAQUE,2022-02-03T14:03:49,341.88
4657,0005,CAIXA,MARCOS,DEPOSITO,2022-02-05T07:58:14,277.08
2424,0000,ITAU,ANA,SAQUE,2022-02-03T14:12:14,626.15
1434,0003,CAIXA,FELIPE,SAQUE,2022-02-07T10:52:19,924.98
2424,0004,ITAU,MARIA,SAQUE,2022-02-04T12:08:36,529.53
1488,0000,CAIXA,JOAO,SAQUE,2022-02-04T15:11:31,1133.04
1434,0002,SANTANDER,JOAO,DEPOSITO,2022-02-04T19:02:05,1189.64
2824,0000,CAIXA,SANDRA,DEPOSITO,2022-02-04T00:42:55,1131.94
2424,0000,ITAU,MARCOS,SAQUE,2022-02-04T08:37:57,347.36
1434,0001,CAIXA,JULIA,DEPOSITO,2022-02-01T16:00:03,227.70
1488,0009,CAIXA,CARLOS,DEPOSITO,2022-02-06T21:02:20,912.10
4657,0007,CAIXA,JULIA,SAQUE,2022-02-03T00:01:33,158.64
4657,0008,ITAU,MARCOS,DEPOSITO,2022-02-03T04:34:57,101.19
5506,0006,SANTANDER,MARCOS,SAQUE,2022-02-07T09:08:22,459.02
7912,0005,ITAU,CARLOS,SAQUE,2022-02-08T04:39:51,511.65
1434,0004,SANTANDER,PEDRO,DEPOSITO,2022-02-04T11:06:28,73.94
1488,0009,ITAU,CARLOS,DEPOSITO,2022-02-08T12:02:35,231.09
4657,0005,ITAU,LUCIA,DEPOSITO,2022-02-05T09:43:13,1346.89
5506,0003,CAIXA,PEDRO,SAQUE,2022-02-05T20:42:16,506.64
5506,0008,ITAU,SANDRA,SAQUE,2022-02-08T03:42:58,293.57
1434,0009,ITAU,JULIA,SAQUE,2022-02-02T01:04:13,1456.57
2824,0006,SANTANDER,FELIPE,SAQUE,2022-02-07T19:02:11,1061.67
4657,0006,CAIXA,MARIA,SAQUE,2022-02-02T02:44:53,587.95
2824,0005,ITAU,JULIA,SAQUE,2022-02-03T13:43:07,81.61
7912,0007,ITAU,CARLOS,DEPOSITO,2022-02-10T01:53:09,1399.85
2824,0004,ITAU,PEDRO,SAQUE,2022-02-03T07:25:46,691.70
9279,0009,SANTANDER,FELIPE,DEPOSITO,2022-02-09T03:17:25,458.87
4582,0007,CAIXA,JULIA,SAQUE,2022-02-07T15:27:36,1174.33
2424,0009,ITAU,MARIA,DEPOSITO,2022-02-04T11:49:09,857.93
9279,0000,ITAU,ANA,DEPOSITO,2022-02-07T00:01:46,973.48
2824,0006,SANTANDER,MARCOS,SAQUE,2022-02-01T13:01:43,290.60
5506,0007,ITAU,LUCIA,DEPOSITO,2022-02-10T17:20:45,350.29
7912,0008,SANTANDER,ANA,SAQUE,2022-02-05T04:38:35,638.97
7912,0009,ITAU,ANA,DEPOSITO,2022-02-07T09:38:48,309.55
2424,0009,ITAU,LUCIA,DEPOSITO,2022-02-05T02:16:08,34.20
4582,0006,ITAU,PEDRO,DEPOSITO,2022-02-03T21:00:20,1317.94
4657,0004,SANTANDER,JOAO,SAQUE,2022-02-01T21:49:10,707.98
7912,0008,CAIXA,MARIA,DEPOSITO,2022-02-06T06:25:43,661.93
1488,0007,ITAU,SANDRA,SAQUE,2022-02-04T21:53:59,1128.85
7912,0006,CAIXA,JOAO,SAQUE,2022-02-02T00:53:02,323.81
1488,0007,ITAU,SANDRA,SAQUE,2022-02-03T03:47:35,1225.94
2824,0008,ITAU,JOAO,DEPOSITO,2022-02-07T15:26:03,79.53
7912,0005,CAIXA,SANDRA,DEPOSITO,2022-02-09T19:08:22,145.39
4582,0008,CAIXA,ANA,SAQUE,2022-02-05T14:49:33,87.66
9279,0002,SANTANDER,CARLOS,SAQUE,2022-02-07T17:15:49,994.23
4657,0009,CAIXA,MARCOS,SAQUE,2022-02-06T02:39:26,1239.01
2679,0006,CAIXA,ANA,SAQUE,2022-02-05T10:52:56,84.57
7912,0001,CAIXA,MARCOS,DEPOSITO,2022-02-06T18:44:50,1185.04
4582,0009,CAIXA,FELIPE,DEPOSITO,2022-02-08T08:30:24,241.77
2824,0000,CAIXA,MARIA,SAQUE,2022-02-07T13:34:05,597.36
1488,0008,CAIXA,ANA,DEPOSITO,2022-02-08T16:46:47,733.35
4657,0007,ITAU,FELIPE,DEPOSITO,2022-02-02T02:43:02,158.60
1488,0001,CAIXA,JULIA,SAQUE,2022-02-01T14:19:02,1449.36
1434,0007,CAIXA,JULIA,SAQUE,2022-02-10T02:26:06,1212.94
2824,0007,CAIXA,FELIPE,SAQUE,2022-02-06T23:16:57,1284.04
1434,0009,SANTANDER,PEDRO,DEPOSITO,2022-02-08T05:17:27,535.26
4657,0008,ITAU,MARIA,DEPOSITO,2022-02-10T00:14:32,901.28
2424,0000,ITAU,ANA,DEPOSITO,2022-02-07T01:28:00,221.74
5506,0000,ITAU,PEDRO,SAQUE,2022-02-01T08:20:46,280.86
5506,0000,CAIXA,ANA,DEPOSITO,2022-02-05T15:52:11,569.76
4582,0003,ITAU,CARLOS,DEPOSITO,2022-02-10T01:38:45,1364.07
4582,0000,CAIXA,PEDRO,SAQUE,2022-02-06T11:04:28,448.70
5506,0007,SANTANDER,JULIA,SAQUE,2022-02-08T03:03:50,767.78
5506,0009,CAIXA,MARCOS,DEPOSITO,2022-02-01T05:06:05,1208.61
5506,0006,CAIXA,CARLOS,SAQUE,2022-02-10T09:14:02,116.34
7912,0004,SANTANDER,MARCOS,SAQUE,2022-02-09T14:33:50,393.49
5506,0004,ITAU,PEDRO,DEPOSITO,2022-02-08T08:11:48,1421.97
9279,0001,ITAU,JOAO,DEPOSITO,2022-02-07T03:08:59,684.00
2424,0002,SANTANDER,ANA,SAQUE,2022-02-01T07:12:08,855.19
7912,0007,CAIXA,MARIA,DEPOSITO,2022-02-08T10:11:34,221.22
4657,0002,SANTANDER,MARIA,DEPOSITO,2022-02-04T13:21:02,234.85
5506,0001,CAIXA,CARLOS,DEPOSITO,2022-02-08T06:21:20,72.64
9279,0005,CAIXA,SANDRA,SAQUE,2022-02-04T01:16:13,356.56
2824,0005,ITAU,CARLOS,DEPOSITO,2022-02-09T20:36:06,1241.74
2824,0009,CAIXA,CARLOS,SAQUE,2022-02-09T03:16:43,123.24
4657,0006,CAIXA,LUCIA,SAQUE,2022-02-03T13:44:09,154.67
2679,0006,CAIXA,JULIA,DEPOSITO,2022-02-08T01:15:14,74.98
7912,0005,ITAU,ANA,DEPOSITO,2022-02-02T02:28:34,1230.19
2679,0002,CAIXA,ANA,DEPOSITO,2022-02-04T16:19:54,564.45
2424,0003,SANTANDER,MARIA,DEPOSITO,2022-02-07T16:22:58,1305.90
1434,0002,CAIXA,CARLOS,SAQUE,2022-02-02T08:22:52,1341.51
2424,0000,SANTANDER,MARIA,SAQUE,2022-02-01T19:07:48,838.85
7912,0009,CAIXA,ANA,DEPOSITO,2022-02-05T19:11:07,73.44
1488,0001,CAIXA,MARCOS,SAQUE,2022-02-06T22:01:59,961.04
2424,0000,CAIXA,MARIA,SAQUE,2022-02-04T12:09:56,960.33
2824,0005,ITAU,FELIPE,SAQUE,2022-02-03T17:30:27,1089.09
7912,0005,ITAU,SANDRA,DEPOSITO,2022-02-06T09:07:23,1075.14
4657,0007,SANTANDER,PEDRO,DEPOSITO,2022-02-09T11:07:23,35.49
4657,0000,CAIXA,ANA,SAQUE,2022-02-10T17:53:56,802.53
9279,0005,SANTANDER,MARCOS,DEPOSITO,2022-02-08T13:13:31,144.17
4657,0005,CAIXA,SANDRA,SAQUE,2022-02-07T11:32:58,867.30
4582,0006,SANTANDER,PEDRO,DEPOSITO,2022-02-01T07:53:29,1105.68
7912,0007,ITAU,CARLOS,SAQUE,2022-02-09T10:32:38,41.20
7912,0003,SANTANDER,LUCIA,SAQUE,2022-02-10T03:57:50,1405.01
4582,0001,CAIXA,PEDRO,SAQUE,2022-02-02T06:09:42,290.94
1488,0003,ITAU,LUCIA,SAQUE,2022-02-04T08:46:55,1216.32
7912,0004,CAIXA,JULIA,DEPOSITO,2022-02-07T19:12:40,1403.62
2679,0004,ITAU,ANA,DEPOSITO,2022-02-05T22:03:06,98.87
7912,0003,ITAU,MARCOS,SAQUE,2022-02-03T20:15:11,1401.01
1488,0008,SANTANDER,JULIA,SAQUE,2022-02-03T13:28:08,1013.03
2679,0004,ITAU,FELIPE,SAQUE,2022-02-08T17:55:02,956.15
2679,0000,ITAU,CARLOS,SAQUE,2022-02-06T08:31:18,166.08
2679,0005,ITAU,LUCIA,DEPOSITO,2022-02-09T03:26:49,292.91
2679,0006,SANTANDER,PEDRO,DEPOSITO,2022-02-07T15:32:42,157.73
4657,0003,SANTANDER,ANA,SAQUE,2022-02-09T22:14:01,1108.39
9279,0004,ITAU,MARIA,DEPOSITO,2022-02-06T22:34:05,615.03
5506,0009,ITAU,LUCIA,SAQUE,2022-02-09T20:47:09,1135.72
1488,0002,CAIXA,LUCIA,DEPOSITO,2022-02-04T07:41:21,1285.89
4657,0008,CAIXA,ANA,SAQUE,2022-02-06T01:26:35,913.98
1434,0003,CAIXA,FELIPE,SAQUE,2022-02-06T04:08:12,1455.21
7912,0007,CAIXA,PEDRO,SAQUE,2022-02-07T02:59:44,531.42
2424,0003,SANTANDER,ANA,SAQUE,2022-02-09T12:47:56,571.54
7912,0001,SANTANDER,ANA,SAQUE,2022-02-02T05:31:56,866.37
1434,0005,SANTANDER,PEDRO,SAQUE,2022-02-08T06:52:10,928.95
2424,0007,SANTANDER,MARIA,DEPOSITO,2022-02-09T05:35:04,907.49
4582,0008,SANTANDER,JOAO,DEPOSITO,2022-02-08T11:08:15,873.20
2424,0009,SANTANDER,MARCOS,DEPOSITO,2022-02-06T02:05:59,1149.60
9279,0007,CAIXA,FELIPE,SAQUE,2022-02-05T21:32:30,865.40
9279,0000,CAIXA,LUCIA,SAQUE,2022-02-09T08:04:33,467.42
2679,0006,CAIXA,MARIA,SAQUE,2022-02-02T00:01:04,614.39
1488,0000,SANTANDER,JULIA,SAQUE,2022-02-06T16:40:27,177.69
1434,0003,CAIXA,JULIA,SAQUE,2022-02-09T23:37:06,317.32
2679,0007,SANTANDER,FELIPE,SAQUE,2022-02-08T04:16:41,446.52
7912,0003,SANTANDER,JOAO,SAQUE,2022-02-08T10:17:32,24.72
4582,0005,SANTANDER,LUCIA,SAQUE,2022-02-02T12:32:32,1447.63
2824,0003,CAIXA,ANA,SAQUE,2022-02-05T22:39:55,68.24
2824,0003,SANTANDER,LUCIA,DEPOSITO,2022-02-03T06:16:23,1261.40
2679,0003,CAIXA,MARIA,DEPOSITO,2022-02-01T02:15:11,1157.56
5506,0008,SANTANDER,JULIA,DEPOSITO,2022-02-01T14:04:47,1313.65
9279,0000,CAIXA,JULIA,DEPOSITO,2022-02-10T00:43:48,932.09
4582,0005,SANTANDER,FELIPE,SAQUE,2022-02-03T22:59:53,629.83
4582,0001,CAIXA,MARIA,DEPOSITO,2022-02-03T16:05:33,80.39
1434,0001,CAIXA,CARLOS,SAQUE,2022-02-10T12:51:53,161.72
2424,0000,ITAU,PEDRO,DEPOSITO,2022-02-05T10:12:19,1367.63
9279,0003,CAIXA,JULIA,SAQUE,2022-02-03T09:53:48,1153.21
2679,0008,CAIXA,JOAO,SAQUE,2022-02-01T17:10:41,678.75
2424,0007,ITAU,LUCIA,DEPOSITO,2022-02-03T01:16:44,800.92
4657,0007,ITAU,FELIPE,DEPOSITO,2022-02-09T10:28:09,647.31
7912,0009,CAIXA,JOAO,SAQUE,2022-02-04T03:30:49,461.49
5506,0004,CAIXA,LUCIA,SAQUE,2022-02-09T03:52:01,731.08
2424,0005,ITAU,CARLOS,SAQUE,2022-02-01T13:20:35,255.60
1434,0004,SANTANDER,FELIPE,SAQUE,2022-02-08T12:08:35,1366.14
7912,0005,ITAU,ANA,SAQUE,2022-02-10T09:49:30,1399.33
2824,0008,ITAU,FELIPE,DEPOSITO,2022-02-03T16:51:00,504.36
2824,0003,SANTANDER,JOAO,SAQUE,2022-02-05T19:20:23,467.88
2424,0001,ITAU,MARIA,SAQUE,2022-02-08T09:05:05,899.96
4582,0008,ITAU,FELIPE,DEPOSITO,2022-02-04T21:07:41,806.22
1488,0002,ITAU,ANA,SAQUE,2022-02-05T07:22:07,506.20
2424,0005,CAIXA,SANDRA,DEPOSITO,2022-02-04T02:39:38,14.95
9279,0006,CAIXA,ANA,DEPOSITO,2022-02-01T21:53:52,1396.47
2824,0003,CAIXA,ANA,SAQUE,2022-02-06T06:03:32,747.03
5506,0001,CAIXA,JULIA,DEPOSITO,2022-02-07T19:56:58,930.05
2824,0005,CAIXA,MARIA,DEPOSITO,2022-02-09T04:50:10,279.61
4657,0004,ITAU,MARIA,DEPOSITO,2022-02-04T21:09:14,1072.08
4657,0008,ITAU,JULIA,SAQUE,2022-02-08T13:12:39,738.99
4582,0001,SANTANDER,LUCIA,SAQUE,2022-02-07T12:12:14,1375.19
2824,0000,SANTANDER,SANDRA,DEPOSITO,2022-02-06T14:21:46,394.91
7912,0000,SANTANDER,PEDRO,SAQUE,2022-02-05T09:58:05,961.56
9279,0002,SANTANDER,JULIA,SAQUE,2022-02-10T16:02:40,177.08
9279,0006,SANTANDER,SANDRA,SAQUE,2022-02-08T00:25:56,1056.47
9279,0003,CAIXA,JOAO,DEPOSITO,2022-02-03T21:29:06,64.60
1488,0004,ITAU,LUCIA,DEPOSITO,2022-02-07T12:25:29,300.90
2679,0009,ITAU,FELIPE,DEPOSITO,2022-02-08T21:45:47,367.07
2679,0005,CAIXA,CARLOS,DEPOSITO,2022-02-07T05:29:08,774.34
2679,0008,ITAU,FELIPE,SAQUE,2022-02-06T21:52:51,1193.66
7912,0001,CAIXA,LUCIA,SAQUE,2022-02-06T08:44:15,1242.54
2824,0004,SANTANDER,FELIPE,SAQUE,2022-02-06T11:45:34,280.49
2679,0007,ITAU,PEDRO,SAQUE,2022-02-06T22:40:15,1096.12
9279,0006,SANTANDER,JULIA,DEPOSITO,2022-02-09T09:46:40,540.80
9279,0008,CAIXA,JOAO,SAQUE,2022-02-10T00:14:34,749.88
1434,0002,SANTANDER,CARLOS,DEPOSITO,2022-02-05T21:52:18,892.81
1434,0009,CAIXA,PEDRO,DEPOSITO,2022-02-02T17:52:04,1222.31
2824,0001,ITAU,JOAO,SAQUE,2022-02-06T07:20:39,947.37
4582,0003,CAIXA,SANDRA,DEPOSITO,2022-02-02T10:45:54,1037.35
4582,0003,ITAU,JULIA,SAQUE,2022-02-08T02:17:09,724.74
2679,0009,SANTANDER,MARIA,DEPOSITO,2022-02-02T02:50:52,151.85
2824,0004,SANTANDER,JULIA,SAQUE,2022-02-03T03:40:08,1357.86
1434,0008,CAIXA,JULIA,SAQUE,2022-02-09T05:14:37,932.69
9279,0001,CAIXA,MARIA,SAQUE,2022-02-05T14:08:13,264.34
2679,0002,CAIXA,SANDRA,SAQUE,2022-02-02T14:54:59,1133.81
1434,0008,CAIXA,LUCIA,DEPOSITO,2022-02-06T10:34:34,223.75
2679,0003,ITAU,JULIA,DEPOSITO,2022-02-04T17:15:15,1231.80
4582,0001,CAIXA,SANDRA,SAQUE,2022-02-06T16:41:50,1349.08
5506,0002,SANTANDER,JULIA,SAQUE,2022-02-04T06:36:32,1374.70
2679,0004,CAIXA,PEDRO,SAQUE,2022-02-03T00:39:42,749.55
4582,0006,CAIXA,FELIPE,DEPOSITO,2022-02-03T17:29:09,281.52
4657,0002,CAIXA,JULIA,SAQUE,2022-02-07T14:19:31,1130.46
2824,0001,CAIXA,PEDRO,SAQUE,2022-02-02T01:20:02,1253.10
1434,0005,ITAU,LUCIA,DEPOSITO,2022-02-08T13:51:56,1109.45
5506,0005,CAIXA,MARCOS,SAQUE,2022-02-05T13:58:59,869.87
5506,0002,CAIXA,CARLOS,SAQUE,2022-02-03T18:28:06,881.95
4582,0001,ITAU,MARIA,DEPOSITO,2022-02-06T17:26:31,1134.27
4657,0002,CAIXA,ANA,SAQUE,2022-02-10T02:55:13,39.76
7912,0009,SANTANDER,PEDRO,DEPOSITO,2022-02-07T13:14:11,25.55
5506,0002,ITAU,JOAO,DEPOSITO,2022-02-04T21:53:17,973.01
2679,0001,CAIXA,CARLOS,DEPOSITO,2022-02-09T11:05:45,865.21
4582,0005,SANTANDER,FELIPE,DEPOSITO,2022-02-05T01:33:20,73.65
5506,0003,SANTANDER,PEDRO,SAQUE,2022-02-01T22:23:23,317.81
9279,0002,ITAU,PEDRO,SAQUE,2022-02-02T18:49:54,1138.71
5506,0006,CAIXA,MARIA,SAQUE,2022-02-03T14:57:57,856.84
5506,0004,ITAU,LUCIA,DEPOSITO,2022-02-07T16:42:24,943.68
4657,0001,SANTANDER,MARIA,SAQUE,2022-02-04T01:50:15,681.04
7912,0001,SANTANDER,CARLOS,DEPOSITO,2022-02-07T23:33:55,881.33
2424,0009,ITAU,FELIPE,DEPOSITO,2022-02-04T01:46:33,575.95
9279,0007,ITAU,ANA,DEPOSITO,2022-02-03T07:01:17,712.59
2424,0004,ITAU,JULIA,SAQUE,2022-02-08T23:27:58,1495.19
4657,0004,SANTANDER,MARIA,DEPOSITO,2022-02-07T09:54:59,449.53
2424,0002,ITAU,JOAO,DEPOSITO,2022-02-09T09:01:13,1227.33
1488,0001,CAIXA,FELIPE,SAQUE,2022-02-05T00:16:15,1438.76
5506,0002,ITAU,JOAO,SAQUE,2022-02-01T14:34:35,1244.07
4582,0000,ITAU,PEDRO,DEPOSITO,2022-02-03T16:25:28,211.70
2679,0002,SANTANDER,MARCOS,SAQUE,2022-02-02T17:13:05,320.71
1434,0006,CAIXA,JOAO,SAQUE,2022-02-07T12:08:18,685.40
2424,0009,ITAU,MARIA,DEPOSITO,2022-02-08T01:40:32,1390.58
1434,0007,CAIXA,CARLOS,SAQUE,2022-02-09T12:34:41,609.18
2824,0009,CAIXA,ANA,DEPOSITO,2022-02-10T08:29:20,763.43
5506,0002,CAIXA,MARCOS,SAQUE,2022-02-10T05:49:44,1308.04
7912,0008,ITAU,PEDRO,SAQUE,2022-02-06T14:14:12,811.08
2424,0003,CAIXA,MARCOS,SAQUE,2022-02-01T08:17:26,1333.52
4582,0006,SANTANDER,FELIPE,DEPOSITO,2022-02-04T09:01:32,1138.76
2679,0008,SANTANDER,PEDRO,DEPOSITO,2022-02-03T13:57:51,765.81
2424,0000,SANTANDER,MARIA,DEPOSITO,2022-02-03T16:33:26,1101.12
1488,0007,CAIXA,MARCOS,DEPOSITO,2022-02-02T05:33:33,1245.81
1488,0003,CAIXA,LUCIA,DEPOSITO,2022-02-05T07:46:44,1413.70
2424,0005,SANTANDER,CARLOS,DEPOSITO,2022-02-02T15:17:40,287.57
4657,0005,ITAU,JOAO,DEPOSITO,2022-02-04T06:23:51,1455.13
9279,0008,ITAU,FELIPE,DEPOSITO,2022-02-05T09:48:57,1089.00
4582,0007,CAIXA,LUCIA,SAQUE,2022-02-01T21:24:04,1139.36
7912,0000,SANTANDER,MARCOS,SAQUE,2022-02-03T16:44:39,158.56
1434,0000,ITAU,PEDRO,DEPOSITO,2022-02-06T22:41:49,98.65
9279,0007,CAIXA,ANA,DEPOSITO,2022-02-07T16:32:30,1128.47
2824,0009,SANTANDER,JULIA,SAQUE,2022-02-05T19:37:28,235.02
9279,0000,ITAU,PEDRO,DEPOSITO,2022-02-02T00:51:03,274.41
1488,0005,SANTANDER,ANA,SAQUE,2022-02-09T12:12:23,30.84
4582,0007,ITAU,FELIPE,DEPOSITO,2022-02-08T15:13:24,805.02
2424,0006,ITAU,JOAO,SAQUE,2022-02-02T06:59:36,793.50
9279,0005,ITAU,MARCOS,DEPOSITO,2022-02-05T22:24:55,232.47
1488,0004,SANTANDER,ANA,DEPOSITO,2022-02-05T03:44:04,57.38
2424,0003,CAIXA,ANA,DEPOSITO,2022-02-03T11:21:23,861.15
1434,0001,ITAU,LUCIA,DEPOSITO,2022-02-06T20:40:48,515.06
5506,0009,ITAU,LUCIA,DEPOSITO,2022-02-02T17:52:15,747.45
4657,0006,ITAU,LUCIA,SAQUE,2022-02-06T16:30:35,332.12
1488,0003,SANTANDER,MARCOS,DEPOSITO,2022-02-02T09:53:19,248.77
4657,0004,SANTANDER,SANDRA,DEPOSITO,2022-02-06T19:45:11,1117.43
5506,0000,CAIXA,ANA,DEPOSITO,2022-02-04T04:02:38,188.73
1434,0005,CAIXA,CARLOS,DEPOSITO,2022-02-02T10:24:49,1498.20
2824,0000,ITAU,FELIPE,SAQUE,2022-02-06T14:33:39,1253.01
1488,0000,SANTANDER,CARLOS,DEPOSITO,2022-02-02T20:14:28,1475.04
2424,0007,ITAU,ANA,DEPOSITO,2022-02-02T05:08:12,547.21
2824,0002,ITAU,MARIA,DEPOSITO,2022-02-08T05:16:41,329.86
9279,0005,SANTANDER,LUCIA,SAQUE,2022-02-06T12:01:26,464.59
2424,0001,SANTANDER,SANDRA,DEPOSITO,2022-02-03T07:17:23,320.28
2424,0002,CAIXA,FELIPE,DEPOSITO,2022-02-06T19:05:11,1385.19
7912,0000,SANTANDER,MARCOS,SAQUE,2022-02-01T09:06:57,1083.10
7912,0002,ITAU,MARIA,SAQUE,2022-02-01T12:53:15,176.80
1434,0002,ITAU,SANDRA,DEPOSITO,2022-02-07T14:30:50,486.31
2824,0009,CAIXA,CARLOS,SAQUE,2022-02-09T14:53:33,1490.12
2679,0004,ITAU,CARLOS,SAQUE,2022-02-06T06:44:48,723.66
4582,0003,CAIXA,PEDRO,SAQUE,2022-02-01T19:13:03,575.26
2679,0006,SANTANDER,JOAO,SAQUE,2022-02-01T08:58:43,689.72
1434,0007,SANTANDER,JULIA,DEPOSITO,2022-02-02T09:59:56,1465.31
4582,0007,SANTANDER,JOAO,DEPOSITO,2022-02-04T17:42:06,137.77
7912,0006,SANTANDER,SANDRA,DEPOSITO,2022-02-09T22:49:40,595.63
2424,0000,SANTANDER,PEDRO,SAQUE,2022-02-07T06:36:08,815.10
2679,0004,SANTANDER,LUCIA,DEPOSITO,2022-02-08T01:18:30,184.73
4582,0005,ITAU,JOAO,SAQUE,2022-02-09T18:10:59,289.36
7912,0007,SANTANDER,ANA,DEPOSITO,2022-02-07T01:18:11,1117.79
1488,0007,ITAU,MARIA,DEPOSITO,2022-02-10T07:51:26,1319.19
1488,0000,CAIXA,LUCIA,DEPOSITO,2022-02-05T15:52:31,827.33
1434,0007,ITAU,CARLOS,SAQUE,2022-02-02T10:29:32,366.52
2424,0007,ITAU,JULIA,DEPOSITO,2022-02-02T12:47:16,190.76
7912,0006,ITAU,SANDRA,DEPOSITO,2022-02-10T05:24:44,582.88
1434,0003,CAIXA,MARCOS,DEPOSITO,2022-02-10T02:15:55,1401.39
5506,0000,CAIXA,MARCOS,DEPOSITO,2022-02-07T15:53:54,588.42
2424,0006,ITAU,FELIPE,SAQUE,2022-02-04T05:14:46,725.24
2679,0000,CAIXA,LUCIA,DEPOSITO,2022-02-08T05:47:41,1382.83
1488,0008,ITAU,PEDRO,DEPOSITO,2022-02-02T06:17:02,657.50
1434,0003,CAIXA,FELIPE,DEPOSITO,2022-02-09T02:57:37,484.33
1434,0000,ITAU,MARIA,SAQUE,2022-02-02T19:18:56,501.29
4582,0002,SANTANDER,LUCIA,DEPOSITO,2022-02-09T03:42:40,957.52
2424,0004,ITAU,PEDRO,SAQUE,2022-02-04T10:59:25,1146.33
1434,0009,SANTANDER,MARCOS,SAQUE,2022-02-08T01:30:13,568.84
9279,0005,CAIXA,JOAO,SAQUE,2022-02-06T07:54:24,1296.21
2824,0007,ITAU,LUCIA,DEPOSITO,2022-02-02T18:16:29,97.25
7912,0006,CAIXA,JULIA,DEPOSITO,2022-02-02T22:25:41,1036.19
2424,0005,ITAU,MARCOS,SAQUE,2022-02-02T21:34:43,1452.54
9279,0000,CAIXA,JULIA,SAQUE,2022-02-01T22:29:29,756.19
5506,0006,SANTANDER,MARIA,DEPOSITO,2022-02-10T16:06:07,706.68
5506,0008,ITAU,JOAO,DEPOSITO,2022-02-03T18:50:06,1427.04
4657,0003,ITAU,LUCIA,SAQUE,2022-02-08T14:36:40,139.91
2424,0002,CAIXA,JULIA,SAQUE,2022-02-02T11:56:19,169.70
2824,0004,ITAU,ANA,SAQUE,2022-02-01T07:18:28,525.47
1488,0007,SANTANDER,LUCIA,DEPOSITO,2022-02-03T04:27:11,702.33
7912,0003,ITAU,CARLOS,SAQUE,2022-02-02T02:55:34,45.06
4657,0005,ITAU,JULIA,DEPOSITO,2022-02-01T10:43:23,692.84
7912,0007,CAIXA,ANA,SAQUE,2022-02-02T04:11:02,112.28
2424,0004,SANTANDER,JOAO,SAQUE,2022-02-10T00:18:12,27.18
4582,0000,CAIXA,PEDRO,SAQUE,2022-02-09T21:23:03,474.96
1488,0000,SANTANDER,ANA,DEPOSITO,2022-02-06T04:07:33,1467.92
1488,0007,SANTANDER,LUCIA,DEPOSITO,2022-02-05T03:03:27,936.84
9279,0005,SANTANDER,MARCOS,DEPOSITO,2022-02-04T20:08:03,1446.42
4657,0008,SANTANDER,PEDRO,SAQUE,2022-02-06T04:58:07,841.92
4657,0005,SANTANDER,JULIA,DEPOSITO,2022-02-04T22:40:30,253.14
2679,0004,SANTANDER,ANA,SAQUE,2022-02-01T03:11:57,685.06
2424,0005,ITAU,CARLOS,SAQUE,2022-02-10T14:12:35,1398.50
9279,0004,CAIXA,JOAO,DEPOSITO,2022-02-08T15:05:26,1435.03
9279,0008,ITAU,MARCOS,SAQUE,2022-02-04T15:34:06,1187.26
4582,0007,SANTANDER,ANA,DEPOSITO,2022-02-05T11:25:10,962.28
2824,0005,ITAU,FELIPE,SAQUE,2022-02-06T22:53:12,755.89
2824,0007,SANTANDER,PEDRO,SAQUE,2022-02-03T15:06:30,1297.50
7912,0002,SANTANDER,CARLOS,SAQUE,2022-02-02T10:16:08,826.05
5506,0005,SANTANDER,CARLOS,SAQUE,2022-02-10T04:54:00,910.86
2824,0000,CAIXA,JOAO,DEPOSITO,2022-02-05T22:30:23,35.62
1434,0008,ITAU,FELIPE,DEPOSITO,2022-02-09T16:58:18,160.60
1488,0007,CAIXA,JULIA,DEPOSITO,2022-02-06T17:07:39,801.48
1434,0000,CAIXA,CARLOS,DEPOSITO,2022-02-05T04:21:30,467.02
2679,0000,CAIXA,JULIA,DEPOSITO,2022-02-07T11:57:14,1088.78
2824,0007,SANTANDER,CARLOS,DEPOSITO,2022-02-06T00:06:12,1489.68
4657,0005,SANTANDER,FELIPE,DEPOSITO,2022-02-03T07:01:53,1489.52
4657,0005,ITAU,JOAO,DEPOSITO,2022-02-04T11:20:56,988.20
2824,0009,CAIXA,LUCIA,DEPOSITO,2022-02-01T16:56:13,1065.27
9279,0005,ITAU,JULIA,SAQUE,2022-02-03T23:55:01,16.25
1488,0005,ITAU,JULIA,SAQUE,2022-02-01T19:07:13,88.78
1434,0009,CAIXA,PEDRO,DEPOSITO,2022-02-07T18:30:52,896.07
4582,0007,ITAU,LUCIA,DEPOSITO,2022-02-04T10:29:30,143.30
4657,0008,CAIXA,JOAO,SAQUE,2022-02-04T00:12:14,1221.80
2424,0007,CAIXA,FELIPE,SAQUE,2022-02-07T19:41:04,1145.27
5506,0009,ITAU,FELIPE,SAQUE,2022-02-02T23:24:45,1327.32
2824,0008,CAIXA,JULIA,SAQUE,2022-02-08T22:50:32,156.80
4657,0002,ITAU,MARIA,SAQUE,2022-02-08T17:12:45,1382.68
7912,0002,ITAU,MARCOS,SAQUE,2022-02-07T12:29:59,342.95
9279,0003,CAIXA,MARCOS,DEPOSITO,2022-02-09T06:59:32,841.59
1434,0007,CAIXA,LUCIA,SAQUE,2022-02-06T18:24:14,215.03
4657,0004,ITAU,PEDRO,SAQUE,2022-02-06T03:07:05,176.81
7912,0005,ITAU,JULIA,DEPOSITO,2022-02-06T18:59:11,1171.00
4657,0003,ITAU,SANDRA,SAQUE,2022-02-07T00:56:12,384.46
9279,0004,CAIXA,MARCOS,SAQUE,2022-02-01T13:50:16,1257.88
2679,0007,CAIXA,FELIPE,DEPOSITO,2022-02-04T13:37:47,281.27
2679,0007,ITAU,JULIA,SAQUE,2022-02-06T17:41:15,1178.72
1488,0005,ITAU,ANA,SAQUE,2022-02-04T15:29:00,1007.00
2424,0009,ITAU,CARLOS,DEPOSITO,2022-02-02T13:29:45,251.78
2824,0004,CAIXA,CARLOS,SAQUE,2022-02-06T14:52:58,831.71
5506,0002,SANTANDER,MARCOS,DEPOSITO,2022-02-06T10:58:38,589.51
7912,0002,SANTANDER,SANDRA,DEPOSITO,2022-02-05T12:18:51,376.40
7912,0004,ITAU,LUCIA,DEPOSITO,2022-02-04T16:56:56,1259.71
1488,0001,ITAU,LUCIA,SAQUE,2022-02-03T17:28:15,1392.34
2824,0006,CAIXA,JULIA,SAQUE,2022-02-02T23:41:24,1340.25
2679,0000,CAIXA,FELIPE,DEPOSITO,2022-02-04T14:08:35,871.05
4657,0004,CAIXA,FELIPE,DEPOSITO,2022-02-04T17:53:29,45.14
4582,0005,ITAU,FELIPE,DEPOSITO,2022-02-03T20:41:19,481.43
5506,0003,SANTANDER,MARIA,DEPOSITO,2022-02-09T19:43:15,571.81
1488,0009,SANTANDER,JOAO,SAQUE,2022-02-04T01:28:32,1072.24
4582,0001,ITAU,PEDRO,SAQUE,2022-02-02T05:19:12,829.43
2824,0005,SANTANDER,FELIPE,SAQUE,2022-02-06T04:36:22,1369.01
5506,0008,ITAU,JULIA,SAQUE,2022-02-02T13:42:39,1284.73
4657,0005,CAIXA,JULIA,SAQUE,2022-02-10T08:53:35,488.22
4657,0005,ITAU,FELIPE,SAQUE,2022-02-05T02:04:22,1362.33
2679,0002,SANTANDER,SANDRA,SAQUE,2022-02-07T03:04:29,1149.96
4582,0009,SANTANDER,MARIA,SAQUE,2022-02-08T20:21:35,240.60
7912,0000,SANTANDER,ANA,DEPOSITO,2022-02-01T07:35:16,1104.18
9279,0008,ITAU,CARLOS,SAQUE,2022-02-06T05:15:31,1159.84
4582,0008,ITAU,LUCIA,SAQUE,2022-02-02T07:43:48,106.34
2824,0008,CAIXA,LUCIA,SAQUE,2022-02-05T18:01:20,192.53
1488,0002,SANTANDER,PEDRO,SAQUE,2022-02-01T19:55:14,1000.22
4582,0005,SANTANDER,MARIA,SAQUE,2022-02-07T12:29:25,1468.26
5506,0008,CAIXA,JOAO,DEPOSITO,2022-02-07T04:40:40,1262.40
7912,0001,SANTANDER,ANA,SAQUE,2022-02-07T21:58:12,84.22
7912,0003,CAIXA,CARLOS,SAQUE,2022-02-06T13:25:09,1472.09
2824,0005,ITAU,JOAO,DEPOSITO,2022-02-06T06:56:10,678.56
9279,0002,CAIXA,MARCOS,SAQUE,2022-02-02T19:59:02,1027.96
2424,0008,SANTANDER,PEDRO,SAQUE,2022-02-07T17:51:13,320.29
2679,0004,CAIXA,ANA,SAQUE,2022-02-03T17:33:32,909.58
4582,0000,CAIXA,JULIA,SAQUE,2022-02-06T00:28:40,915.00
7912,0007,CAIXA,JULIA,SAQUE,2022-02-03T22:10:50,891.07
4582,0001,ITAU,MARIA,SAQUE,2022-02-04T05:44:23,1168.36
2424,0002,SANTANDER,JULIA,DEPOSITO,2022-02-08T02:21:53,716.66
4582,0001,ITAU,SANDRA,SAQUE,2022-02-04T05:03:34,649.31
9279,0003,CAIXA,MARIA,SAQUE,2022-02-10T00:41:13,680.85
2824,0005,SANTANDER,MARCOS,SAQUE,2022-02-05T06:22:04,1068.91
2679,0000,ITAU,FELIPE,DEPOSITO,2022-02-10T13:39:06,369.45
7912,0008,CAIXA,ANA,SAQUE,2022-02-05T23:18:50,322.99
7912,0005,SANTANDER,PEDRO,DEPOSITO,2022-02-03T05:22:36,98.86
5506,0008,SANTANDER,FELIPE,DEPOSITO,2022-02-06T17:28:26,1144.75
2424,0005,ITAU,SANDRA,DEPOSITO,2022-02-02T09:08:46,1453.38
5506,0002,SANTANDER,JOAO,DEPOSITO,2022-02-07T16:18:41,929.01
4582,0001,ITAU,JOAO,SAQUE,2022-02-03T21:52:12,869.92
1488,0009,ITAU,FELIPE,SAQUE,2022-02-01T04:23:05,1433.48
2424,0009,CAIXA,ANA,DEPOSITO,2022-02-10T03:38:17,1348.75
7912,0004,SANTANDER,LUCIA,DEPOSITO,2022-02-04T07:36:49,1495.36
4582,0002,SANTANDER,MARCOS,DEPOSITO,2022-02-07T17:14:07,100.22
2424,0006,SANTANDER,MARCOS,DEPOSITO,2022-02-02T01:30:29,1383.17
2824,0009,ITAU,LUCIA,SAQUE,2022-02-01T11:40:36,1031.02
7912,0000,SANTANDER,PEDRO,DEPOSITO,2022-02-06T15:44:26,625.77
7912,0009,SANTANDER,CARLOS,DEPOSITO,2022-02-06T10:25:10,1280.69
4582,0003,ITAU,MARCOS,SAQUE,2022-02-07T19:48:36,1468.54
5506,0000,ITAU,SANDRA,DEPOSITO,2022-02-10T06:21:46,1114.74
2679,0001,ITAU,ANA,SAQUE,2022-02-08T12:34:13,927.52
7912,0008,CAIXA,SANDRA,DEPOSITO,2022-02-03T19:35:29,1109.86
7912,0009,ITAU,ANA,SAQUE,2022-02-02T03:26:13,278.47
2824,0009,SANTANDER,CARLOS,DEPOSITO,2022-02-01T16:00:17,528.61
2424,0008,SANTANDER,LUCIA,DEPOSITO,2022-02-09T19:22:49,1247.36
2679,0000,SANTANDER,MARIA,DEPOSITO,2022-02-03T02:30:17,685.89
1434,0001,ITAU,PEDRO,SAQUE,2022-02-10T04:13:58,404.51
2424,0000,ITAU,MARCOS,DEPOSITO,2022-02-07T17:10:00,763.44
2424,0007,ITAU,CARLOS,SAQUE,2022-02-10T05:34:41,1490.64
1434,0005,CAIXA,LUCIA,DEPOSITO,2022-02-02T08:10:39,1001.01
5506,0000,ITAU,LUCIA,DEPOSITO,2022-02-02T00:44:31,287.39
1434,0007,CAIXA,SANDRA,DEPOSITO,2022-02-07T16:01:32,426.44
1488,0006,ITAU,PEDRO,DEPOSITO,2022-02-05T07:36:04,1349.14
5506,0002,ITAU,ANA,DEPOSITO,2022-02-04T01:21:44,1436.53
5506,0007,ITAU,ANA,SAQUE,2022-02-05T02:37:02,1359.74
5506,0007,ITAU,SANDRA,DEPOSITO,2022-02-04T12:43:19,1484.07
1434,0006,ITAU,CARLOS,SAQUE,2022-02-03T14:43:22,1045.76
2424,0005,CAIXA,PEDRO,DEPOSITO,2022-02-04T01:49:53,448.87
4582,0001,CAIXA,CARLOS,DEPOSITO,2022-02-07T14:37:28,20.79
2824,0000,ITAU,JULIA,DEPOSITO,2022-02-10T15:48:30,192.45
1434,0004,SANTANDER,ANA,DEPOSITO,2022-02-05T03:11:12,672.05
7912,0006,SANTANDER,SANDRA,DEPOSITO,2022-02-02T12:26:11,1427.55
2824,0009,SANTANDER,CARLOS,DEPOSITO,2022-02-06T16:01:00,122.13
2424,0005,CAIXA,JOAO,DEPOSITO,2022-02-01T06:25:50,107.69
5506,0009,ITAU,JOAO,DEPOSITO,2022-02-06T12:37:25,853.87
4657,0006,ITAU,SANDRA,DEPOSITO,2022-02-06T12:05:59,279.41
7912,0004,SANTANDER,MARCOS,SAQUE,2022-02-05T22:49:50,355.86
2424,0000,SANTANDER,MARCOS,SAQUE,2022-02-07T06:15:46,235.21
2424,0002,SANTANDER,FELIPE,DEPOSITO,2022-02-08T14:55:07,1054.82
7912,0003,SANTANDER,PEDRO,DEPOSITO,2022-02-08T06:50:41,16.72
7912,0002,ITAU,MARIA,DEPOSITO,2022-02-03T09:44:32,413.02
4582,0001,ITAU,MARIA,DEPOSITO,2022-02-05T09:23:12,1291.49
4657,0009,CAIXA,JOAO,DEPOSITO,2022-02-02T18:44:53,1082.50
2679,0008,SANTANDER,FELIPE,SAQUE,2022-02-01T16:28:27,364.27
9279,0009,ITAU,SANDRA,SAQUE,2022-02-04T06:05:43,960.19
4657,0003,CAIXA,MARIA,SAQUE,2022-02-02T22:45:13,1291.35
5506,0003,ITAU,PEDRO,SAQUE,2022-02-09T06:49:14,946.14
2824,0003,SANTANDER,SANDRA,DEPOSITO,2022-02-01T04:15:24,1106.57
2424,0009,ITAU,MARCOS,DEPOSITO,2022-02-08T18:46:26,652.82
1434,0003,SANTANDER,PEDRO,DEPOSITO,2022-02-08T05:37:38,1138.75
4582,0005,SANTANDER,MARIA,DEPOSITO,2022-02-08T13:57:27,543.37
4582,0003,SANTANDER,MARCOS,SAQUE,2022-02-04T10:10:32,1440.45
1488,0003,ITAU,JULIA,SAQUE,2022-02-07T12:35:09,1105.51
7912,0004,ITAU,MARIA,SAQUE,2022-02-06T21:16:16,1068.80
1434,0005,SANTANDER,LUCIA,SAQUE,2022-02-02T14:35:57,602.87
5506,0001,ITAU,JOAO,DEPOSITO,2022-02-08T19:49:22,1294.77
7912,0005,SANTANDER,SANDRA,SAQUE,2022-02-03T00:24:48,261.47
2424,0005,SANTANDER,LUCIA,DEPOSITO,2022-02-05T08:48:59,804.59
1434,0000,ITAU,MARCOS,DEPOSITO,2022-02-03T09:03:29,833.18
7912,0006,SANTANDER,LUCIA,DEPOSITO,2022-02-03T03:28:22,1278.11
1434,0007,ITAU,FELIPE,SAQUE,2022-02-03T05:04:04,858.90
9279,0007,ITAU,SANDRA,SAQUE,2022-02-09T12:07:37,597.68
4582,0009,SANTANDER,CARLOS,SAQUE,2022-02-05T05:54:37,10.37
2824,0007,ITAU,CARLOS,DEPOSITO,2022-02-06T21:05:35,285.82
4657,0009,ITAU,PEDRO,DEPOSITO,2022-02-10T07:32:08,84.35
1434,0005,ITAU,PEDRO,SAQUE,2022-02-07T15:00:53,1146.89
4657,0009,ITAU,ANA,SAQUE,2022-02-02T05:22:15,1256.17
4582,0003,ITAU,CARLOS,DEPOSITO,2022-02-06T04:23:27,1045.29
2424,0000,SANTANDER,MARCOS,SAQUE,2022-02-04T23:24:33,992.02
9279,0004,ITAU,FELIPE,SAQUE,2022-02-01T18:04:59,1248.12
5506,0007,ITAU,CARLOS,SAQUE,2022-02-07T11:13:19,335.40
1488,0000,SANTANDER,SANDRA,SAQUE,2022-02-03T04:37:10,350.12
7912,0006,CAIXA,FELIPE,SAQUE,2022-02-09T02:03:08,1240.98
2424,0002,ITAU,FELIPE,DEPOSITO,2022-02-03T11:49:56,1474.73
2424,0000,ITAU,SANDRA,SAQUE,2022-02-02T05:13:38,431.84
2824,0002,CAIXA,PEDRO,DEPOSITO,2022-02-04T10:29:29,589.74
2424,0003,SANTANDER,PEDRO,SAQUE,2022-02-06T18:57:12,276.23
4582,0004,CAIXA,MARCOS,SAQUE,2022-02-10T05:08:43,1342.50
1434,0007,SANTANDER,PEDRO,SAQUE,2022-02-03T06:32:27,910.56
4657,0003,CAIXA,CARLOS,DEPOSITO,2022-02-05T05:10:45,715.34
1434,0009,CAIXA,MARCOS,DEPOSITO,2022-02-07T02:06:10,1497.03
4582,0005,SANTANDER,PEDRO,DEPOSITO,2022-02-03T07:19:29,456.67
2824,0002,SANTANDER,JULIA,DEPOSITO,2022-02-04T07:44:59,673.49
5506,0006,CAIXA,ANA,DEPOSITO,2022-02-06T06:52:30,410.32
4582,0005,SANTANDER,CARLOS,SAQUE,2022-02-10T07:42:34,678.47
7912,0004,CAIXA,JOAO,SAQUE,2022-02-05T16:20:26,1120.58
7912,0006,CAIXA,SANDRA,DEPOSITO,2022-02-06T18:17:45,428.50
4582,0009,SANTANDER,CARLOS,SAQUE,2022-02-01T05:36:55,104.20
9279,0000,ITAU,PEDRO,SAQUE,2022-02-04T21:14:54,942.47
5506,0009,CAIXA,FELIPE,SAQUE,2022-02-03T22:23:04,1091.91
9279,0003,ITAU,LUCIA,DEPOSITO,2022-02-03T18:16:59,876.51
2424,0002,SANTANDER,JOAO,SAQUE,2022-02-07T00:26:49,84.37
2824,0000,ITAU,PEDRO,SAQUE,2022-02-07T10:17:53,762.73
4657,0003,SANTANDER,MARCOS,DEPOSITO,2022-02-05T15:22:21,600.31
9279,0005,CAIXA,MARIA,SAQUE,2022-02-06T02:42:28,392.05
4657,0001,CAIXA,CARLOS,DEPOSITO,2022-02-10T13:54:42,612.16
1434,0009,ITAU,JOAO,DEPOSITO,2022-02-07T08:50:08,784.01
7912,0009,ITAU,LUCIA,DEPOSITO,2022-02-09T12:45:16,684.69
9279,0003,SANTANDER,LUCIA,SAQUE,2022-02-09T13:15:26,508.44
2424,0004,ITAU,LUCIA,SAQUE,2022-02-05T11:55:30,1464.68
9279,0000,SANTANDER,MARIA,DEPOSITO,2022-02-04T02:19:24,349.56
9279,0008,CAIXA,SANDRA,DEPOSITO,2022-02-05T21:32:31,324.80
4657,0003,ITAU,PEDRO,DEPOSITO,2022-02-06T19:17:02,1227.96
1434,0000,ITAU,ANA,DEPOSITO,2022-02-06T20:33:26,636.74
2679,0003,SANTANDER,SANDRA,DEPOSITO,2022-02-06T13:47:04,1158.94
1434,0007,SANTANDER,MARIA,DEPOSITO,2022-02-05T02:03:55,758.55
2824,0005,CAIXA,MARCOS,DEPOSITO,2022-02-03T13:36:56,863.24
5506,0001,ITAU,JULIA,SAQUE,2022-02-01T09:06:19,1481.24
9279,0007,SANTANDER,JOAO,DEPOSITO,2022-02-02T12:26:57,217.11
4657,0003,SANTANDER,JULIA,SAQUE,2022-02-10T08:52:15,1149.84
7912,0007,ITAU,MARCOS,DEPOSITO,2022-02-03T14:04:36,616.63
4582,0008,ITAU,CARLOS,DEPOSITO,2022-02-09T07:02:31,871.04
1434,0002,CAIXA,SANDRA,DEPOSITO,2022-02-07T06:20:33,1152.44
7912,0004,CAIXA,SANDRA,DEPOSITO,2022-02-07T21:44:44,740.90
9279,0002,SANTANDER,MARIA,DEPOSITO,2022-02-03T22:04:17,1161.20
1434,0000,ITAU,LUCIA,SAQUE,2022-02-04T19:47:40,1235.31
1434,0003,CAIXA,CARLOS,SAQUE,2022-02-03T14:10:05,245.03
5506,0000,CAIXA,PEDRO,DEPOSITO,2022-02-03T23:14:37,1015.11
1434,0009,SANTANDER,SANDRA,DEPOSITO,2022-02-05T10:36:01,178.30
7912,0002,CAIXA,MARCOS,DEPOSITO,2022-02-08T08:30:42,1490.89
2824,0009,CAIXA,MARIA,SAQUE,2022-02-05T13:14:33,292.88
2824,0006,ITAU,ANA,SAQUE,2022-02-07T07:24:31,355.68
4657,0004,SANTANDER,ANA,DEPOSITO,2022-02-07T15:01:28,704.20
2824,0006,CAIXA,JULIA,DEPOSITO,2022-02-05T15:52:33,585.68
1434,0007,ITAU,FELIPE,SAQUE,2022-02-07T11:47:57,1325.71
7912,0003,ITAU,CARLOS,SAQUE,2022-02-08T03:17:57,1324.90
4582,0002,SANTANDER,MARIA,DEPOSITO,2022-02-06T12:48:27,307.57
4582,0008,ITAU,LUCIA,DEPOSITO,2022-02-04T16:59:36,624.28
4582,0003,CAIXA,PEDRO,DEPOSITO,2022-02-07T15:12:44,774.63
2679,0005,CAIXA,FELIPE,SAQUE,2022-02-02T21:50:59,247.41
2824,0000,CAIXA,CARLOS,DEPOSITO,2022-02-10T10:29:16,980.41
9279,0005,CAIXA,MARIA,DEPOSITO,2022-02-01T07:41:55,994.16
9279,0000,ITAU,JULIA,SAQUE,2022-02-03T07:38:41,1427.60
1434,0002,CAIXA,FELIPE,SAQUE,2022-02-06T05:17:49,814.36
9279,0004,SANTANDER,SANDRA,SAQUE,2022-02-03T04:02:40,1289.28
7912,0007,ITAU,ANA,DEPOSITO,2022-02-07T12:34:47,840.63
7912,0004,ITAU,SANDRA,DEPOSITO,2022-02-08T19:13:37,689.87
1434,0004,CAIXA,JOAO,SAQUE,2022-02-05T01:04:02,411.29
9279,0007,ITAU,ANA,SAQUE,2022-02-07T10:06:53,507.67
7912,0000,ITAU,ANA,DEPOSITO,2022-02-04T16:05:16,1106.32
1434,0002,ITAU,MARIA,DEPOSITO,2022-02-01T07:30:09,617.65
7912,0003,SANTANDER,PEDRO,SAQUE,2022-02-01T04:42:09,552.71
4582,0006,CAIXA,SANDRA,SAQUE,2022-02-09T15:12:43,613.55
2824,0006,SANTANDER,CARLOS,SAQUE,2022-02-10T05:46:31,11.15
2824,0007,SANTANDER,MARIA,DEPOSITO,2022-02-09T10:59:08,1268.25
2824,0003,ITAU,MARIA,DEPOSITO,2022-02-06T05:51:34,1050.62
2824,0007,ITAU,JULIA,SAQUE,2022-02-10T12:57:39,1186.76
2679,0005,ITAU,CARLOS,SAQUE,2022-02-07T06:38:55,1262.20
2679,0001,SANTANDER,MARIA,SAQUE,2022-02-04T02:33:13,1497.14
7912,0006,SANTANDER,CARLOS,SAQUE,2022-02-03T11:38:43,236.88
1434,0009,CAIXA,LUCIA,SAQUE,2022-02-06T17:07:32,610.82
5506,0009,SANTANDER,CARLOS,SAQUE,2022-02-02T15:46:10,882.11
7912,0005,CAIXA,SANDRA,SAQUE,2022-02-09T04:14:56,1452.01
2424,0005,ITAU,LUCIA,SAQUE,2022-02-07T10:50:49,287.13
2424,0002,SANTANDER,CARLOS,DEPOSITO,2022-02-06T03:32:26,26.51
2424,0009,CAIXA,SANDRA,SAQUE,2022-02-05T06:30:39,273.61
1434,0003,ITAU,SANDRA,DEPOSITO,2022-02-10T00:49:48,886.10
9279,0004,CAIXA,PEDRO,SAQUE,2022-02-10T00:07:17,1129.73
1434,0005,SANTANDER,JULIA,SAQUE,2022-02-06T13:26:24,1068.07
2824,0003,ITAU,CARLOS,DEPOSITO,2022-02-04T02:03:20,458.65
4657,0001,ITAU,LUCIA,SAQUE,2022-02-04T02:02:38,1343.87
4657,0005,ITAU,SANDRA,DEPOSITO,2022-02-08T08:42:31,1464.31
2824,0000,ITAU,CARLOS,DEPOSITO,2022-02-01T21:27:48,53.70
4657,0000,CAIXA,MARCOS,SAQUE,2022-02-08T13:47:28,228.72
1434,0002,ITAU,PEDRO,DEPOSITO,2022-02-09T23:02:22,1307.37
1434,0008,SANTANDER,JOAO,DEPOSITO,2022-02-07T08:33:39,34.86
1434,0003,SANTANDER,ANA,SAQUE,2022-02-08T06:21:46,207.27
7912,0000,ITAU,MARIA,SAQUE,2022-02-10T02:17:59,452.71
1488,0001,ITAU,MARIA,DEPOSITO,2022-02-03T07:17:43,92.86
1434,0002,CAIXA,LUCIA,SAQUE,2022-02-06T06:47:22,1490.06
2679,0007,CAIXA,JOAO,SAQUE,2022-02-07T23:38:54,196.40
4657,0008,CAIXA,MARIA,SAQUE,2022-02-01T03:21:03,805.58
9279,0009,SANTANDER,MARIA,DEPOSITO,2022-02-01T02:54:13,945.64
1434,0001,SANTANDER,CARLOS,DEPOSITO,2022-02-06T07:31:10,1405.31
2824,0006,SANTANDER,ANA,SAQUE,2022-02-01T04:03:14,1275.87
5506,0006,ITAU,MARCOS,SAQUE,2022-02-03T01:40:42,189.57
2424,0002,ITAU,PEDRO,SAQUE,2022-02-04T22:03:46,994.11
7912,0002,SANTANDER,LUCIA,SAQUE,2022-02-03T11:18:52,740.39
1434,0005,ITAU,MARIA,DEPOSITO,2022-02-02T03:11:26,346.38
1434,0009,CAIXA,ANA,SAQUE,2022-02-10T02:51:41,1251.66
1488,0008,ITAU,FELIPE,DEPOSITO,2022-02-03T10:25:09,778.30
2824,0000,SANTANDER,PEDRO,SAQUE,2022-02-04T15:42:20,1100.33
2424,0007,SANTANDER,JOAO,DEPOSITO,2022-02-07T01:48:08,1171.80
1488,0001,ITAU,JULIA,SAQUE,2022-02-10T11:40:27,1300.34
1434,0002,SANTANDER,LUCIA,SAQUE,2022-02-02T00:17:38,626.17
1488,0005,CAIXA,LUCIA,SAQUE,2022-02-09T12:33:00,143.84
2424,0006,SANTANDER,SANDRA,SAQUE,2022-02-05T08:31:38,126.90
2679,0007,SANTANDER,LUCIA,DEPOSITO,2022-02-05T09:12:34,841.93
5506,0008,SANTANDER,MARIA,DEPOSITO,2022-02-02T05:53:32,1096.09
1434,0002,SANTANDER,JOAO,SAQUE,2022-02-04T02:35:05,1006.92
4582,0000,ITAU,LUCIA,SAQUE,2022-02-01T02:52:43,1233.67
2824,0001,SANTANDER,SANDRA,DEPOSITO,2022-02-01T05:45:53,1339.47
1488,0009,CAIXA,FELIPE,SAQUE,2022-02-10T07:47:32,1477.22
4582,0006,CAIXA,JULIA,DEPOSITO,2022-02-07T15:16:20,275.53
4582,0006,CAIXA,CARLOS,SAQUE,2022-02-10T09:33:06,1155.73
4582,0008,CAIXA,MARIA,SAQUE,2022-02-04T11:16:19,1029.89
7912,0009,CAIXA,JULIA,DEPOSITO,2022-02-04T23:47:42,235.81
2824,0004,CAIXA,MARIA,DEPOSITO,2022-02-05T17:23:59,1456.53
1488,0001,CAIXA,SANDRA,DEPOSITO,2022-02-09T20:30:04,1301.76
1434,0008,SANTANDER,CARLOS,DEPOSITO,2022-02-03T09:23:56,308.13
4582,0004,SANTANDER,JOAO,DEPOSITO,2022-02-07T05:50:07,759.67
1434,0005,ITAU,LUCIA,SAQUE,2022-02-01T14:29:27,1488.68
2824,0006,ITAU,FELIPE,DEPOSITO,2022-02-09T20:39:00,815.87
2424,0004,ITAU,FELIPE,DEPOSITO,2022-02-02T20:24:15,1024.32
5506,0003,ITAU,FELIPE,SAQUE,2022-02-07T19:19:33,810.30
7912,0002,ITAU,MARIA,DEPOSITO,2022-02-04T00:16:54,1202.51
7912,0005,ITAU,SANDRA,SAQUE,2022-02-06T14:34:15,58.20
4582,0008,SANTANDER,MARIA,DEPOSITO,2022-02-06T19:06:13,904.92
9279,0007,CAIXA,JOAO,SAQUE,2022-02-04T16:23:17,1069.64
4657,0000,SANTANDER,ANA,DEPOSITO,2022-02-10T04:45:21,129.09
2824,0004,SANTANDER,FELIPE,SAQUE,2022-02-08T02:02:06,1096.50
7912,0006,SANTANDER,CARLOS,SAQUE,2022-02-06T00:46:17,207.08
1488,0007,ITAU,SANDRA,SAQUE,2022-02-05T11:54:49,1385.05
4582,0005,SANTANDER,CARLOS,DEPOSITO,2022-02-04T17:49:38,1112.40
2679,0004,ITAU,MARCOS,SAQUE,2022-02-05T19:11:01,18.85
2424,0004,ITAU,MARIA,DEPOSITO,2022-02-01T14:11:27,596.12
2679,0002,CAIXA,CARLOS,DEPOSITO,2022-02-02T15:44:44,562.74
2679,0009,ITAU,CARLOS,SAQUE,2022-02-08T15:48:08,1257.76
4657,0005,ITAU,LUCIA,DEPOSITO,2022-02-08T06:37:59,884.10
4582,0009,SANTANDER,PEDRO,DEPOSITO,2022-02-02T17:29:25,223.31
9279,0001,CAIXA,MARIA,DEPOSITO,2022-02-10T09:36:49,1035.95
1434,0005,SANTANDER,MARCOS,SAQUE,2022-02-02T10:44:59,354.59
2424,0007,ITAU,LUCIA,DEPOSITO,2022-02-07T13:28:18,938.69
2824,0001,SANTANDER,MARCOS,SAQUE,2022-02-07T01:41:24,1376.67
2679,0009,SANTANDER,JOAO,DEPOSITO,2022-02-04T13:20:54,75.33
4657,0003,ITAU,JOAO,SAQUE,2022-02-02T04:28:22,345.44
2424,0001,CAIXA,JULIA,DEPOSITO,2022-02-08T07:28:17,1080.37
5506,0004,SANTANDER,MARIA,DEPOSITO,2022-02-04T12:31:16,432.26
5506,0005,ITAU,ANA,DEPOSITO,2022-02-09T09:51:23,899.71
2424,0004,ITAU,MARCOS,SAQUE,2022-02-09T13:48:45,87.98
7912,0000,CAIXA,PEDRO,SAQUE,2022-02-06T04:25:40,162.80
9279,0005,SANTANDER,CARLOS,DEPOSITO,2022-02-04T16:24:27,676.99
4657,0001,CAIXA,CARLOS,DEPOSITO,2022-02-05T09:00:22,205.31
4582,0002,SANTANDER,MARIA,DEPOSITO,2022-02-03T12:04:16,115.80
5506,0004,ITAU,PEDRO,DEPOSITO,2022-02-02T05:26:30,640.51
7912,0005,SANTANDER,MARIA,SAQUE,2022-02-05T14:51:38,862.40
5506,0000,SANTANDER,JOAO,DEPOSITO,2022-02-08T06:09:25,321.69
2824,0001,ITAU,SANDRA,SAQUE,2022-02-05T15:25:50,94.36
1434,0007,SANTANDER,FELIPE,SAQUE,2022-02-06T18:16:29,1044.65
4657,0003,CAIXA,MARCOS,DEPOSITO,2022-02-10T00:16:39,863.28
2824,0004,CAIXA,SANDRA,SAQUE,2022-02-10T02:40:55,657.74
2679,0006,ITAU,PEDRO,SAQUE,2022-02-02T13:56:12,501.85
2679,0008,SANTANDER,MARIA,SAQUE,2022-02-09T05:24:25,403.13
4582,0005,ITAU,JULIA,DEPOSITO,2022-02-06T18:36:55,567.64
2679,0000,ITAU,MARCOS,SAQUE,2022-02-02T03:55:50,1203.92
4582,0009,SANTANDER,LUCIA,DEPOSITO,2022-02-03T01:50:46,849.86
7912,0009,CAIXA,CARLOS,SAQUE,2022-02-03T09:20:06,370.42
1488,0009,SANTANDER,MARCOS,DEPOSITO,2022-02-02T16:54:34,1181.34
7912,0001,ITAU,JOAO,SAQUE,2022-02-07T21:24:06,69.48
2424,0009,CAIXA,ANA,SAQUE,2022-02-06T16:08:03,1402.81
1488,0009,CAIXA,ANA,SAQUE,2022-02-06T19:58:53,256.35
7912,0007,ITAU,ANA,DEPOSITO,2022-02-05T04:35:13,1084.19
2824,0007,ITAU,PEDRO,DEPOSITO,2022-02-02T05:27:03,42.32
7912,0003,SANTANDER,CARLOS,DEPOSITO,2022-02-10T18:38:18,349.65
9279,0002,CAIXA,JOAO,DEPOSITO,2022-02-04T16:34:45,326.50
9279,0001,SANTANDER,SANDRA,DEPOSITO,2022-02-01T04:44:34,1335.29
5506,0005,SANTANDER,FELIPE,SAQUE,2022-02-09T11:05:03,1265.68
1434,0009,ITAU,LUCIA,SAQUE,2022-02-07T23:39:04,492.18
2424,0000,ITAU,PEDRO,DEPOSITO,2022-02-01T03:11:43,195.23
2424,0005,ITAU,PEDRO,DEPOSITO,2022-02-10T06:59:06,284.61
1488,0002,SANTANDER,MARCOS,SAQUE,2022-02-03T17:41:30,706.48
2824,0008,ITAU,JULIA,DEPOSITO,2022-02-05T23:07:47,1432.86
4582,0006,SANTANDER,MARCOS,DEPOSITO,2022-02-05T11:23:26,318.93
1434,0003,SANTANDER,LUCIA,SAQUE,2022-02-03T03:27:17,925.40
9279,0000,CAIXA,ANA,SAQUE,2022-02-01T13:02:39,136.37
4582,0004,SANTANDER,LUCIA,DEPOSITO,2022-02-04T08:48:36,1347.73
7912,0001,CAIXA,MARIA,DEPOSITO,2022-02-06T04:30:01,647.76
4582,0006,CAIXA,LUCIA,SAQUE,2022-02-01T06:06:43,1247.31
5506,0004,SANTANDER,CARLOS,DEPOSITO,2022-02-09T03:01:14,1209.23
2824,0001,CAIXA,CARLOS,DEPOSITO,2022-02-06T12:31:49,431.26
1434,0009,CAIXA,MARCOS,DEPOSITO,2022-02-03T17:28:18,165.69
4657,0000,CAIXA,MARCOS,SAQUE,2022-02-08T08:19:12,1264.75
1434,0001,SANTANDER,JULIA,SAQUE,2022-02-10T01:39:43,61.23
1488,0005,SANTANDER,LUCIA,SAQUE,2022-02-09T02:52:08,899.85
1488,0009,SANTANDER,CARLOS,SAQUE,2022-02-02T16:28:49,332.55
2679,0009,CAIXA,CARLOS,DEPOSITO,2022-02-02T23:48:32,204.84
5506,0009,SANTANDER,JULIA,DEPOSITO,2022-02-02T08:28:57,994.19
4582,0002,ITAU,JULIA,SAQUE,2022-02-01T06:50:14,349.69
7912,0006,CAIXA,MARCOS,SAQUE,2022-02-03T01:40:23,1114.56
7912,0005,SANTANDER,JULIA,SAQUE,2022-02-04T17:31:32,1409.18
9279,0002,CAIXA,CARLOS,SAQUE,2022-02-09T12:50:36,1122.32
1488,0008,CAIXA,JULIA,DEPOSITO,2022-02-02T15:36:02,1364.40
2679,0000,ITAU,JULIA,SAQUE,2022-02-09T01:32:11,96.13
1488,0000,CAIXA,CARLOS,DEPOSITO,2022-02-02T00:31:57,582.79
1434,0009,CAIXA,MARIA,SAQUE,2022-02-10T03:50:48,465.86
5506,0003,SANTANDER,JOAO,SAQUE,2022-02-09T07:59:53,46.51
2424,0006,CAIXA,MARCOS,SAQUE,2022-02-10T18:10:24,855.38
9279,0005,ITAU,JULIA,DEPOSITO,2022-02-08T14:56:36,1456.89
4582,0009,ITAU,CARLOS,DEPOSITO,2022-02-07T16:15:20,85.54
4582,0002,SANTANDER,CARLOS,DEPOSITO,2022-02-02T16:39:40,582.44
9279,0003,SANTANDER,MARIA,SAQUE,2022-02-09T23:26:14,1352.29
2424,0001,SANTANDER,JOAO,SAQUE,2022-02-07T10:21:11,753.90
2824,0008,SANTANDER,MARIA,SAQUE,2022-02-03T04:14:10,534.58
2679,0008,SANTANDER,JOAO,DEPOSITO,2022-02-05T18:38:45,20.20
2824,0007,SANTANDER,JULIA,SAQUE,2022-02-02T16:46:22,1214.45
5506,0002,ITAU,FELIPE,SAQUE,2022-02-04T04:28:18,580.10
4657,0003,CAIXA,ANA,SAQUE,2022-02-04T05:49:42,1293.75
7912,0006,ITAU,SANDRA,SAQUE,2022-02-01T03:31:58,1400.10
4582,0003,ITAU,JULIA,SAQUE,2022-02-06T06:07:04,1369.10
4657,0008,ITAU,MARIA,SAQUE,2022-02-09T22:46:39,1302.22
2824,0000,ITAU,PEDRO,SAQUE,2022-02-08T15:19:35,299.04
5506,0007,CAIXA,PEDRO,SAQUE,2022-02-01T15:15:58,100.54
2824,0002,ITAU,SANDRA,DEPOSITO,2022-02-08T11:23:42,55.29
4657,0009,SANTANDER,JOAO,DEPOSITO,2022-02-06T08:17:24,879.98
9279,0005,SANTANDER,SANDRA,SAQUE,2022-02-08T01:49:29,1303.33
1488,0001,SANTANDER,MARIA,DEPOSITO,2022-02-02T09:59:35,837.31
5506,0007,SANTANDER,SANDRA,SAQUE,2022-02-04T17:07:59,794.67
9279,0000,CAIXA,PEDRO,SAQUE,2022-02-05T16:05:25,1132.73
1488,0009,SANTANDER,LUCIA,SAQUE,2022-02-08T20:15:46,752.42
2679,0007,ITAU,LUCIA,SAQUE,2022-02-08T16:59:39,880.87
2824,0000,ITAU,CARLOS,DEPOSITO,2022-02-08T13:48:22,261.19
2679,0009,ITAU,LUCIA,DEPOSITO,2022-02-05T09:08:19,1454.48
9279,0006,SANTANDER,MARIA,SAQUE,2022-02-01T07:12:35,919.68
9279,0008,SANTANDER,ANA,DEPOSITO,2022-02-07T22:13:54,348.76
5506,0002,CAIXA,JOAO,SAQUE,2022-02-08T11:40:17,695.81
2824,0003,CAIXA,JOAO,DEPOSITO,2022-02-06T05:59:23,775.09
7912,0009,SANTANDER,ANA,DEPOSITO,2022-02-07T10:07:58,15.50
4657,0009,SANTANDER,JULIA,SAQUE,2022-02-04T10:37:02,1047.53
7912,0004,ITAU,ANA,DEPOSITO,2022-02-03T18:06:39,973.59
2824,0005,SANTANDER,MARIA,SAQUE,2022-02-10T06:30:43,1077.48
1488,0002,SANTANDER,CARLOS,SAQUE,2022-02-07T08:29:36,445.88
1434,0006,CAIXA,PEDRO,DEPOSITO,2022-02-03T07:02:44,582.08
4657,0008,CAIXA,FELIPE,SAQUE,2022-02-07T12:21:38,147.49
2424,0001,SANTANDER,JULIA,DEPOSITO,2022-02-02T20:49:06,449.40
1434,0007,SANTANDER,SANDRA,SAQUE,2022-02-07T17:55:55,627.34
7912,0006,CAIXA,ANA,DEPOSITO,2022-02-09T21:14:47,208.94
1434,0007,ITAU,MARCOS,DEPOSITO,2022-02-07T04:29:00,680.96
4582,0007,CAIXA,ANA,DEPOSITO,2022-02-08T01:03:13,712.57
2679,0008,ITAU,CARLOS,SAQUE,2022-02-10T18:57:07,1237.64
1434,0001,CAIXA,JULIA,SAQUE,2022-02-06T12:11:03,1216.78
2424,0008,SANTANDER,JOAO,DEPOSITO,2022-02-06T11:45:34,944.41
2679,0003,CAIXA,MARIA,DEPOSITO,2022-02-02T00:38:13,894.09
2679,0002,SANTANDER,LUCIA,SAQUE,2022-02-06T16:53:08,1125.93
4582,0003,CAIXA,SANDRA,DEPOSITO,2022-02-08T09:35:36,487.40
2424,0005,SANTANDER,JOAO,SAQUE,2022-02-08T11:20:24,769.79
2679,0008,SANTANDER,JULIA,DEPOSITO,2022-02-07T18:26:14,763.24
9279,0004,ITAU,PEDRO,DEPOSITO,2022-02-01T07:00:54,1293.25
4657,0005,ITAU,ANA,DEPOSITO,2022-02-09T08:31:31,894.58
4657,0003,CAIXA,SANDRA,DEPOSITO,2022-02-05T03:18:11,951.73
2679,0003,CAIXA,FELIPE,DEPOSITO,2022-02-08T22:33:31,1393.31
4582,0008,ITAU,CARLOS,DEPOSITO,2022-02-02T17:04:15,771.01
4582,0002,ITAU,CARLOS,SAQUE,2022-02-08T07:41:21,1075.75
7912,0009,CAIXA,MARCOS,DEPOSITO,2022-02-10T13:05:32,336.97
1488,0000,CAIXA,ANA,SAQUE,2022-02-03T21:22:07,834.39
9279,0007,ITAU,JULIA,SAQUE,2022-02-08T11:02:00,995.42
9279,0003,CAIXA,MARIA,DEPOSITO,2022-02-05T01:36:11,636.88
5506,0001,CAIXA,CARLOS,DEPOSITO,2022-02-03T09:43:47,1494.85
1488,0002,ITAU,MARCOS,DEPOSITO,2022-02-06T10:54:42,1202.55
4582,0001,SANTANDER,PEDRO,DEPOSITO,2022-02-05T05:12:12,491.13
2679,0008,CAIXA,LUCIA,SAQUE,2022-02-02T05:21:41,199.20
2824,0000,ITAU,SANDRA,DEPOSITO,2022-02-09T17:09:41,779.70
1488,0002,ITAU,JOAO,SAQUE,2022-02-07T14:37:19,1472.96
4582,0002,ITAU,JOAO,DEPOSITO,2022-02-06T22:53:38,469.77
2424,0003,SANTANDER,PEDRO,SAQUE,2022-02-03T11:53:52,1277.74
2679,0009,ITAU,FELIPE,SAQUE,2022-02-05T20:43:20,945.40
1434,0008,CAIXA,LUCIA,SAQUE,2022-02-06T13:15:49,1318.73
2824,0001,SANTANDER,LUCIA,DEPOSITO,2022-02-04T18:13:09,355.86
1434,0000,ITAU,JULIA,SAQUE,2022-02-06T19:52:26,402.47
2824,0007,ITAU,PEDRO,SAQUE,2022-02-06T06:32:48,1091.19
5506,0008,ITAU,CARLOS,DEPOSITO,2022-02-08T12:41:20,1407.07
1434,0008,SANTANDER,MARCOS,DEPOSITO,2022-02-05T09:30:54,1304.22
7912,0008,ITAU,MARCOS,DEPOSITO,2022-02-09T14:56:44,906.12
1488,0007,ITAU,FELIPE,SAQUE,2022-02-10T11:32:42,1442.98
2824,0005,ITAU,SANDRA,DEPOSITO,2022-02-05T13:21:58,503.83
5506,0002,CAIXA,PEDRO,DEPOSITO,2022-02-05T15:35:15,457.13
2424,0004,ITAU,MARIA,SAQUE,2022-02-08T03:55:41,810.94
2424,0008,CAIXA,MARCOS,DEPOSITO,2022-02-10T17:34:12,456.84
5506,0009,SANTANDER,JOAO,SAQUE,2022-02-02T13:43:34,273.26
9279,0000,CAIXA,JULIA,SAQUE,2022-02-08T16:45:14,978.95
4582,0001,ITAU,SANDRA,DEPOSITO,2022-02-06T10:49:21,642.80
4657,0004,CAIXA,ANA,DEPOSITO,2022-02-09T03:36:58,124.61
4657,0006,SANTANDER,JULIA,DEPOSITO,2022-02-04T13:35:44,971.84
1434,0000,CAIXA,JOAO,SAQUE,2022-02-01T19:09:18,586.04
4582,0005,CAIXA,PEDRO,SAQUE,2022-02-04T13:55:21,1218.18
1488,0006,ITAU,ANA,SAQUE,2022-02-08T19:36:41,440.04
5506,0007,CAIXA,ANA,SAQUE,2022-02-08T18:52:52,1443.00
4657,0003,ITAU,SANDRA,SAQUE,2022-02-03T08:36:36,1063.55
1434,0004,SANTANDER,CARLOS,SAQUE,2022-02-02T13:57:14,684.11
7912,0001,CAIXA,CARLOS,SAQUE,2022-02-01T02:31:48,1429.29
7912,0005,ITAU,CARLOS,DEPOSITO,2022-02-01T11:26:09,424.05
4582,0002,ITAU,PEDRO,SAQUE,2022-02-07T16:36:33,924.44
9279,0001,CAIXA,MARCOS,SAQUE,2022-02-06T04:42:45,835.05
1434,0002,SANTANDER,LUCIA,DEPOSITO,2022-02-06T13:50:52,716.79
4657,0000,SANTANDER,ANA,SAQUE,2022-02-05T23:39:10,421.36
5506,0002,SANTANDER,LUCIA,DEPOSITO,2022-02-10T12:22:21,324.82
2824,0005,SANTANDER,JOAO,SAQUE,2022-02-06T08:35:16,1362.87
9279,0005,SANTANDER,LUCIA,DEPOSITO,2022-02-04T01:50:38,828.88
5506,0004,CAIXA,PEDRO,DEPOSITO,2022-02-10T13:57:15,855.74
7912,0008,CAIXA,MARIA,SAQUE,2022-02-03T00:06:03,878.15
4657,0000,CAIXA,MARCOS,SAQUE,2022-02-04T06:36:49,1277.70
2679,0001,ITAU,LUCIA,DEPOSITO,2022-02-10T17:01:04,332.33
1488,0000,SANTANDER,ANA,SAQUE,2022-02-09T22:19:00,521.48
2679,0003,ITAU,JOAO,SAQUE,2022-02-03T06:41:19,726.86
1488,0006,ITAU,SANDRA,DEPOSITO,2022-02-10T06:00:44,458.03
4657,0001,CAIXA,JOAO,SAQUE,2022-02-09T23:04:34,421.23
7912,0001,ITAU,MARCOS,SAQUE,2022-02-03T11:45:29,874.59
9279,0003,CAIXA,FELIPE,SAQUE,2022-02-08T05:28:00,1048.06
4582,0000,ITAU,MARCOS,SAQUE,2022-02-02T17:07:42,328.35
9279,0004,SANTANDER,SANDRA,SAQUE,2022-02-06T10:29:25,435.27
5506,0003,ITAU,FELIPE,DEPOSITO,2022-02-07T11:59:00,87.13
9279,0006,ITAU,LUCIA,DEPOSITO,2022-02-07T14:11:26,1087.40
4657,0002,SANTANDER,JOAO,DEPOSITO,2022-02-05T00:37:58,877.62
7912,0002,ITAU,PEDRO,SAQUE,2022-02-06T02:15:32,727.26
4582,0009,CAIXA,MARCOS,DEPOSITO,2022-02-02T06:26:25,827.70
5506,0008,ITAU,CARLOS,SAQUE,2022-02-02T15:37:54,640.63
1434,0006,ITAU,CARLOS,DEPOSITO,2022-02-06T06:42:15,222.75
1488,0007,SANTANDER,FELIPE,SAQUE,2022-02-03T06:17:30,1413.68
7912,0003,SANTANDER,LUCIA,DEPOSITO,2022-02-01T17:53:24,285.18
5506,0005,ITAU,MARIA,SAQUE,2022-02-01T07:35:23,1365.83
7912,0007,SANTANDER,JOAO,DEPOSITO,2022-02-10T15:41:31,152.80
4657,0000,SANTANDER,CARLOS,SAQUE,2022-02-04T21:51:20,64.64
2424,0006,ITAU,SANDRA,DEPOSITO,2022-02-05T23:07:32,38.45
2824,0007,ITAU,JULIA,DEPOSITO,2022-02-02T17:53:27,201.80
7912,0005,CAIXA,MARIA,DEPOSITO,2022-02-08T05:06:05,1304.90
4582,0002,CAIXA,ANA,DEPOSITO,2022-02-02T18:49:30,564.93
1488,0000,CAIXA,SANDRA,DEPOSITO,2022-02-02T11:15:43,1277.00
1488,0006,CAIXA,JOAO,DEPOSITO,2022-02-02T07:31:16,343.20
4657,0006,ITAU,ANA,SAQUE,2022-02-05T16:26:14,280.49
2824,0001,ITAU,PEDRO,SAQUE,2022-02-06T02:01:00,509.95
2824,0000,CAIXA,PEDRO,SAQUE,2022-02-05T22:31:24,286.65
2824,0009,CAIXA,MARCOS,SAQUE,2022-02-03T04:33:39,1191.65
4582,0009,SANTANDER,CARLOS,SAQUE,2022-02-03T04:44:13,298.06
9279,0006,SANTANDER,PEDRO,SAQUE,2022-02-08T19:32:03,1128.03
1488,0001,SANTANDER,SANDRA,SAQUE,2022-02-06T19:32:40,274.25
2424,0001,SANTANDER,FELIPE,SAQUE,2022-02-05T17:50:24,1035.65
2424,0005,SANTANDER,SANDRA,DEPOSITO,2022-02-10T08:38:04,408.59
2424,0000,ITAU,PEDRO,DEPOSITO,2022-02-06T03:25:30,933.19
1488,0006,SANTANDER,JOAO,SAQUE,2022-02-05T13:42:41,1176.31
2824,0004,SANTANDER,SANDRA,SAQUE,2022-02-06T10:41:59,247.29
1434,0004,ITAU,MARIA,DEPOSITO,2022-02-07T21:33:13,513.72
2824,0006,CAIXA,SANDRA,SAQUE,2022-02-02T22:58:41,1124.43
2824,0002,SANTANDER,CARLOS,SAQUE,2022-02-02T21:59:56,1386.43
2424,0006,CAIXA,MARCOS,DEPOSITO,2022-02-06T15:23:58,243.41
2824,0004,CAIXA,JULIA,DEPOSITO,2022-02-03T15:59:25,492.73
4582,0004,ITAU,MARIA,SAQUE,2022-02-08T02:22:35,377.06
1434,0006,CAIXA,CARLOS,DEPOSITO,2022-02-06T19:06:18,451.09
1488,0003,ITAU,SANDRA,DEPOSITO,2022-02-05T09:20:44,628.77
1488,0008,ITAU,FELIPE,SAQUE,2022-02-07T08:10:38,1346.44
9279,0005,SANTANDER,LUCIA,DEPOSITO,2022-02-03T14:44:33,44.45
4582,0002,SANTANDER,LUCIA,SAQUE,2022-02-10T11:50:02,1039.79
4582,0003,ITAU,JULIA,SAQUE,2022-02-07T19:25:36,1223.63
7912,0002,SANTANDER,CARLOS,SAQUE,2022-02-02T12:24:48,865.02
9279,0004,ITAU,CARLOS,DEPOSITO,2022-02-04T16:50:58,892.31
1434,0005,SANTANDER,MARIA,SAQUE,2022-02-10T04:09:32,1259.11
1488,0009,ITAU,JOAO,SAQUE,2022-02-03T13:50:18,1128.47
1434,0000,ITAU,MARCOS,DEPOSITO,2022-02-08T04:30:40,1124.60
2679,0002,CAIXA,PEDRO,SAQUE,2022-02-04T06:29:04,1232.78
2424,0000,CAIXA,FELIPE,DEPOSITO,2022-02-09T14:43:01,966.63
4582,0004,CAIXA,MARCOS,DEPOSITO,2022-02-06T13:36:09,934.43
1434,0002,ITAU,JULIA,DEPOSITO,2022-02-03T18:22:13,335.49
1434,0007,ITAU,FELIPE,SAQUE,2022-02-05T08:00:41,170.08
1434,0007,ITAU,CARLOS,DEPOSITO,2022-02-04T09:21:06,855.85
1488,0008,CAIXA,PEDRO,DEPOSITO,2022-02-04T09:17:24,355.12
2824,0003,ITAU,CARLOS,SAQUE,2022-02-03T13:50:22,988.62
2824,0002,CAIXA,JOAO,DEPOSITO,2022-02-07T16:58:53,1240.03
1434,0006,ITAU,LUCIA,DEPOSITO,2022-02-07T01:52:22,1298.81
4657,0004,ITAU,FELIPE,SAQUE,2022-02-02T04:38:28,1363.98
2824,0005,ITAU,JOAO,DEPOSITO,2022-02-01T15:56:50,1159.77
2424,0003,ITAU,ANA,SAQUE,2022-02-02T12:46:33,1281.29
4657,0006,SANTANDER,FELIPE,DEPOSITO,2022-02-02T20:08:52,377.21
7912,0007,ITAU,JULIA,SAQUE,2022-02-04T06:09:17,460.52
9279,0009,CAIXA,MARIA,DEPOSITO,2022-02-01T19:58:25,121.28
4657,0006,CAIXA,FELIPE,SAQUE,2022-02-08T06:25:59,1257.63
9279,0002,CAIXA,CARLOS,DEPOSITO,2022-02-10T15:23:03,128.96
4657,0009,CAIXA,FELIPE,SAQUE,2022-02-02T17:29:00,182.85
9279,0007,ITAU,JOAO,DEPOSITO,2022-02-04T18:28:55,1494.57
7912,0003,SANTANDER,JULIA,DEPOSITO,2022-02-02T12:49:22,441.10
4657,0009,ITAU,JOAO,SAQUE,2022-02-06T23:14:17,213.71
9279,0004,SANTANDER,CARLOS,SAQUE,2022-02-05T13:25:42,1275.21
2679,0002,ITAU,CARLOS,DEPOSITO,2022-02-03T23:39:44,911.74
2424,0002,CAIXA,MARCOS,SAQUE,2022-02-02T10:29:00,925.85
4657,0001,SANTANDER,JOAO,DEPOSITO,2022-02-02T22:17:43,381.76
5506,0006,SANTANDER,LUCIA,DEPOSITO,2022-02-02T02:05:43,1067.88
7912,0004,ITAU,LUCIA,SAQUE,2022-02-06T08:18:52,899.25
7912,0001,ITAU,CARLOS,SAQUE,2022-02-05T04:17:31,1223.08
7912,0001,SANTANDER,MARCOS,SAQUE,2022-02-01T02:40:54,1341.20
1434,0003,CAIXA,MARCOS,DEPOSITO,2022-02-06T17:59:07,1402.01
2424,0004,CAIXA,SANDRA,SAQUE,2022-02-05T10:37:41,785.69
5506,0002,CAIXA,JOAO,DEPOSITO,2022-02-01T11:00:53,1471.93
2424,0006,SANTANDER,MARIA,SAQUE,2022-02-09T03:19:33,682.61
9279,0002,SANTANDER,MARIA,SAQUE,2022-02-03T07:45:20,1330.90
5506,0004,SANTANDER,ANA,SAQUE,2022-02-10T07:34:59,612.27
9279,0007,CAIXA,LUCIA,SAQUE,2022-02-01T04:25:23,580.34
2824,0002,ITAU,LUCIA,DEPOSITO,2022-02-09T00:33:33,448.15
7912,0000,ITAU,LUCIA,SAQUE,2022-02-06T04:42:48,768.77
4582,0007,CAIXA,JULIA,SAQUE,2022-02-02T07:58:51,1169.26
2824,0002,SANTANDER,CARLOS,SAQUE,2022-02-01T19:16:40,816.83
7912,0006,CAIXA,ANA,DEPOSITO,2022-02-06T00:49:45,21.48
7912,0005,ITAU,FELIPE,DEPOSITO,2022-02-10T16:59:51,533.25
7912,0000,ITAU,ANA,DEPOSITO,2022-02-07T20:03:37,279.66
2679,0006,SANTANDER,JULIA,SAQUE,2022-02-02T23:24:00,711.85
4657,0007,CAIXA,SANDRA,SAQUE,2022-02-04T09:35:16,57.61
1488,0001,ITAU,JULIA,SAQUE,2022-02-02T11:49:48,684.03
5506,0006,SANTANDER,FELIPE,DEPOSITO,2022-02-01T10:44:44,527.07
2679,0009,ITAU,MARCOS,DEPOSITO,2022-02-08T21:25:09,255.45
5506,0008,CAIXA,LUCIA,SAQUE,2022-02-08T20:22:43,441.01
7912,0003,ITAU,LUCIA,SAQUE,2022-02-01T10:36:09,791.04
1434,0000,CAIXA,FELIPE,DEPOSITO,2022-02-02T07:53:57,1343.48
5506,0005,CAIXA,MARIA,DEPOSITO,2022-02-08T12:43:14,458.91
2424,0008,SANTANDER,FELIPE,SAQUE,2022-02-07T19:56:42,438.99
2679,0003,CAIXA,ANA,DEPOSITO,2022-02-08T20:57:43,271.18
5506,0008,CAIXA,PEDRO,DEPOSITO,2022-02-10T06:17:52,584.43
4657,0005,ITAU,LUCIA,DEPOSITO,2022-02-08T04:32:28,702.34
2424,0009,CAIXA,PEDRO,SAQUE,2022-02-03T23:52:07,383.37
5506,0001,SANTANDER,LUCIA,SAQUE,2022-02-07T19:02:10,1223.34
2679,0000,ITAU,MARIA,SAQUE,2022-02-01T08:10:08,1049.83
2424,0009,CAIXA,SANDRA,DEPOSITO,2022-02-08T09:39:21,1252.83
2679,0009,CAIXA,LUCIA,SAQUE,2022-02-02T22:43:29,545.34
4582,0004,SANTANDER,CARLOS,DEPOSITO,2022-02-09T22:06:25,572.12
2824,0001,SANTANDER,CARLOS,SAQUE,2022-02-06T13:51:00,368.48
9279,0004,ITAU,LUCIA,DEPOSITO,2022-02-02T20:00:31,604.62
2824,0009,CAIXA,PEDRO,SAQUE,2022-02-01T22:13:29,999.18
4582,0003,SANTANDER,LUCIA,DEPOSITO,2022-02-08T19:03:24,542.99
1434,0005,CAIXA,PEDRO,SAQUE,2022-02-08T13:30:26,1087.10
9279,0008,ITAU,SANDRA,SAQUE,2022-02-04T17:51:09,450.68
7912,0006,CAIXA,MARIA,DEPOSITO,2022-02-09T06:47:36,801.94
2679,0007,ITAU,ANA,SAQUE,2022-02-04T17:54:26,269.42
2824,0002,CAIXA,JOAO,DEPOSITO,2022-02-02T14:48:00,687.01
1434,0002,SANTANDER,MARIA,SAQUE,2022-02-05T22:06:49,377.43
1434,0007,SANTANDER,JULIA,SAQUE,2022-02-04T12:10:16,479.83
4582,0005,SANTANDER,ANA,SAQUE,2022-02-05T16:26:05,849.02
1488,0006,CAIXA,ANA,SAQUE,2022-02-03T23:45:19,683.75
5506,0005,ITAU,ANA,SAQUE,2022-02-04T14:53:17,1016.73
2679,0004,ITAU,FELIPE,SAQUE,2022-02-02T18:40:06,963.65
1434,0004,SANTANDER,LUCIA,SAQUE,2022-02-02T18:49:13,40.18
9279,0000,ITAU,ANA,DEPOSITO,2022-02-02T06:59:27,669.51
2824,0002,SANTANDER,SANDRA,DEPOSITO,2022-02-01T09:47:47,1245.54
1488,0009,ITAU,MARCOS,DEPOSITO,2022-02-05T10:42:50,1358.71
4582,0004,ITAU,CARLOS,SAQUE,2022-02-06T20:24:04,910.14
4657,0006,CAIXA,ANA,SAQUE,2022-02-03T16:50:54,1129.77
5506,0007,ITAU,ANA,DEPOSITO,2022-02-10T13:21:15,460.08
1434,0007,ITAU,ANA,DEPOSITO,2022-02-09T05:39:39,632.80
5506,0009,ITAU,SANDRA,DEPOSITO,2022-02-03T15:44:27,968.05
4582,0007,CAIXA,MARCOS,SAQUE,2022-02-01T20:05:35,136.28
5506,0004,ITAU,LUCIA,DEPOSITO,2022-02-08T22:50:49,1066.01
2424,0000,CAIXA,CARLOS,DEPOSITO,2022-02-05T05:16:32,284.47
5506,0009,SANTANDER,MARCOS,DEPOSITO,2022-02-05T13:25:04,776.04
7912,0006,ITAU,LUCIA,SAQUE,2022-02-08T15:09:46,873.26
7912,0006,ITAU,JOAO,SAQUE,2022-02-03T17:21:25,1093.16
2679,0002,SANTANDER,CARLOS,SAQUE,2022-02-10T13:49:18,703.56
2824,0006,SANTANDER,MARIA,SAQUE,2022-02-09T23:51:47,441.54
5506,0006,CAIXA,LUCIA,DEPOSITO,2022-02-10T06:34:05,926.26
9279,0008,SANTANDER,SANDRA,DEPOSITO,2022-02-09T05:16:09,1380.80
7912,0008,CAIXA,CARLOS,SAQUE,2022-02-05T06:28:00,516.57
1434,0005,CAIXA,CARLOS,DEPOSITO,2022-02-10T14:22:45,196.28
2424,0002,CAIXA,FELIPE,SAQUE,2022-02-01T18:05:53,720.42
4657,0002,SANTANDER,SANDRA,DEPOSITO,2022-02-04T01:43:11,242.26
9279,0004,ITAU,MARCOS,SAQUE,2022-02-08T17:21:43,45.82
9279,0002,CAIXA,MARIA,DEPOSITO,2022-02-03T11:53:21,211.87
2424,0003,CAIXA,MARIA,DEPOSITO,2022-02-02T18:18:25,116.70
4657,0002,SANTANDER,JOAO,SAQUE,2022-02-07T03:08:30,626.99
4582,0006,SANTANDER,ANA,SAQUE,2022-02-01T13:45:27,296.92
1434,0005,ITAU,MARIA,DEPOSITO,2022-02-07T14:45:41,859.00
5506,0009,CAIXA,FELIPE,DEPOSITO,2022-02-06T09:28:58,223.37
7912,0008,CAIXA,JULIA,SAQUE,2022-02-03T14:52:49,576.18
1488,0008,SANTANDER,JOAO,DEPOSITO,2022-02-07T19:23:02,741.42
1488,0003,ITAU,MARIA,DEPOSITO,2022-02-05T05:22:03,1324.75
4582,0004,SANTANDER,LUCIA,DEPOSITO,2022-02-04T10:07:59,156.56
2424,0008,ITAU,ANA,SAQUE,2022-02-03T07:41:06,595.45
7912,0000,SANTANDER,MARIA,DEPOSITO,2022-02-07T00:11:29,1210.17
9279,0001,CAIXA,MARIA,DEPOSITO,2022-02-04T02:35:38,1443.73
1434,0008,SANTANDER,CARLOS,SAQUE,2022-02-05T18:29:48,1396.22
2424,0005,ITAU,JOAO,SAQUE,2022-02-08T05:33:36,771.85
4582,0000,SANTANDER,JOAO,SAQUE,2022-02-02T13:08:18,1065.16
1434,0005,CAIXA,ANA,SAQUE,2022-02-06T02:28:11,18.66
4657,0005,CAIXA,CARLOS,SAQUE,2022-02-05T03:19:17,580.79
9279,0004,CAIXA,LUCIA,SAQUE,2022-02-10T04:44:59,1151.21
5506,0007,CAIXA,MARCOS,DEPOSITO,2022-02-03T21:29:56,899.94
7912,0002,ITAU,MARCOS,DEPOSITO,2022-02-04T08:31:51,393.53
5506,0007,ITAU,SANDRA,DEPOSITO,2022-02-10T14:02:15,458.73
9279,0003,CAIXA,ANA,DEPOSITO,2022-02-07T01:48:56,446.13
1434,0008,ITAU,LUCIA,SAQUE,2022-02-07T01:37:02,1366.95
4582,0008,ITAU,MARIA,DEPOSITO,2022-02-04T14:56:37,1297.39
7912,0002,SANTANDER,PEDRO,DEPOSITO,2022-02-07T12:22:50,978.10
9279,0005,CAIXA,MARCOS,DEPOSITO,2022-02-03T10:19:46,1163.52
2424,0008,SANTANDER,LUCIA,SAQUE,2022-02-09T19:09:34,481.82
1488,0005,CAIXA,MARCOS,DEPOSITO,2022-02-06T00:38:26,599.18
7912,0005,ITAU,CARLOS,DEPOSITO,2022-02-01T21:42:55,16.47
7912,0004,SANTANDER,LUCIA,SAQUE,2022-02-04T08:16:40,760.04
1488,0004,SANTANDER,JULIA,DEPOSITO,2022-02-10T05:20:43,314.84
2679,0005,CAIXA,SANDRA,SAQUE,2022-02-10T16:11:37,44.18
4657,0006,SANTANDER,JULIA,SAQUE,2022-02-10T01:39:15,753.16
1434,0000,SANTANDER,LUCIA,SAQUE,2022-02-04T03:50:33,963.77
2424,0000,CAIXA,SANDRA,DEPOSITO,2022-02-05T14:00:07,45.80
2824,0009,SANTANDER,LUCIA,DEPOSITO,2022-02-02T20:29:42,1301.96
4582,0002,ITAU,FELIPE,DEPOSITO,2022-02-09T00:19:08,567.56
5506,0003,CAIXA,MARIA,SAQUE,2022-02-06T20:30:16,593.34
2679,0009,CAIXA,LUCIA,DEPOSITO,2022-02-07T10:41:52,332.94
4582,0000,ITAU,LUCIA,SAQUE,2022-02-01T21:56:27,390.37
2424,0003,SANTANDER,JOAO,DEPOSITO,2022-02-06T00:15:12,105.17
2679,0002,SANTANDER,FELIPE,DEPOSITO,2022-02-03T09:42:26,1252.12
5506,0001,CAIXA,JULIA,DEPOSITO,2022-02-06T15:31:13,721.19
4582,0002,SANTANDER,LUCIA,DEPOSITO,2022-02-08T20:15:49,72.67
4657,0008,SANTANDER,JULIA,SAQUE,2022-02-06T12:24:10,578.34
4582,0005,SANTANDER,JULIA,SAQUE,2022-02-08T11:14:42,63.78
2679,0006,SANTANDER,FELIPE,SAQUE,2022-02-07T11:37:40,1347.21
2679,0004,SANTANDER,FELIPE,SAQUE,2022-02-05T12:38:43,149.18
1434,0008,SANTANDER,JULIA,SAQUE,2022-02-07T23:45:17,178.11
2679,0006,CAIXA,MARCOS,SAQUE,2022-02-09T17:42:52,872.92
4582,0001,ITAU,PEDRO,DEPOSITO,2022-02-06T20:52:56,626.60
5506,0003,ITAU,MARIA,DEPOSITO,2022-02-04T04:32:18,568.64
7912,0003,SANTANDER,SANDRA,SAQUE,2022-02-06T10:10:32,638.75
1434,0009,CAIXA,PEDRO,SAQUE,2022-02-04T02:10:25,1428.26
7912,0002,SANTANDER,ANA,SAQUE,2022-02-05T22:39:18,247.24
5506,0003,SANTANDER,MARCOS,SAQUE,2022-02-01T21:28:27,843.74
1488,0007,ITAU,CARLOS,SAQUE,2022-02-08T10:14:28,826.60
1488,0005,SANTANDER,LUCIA,DEPOSITO,2022-02-05T05:24:35,1185.15
1434,0003,CAIXA,ANA,SAQUE,2022-02-06T07:20:25,1133.39
5506,0007,ITAU,PEDRO,SAQUE,2022-02-08T19:55:01,481.82
2824,0004,ITAU,MARIA,DEPOSITO,2022-02-05T14:02:39,1313.43
1488,0007,CAIXA,PEDRO,DEPOSITO,2022-02-06T18:09:06,1207.65
4582,0008,ITAU,SANDRA,SAQUE,2022-02-09T20:24:35,196.34
9279,0008,SANTANDER,JULIA,DEPOSITO,2022-02-10T17:10:36,1425.70
2824,0005,SANTANDER,FELIPE,DEPOSITO,2022-02-07T04:05:52,1319.44
1488,0007,CAIXA,ANA,SAQUE,2022-02-05T19:40:17,982.19
7912,0002,ITAU,LUCIA,DEPOSITO,2022-02-02T02:15:13,669.45
2824,0008,ITAU,ANA,SAQUE,2022-02-04T16:04:43,219.81
9279,0008,ITAU,LUCIA,SAQUE,2022-02-06T22:54:11,1110.90
1434,0009,CAIXA,SANDRA,SAQUE,2022-02-09T07:32:03,1402.67
1434,0004,SANTANDER,MARCOS,DEPOSITO,2022-02-09T16:49:54,570.54
2824,0007,CAIXA,CARLOS,SAQUE,2022-02-06T00:33:36,1156.80
1488,0000,SANTANDER,SANDRA,SAQUE,2022-02-03T22:24:21,790.78
7912,0005,SANTANDER,LUCIA,DEPOSITO,2022-02-05T12:53:15,926.34
1488,0008,CAIXA,ANA,SAQUE,2022-02-05T12:16:16,1026.40
1434,0002,SANTANDER,PEDRO,DEPOSITO,2022-02-02T03:47:50,199.50
2824,0008,CAIXA,PEDRO,DEPOSITO,2022-02-05T11:29:22,693.40
5506,0008,CAIXA,PEDRO,SAQUE,2022-02-02T11:18:16,84.60
4582,0002,ITAU,SANDRA,DEPOSITO,2022-02-05T01:51:02,133.10
2424,0007,ITAU,FELIPE,SAQUE,2022-02-02T22:11:26,1066.17
2679,0009,CAIXA,JULIA,DEPOSITO,2022-02-05T07:38:45,210.48
1434,0008,CAIXA,PEDRO,SAQUE,2022-02-05T04:02:18,1268.60
2679,0006,SANTANDER,PEDRO,DEPOSITO,2022-02-07T05:56:37,484.78
2824,0009,SANTANDER,MARCOS,DEPOSITO,2022-02-02T09:29:33,904.18
1488,0003,SANTANDER,MARCOS,DEPOSITO,2022-02-05T18:03:36,1229.12
7912,0007,ITAU,CARLOS,SAQUE,2022-02-04T00:01:06,1021.38
2424,0004,SANTANDER,FELIPE,SAQUE,2022-02-09T01:34:33,1042.08
5506,0000,CAIXA,ANA,DEPOSITO,2022-02-07T15:00:35,472.46
4582,0007,ITAU,ANA,SAQUE,2022-02-04T14:35:30,1008.02
4582,0002,SANTANDER,ANA,DEPOSITO,2022-02-09T03:31:08,823.70
4582,0003,SANTANDER,CARLOS,DEPOSITO,2022-02-08T05:43:10,486.25
4657,0004,CAIXA,JOAO,DEPOSITO,2022-02-07T02:25:17,1237.61
1488,0006,SANTANDER,PEDRO,DEPOSITO,2022-02-09T12:50:26,1319.87
1488,0007,ITAU,CARLOS,DEPOSITO,2022-02-09T17:42:11,578.27
4582,0003,CAIXA,LUCIA,DEPOSITO,2022-02-08T05:45:00,1086.35
2679,0002,CAIXA,SANDRA,DEPOSITO,2022-02-06T11:14:04,108.29
4582,0005,CAIXA,LUCIA,SAQUE,2022-02-07T12:57:42,1281.88
4657,0001,CAIXA,PEDRO,SAQUE,2022-02-04T11:15:56,1051.54
1434,0006,ITAU,SANDRA,DEPOSITO,2022-02-01T16:49:28,941.24
2424,0002,ITAU,JOAO,DEPOSITO,2022-02-06T03:36:02,953.70
4582,0003,ITAU,CARLOS,SAQUE,2022-02-08T21:17:36,263.89
2679,0002,SANTANDER,ANA,DEPOSITO,2022-02-06T07:04:32,1014.82
2824,0008,ITAU,SANDRA,SAQUE,2022-02-09T13:13:44,1171.92
4582,0001,CAIXA,MARIA,DEPOSITO,2022-02-02T03:48:25,119.74
1488,0007,CAIXA,JULIA,DEPOSITO,2022-02-10T02:07:29,1014.77
9279,0009,CAIXA,CARLOS,SAQUE,2022-02-08T10:12:52,1395.50
4657,0000,ITAU,JOAO,DEPOSITO,2022-02-08T04:21:03,151.05
5506,0007,CAIXA,CARLOS,DEPOSITO,2022-02-06T00:59:20,716.81
9279,0002,CAIXA,FELIPE,SAQUE,2022-02-06T06:30:29,1220.32
2679,0003,ITAU,MARCOS,SAQUE,2022-02-02T14:34:50,603.21
5506,0007,ITAU,CARLOS,DEPOSITO,2022-02-07T11:17:33,654.34
7912,0009,ITAU,CARLOS,DEPOSITO,2022-02-05T23:02:42,695.24
2679,0003,ITAU,ANA,SAQUE,2022-02-06T11:22:33,654.06
4657,0004,SANTANDER,SANDRA,DEPOSITO,2022-02-05T21:45:10,676.84
1434,0003,CAIXA,ANA,DEPOSITO,2022-02-08T20:44:52,829.94
1488,0001,CAIXA,LUCIA,SAQUE,2022-02-08T04:07:07,444.24
1434,0008,SANTANDER,JULIA,DEPOSITO,2022-02-05T05:32:02,212.01
9279,0004,SANTANDER,MARCOS,DEPOSITO,2022-02-08T09:48:25,656.41
2679,0007,SANTANDER,LUCIA,DEPOSITO,2022-02-05T13:40:39,1369.08
4657,0008,ITAU,LUCIA,DEPOSITO,2022-02-04T14:49:39,1378.50
1488,0009,ITAU,CARLOS,SAQUE,2022-02-08T03:49:18,729.44
4657,0003,CAIXA,ANA,SAQUE,2022-02-05T08:18:25,1302.43
2679,0004,ITAU,MARCOS,DEPOSITO,2022-02-04T19:54:49,975.95
1434,0005,SANTANDER,LUCIA,SAQUE,2022-02-01T03:21:54,1163.06
2679,0008,SANTANDER,JOAO,DEPOSITO,2022-02-06T12:21:09,789.05
4582,0005,CAIXA,MARCOS,DEPOSITO,2022-02-08T21:15:13,943.42
7912,0001,CAIXA,PEDRO,DEPOSITO,2022-02-09T23:02:19,194.00
4582,0008,SANTANDER,LUCIA,DEPOSITO,2022-02-05T20:06:18,969.18
1434,0001,ITAU,ANA,DEPOSITO,2022-02-08T21:25:08,608.24
2424,0009,ITAU,ANA,DEPOSITO,2022-02-03T09:09:15,348.32
4582,0008,CAIXA,FELIPE,DEPOSITO,2022-02-01T14:17:00,582.82
7912,0004,CAIXA,PEDRO,DEPOSITO,2022-02-04T06:18:50,1411.23
9279,0001,ITAU,CARLOS,DEPOSITO,2022-02-08T01:20:50,396.75
5506,0008,CAIXA,MARCOS,SAQUE,2022-02-09T13:11:37,1491.27
1434,0001,SANTANDER,FELIPE,SAQUE,2022-02-09T03:18:27,464.56
2679,0008,ITAU,MARCOS,SAQUE,2022-02-05T16:54:09,84.05
1488,0000,SANTANDER,MARIA,SAQUE,2022-02-05T14:38:40,387.20
2679,0003,CAIXA,FELIPE,SAQUE,2022-02-06T07:05:23,577.42
1488,0000,CAIXA,CARLOS,SAQUE,2022-02-07T07:50:26,1391.94
5506,0003,SANTANDER,PEDRO,SAQUE,2022-02-03T20:41:27,846.73
2424,0004,SANTANDER,ANA,SAQUE,2022-02-03T16:57:38,1249.87
9279,0008,SANTANDER,JULIA,SAQUE,2022-02-01T10:37:41,368.10
1434,0000,ITAU,JULIA,SAQUE,2022-02-07T06:01:43,16.82
2679,0006,CAIXA,ANA,SAQUE,2022-02-08T11:47:39,1159.47
2424,0009,CAIXA,JOAO,SAQUE,2022-02-09T22:22:22,373.34
2824,0001,ITAU,MARIA,DEPOSITO,2022-02-10T08:22:50,540.49
2824,0004,SANTANDER,MARIA,DEPOSITO,2022-02-07T13:03:14,897.86
2824,0005,CAIXA,ANA,DEPOSITO,2022-02-03T11:29:46,86.19
1488,0008,ITAU,PEDRO,DEPOSITO,2022-02-06T12:14:42,1048.45
5506,0007,ITAU,SANDRA,SAQUE,2022-02-10T15:45:09,411.77
5506,0003,SANTANDER,JULIA,DEPOSITO,2022-02-02T18:12:16,104.52
4582,0000,SANTANDER,FELIPE,SAQUE,2022-02-02T16:43:59,67.29
2824,0006,SANTANDER,LUCIA,DEPOSITO,2022-02-02T05:32:09,1439.54
1434,0000,CAIXA,PEDRO,DEPOSITO,2022-02-06T17:14:34,217.51
5506,0006,ITAU,PEDRO,DEPOSITO,2022-02-08T14:48:39,1128.39
5506,0009,ITAU,FELIPE,DEPOSITO,2022-02-09T01:24:26,221.93
9279,0000,ITAU,JOAO,DEPOSITO,2022-02-03T07:52:40,607.65
7912,0001,ITAU,JULIA,SAQUE,2022-02-05T16:51:57,1262.33
1488,0003,CAIXA,LUCIA,SAQUE,2022-02-07T12:02:23,748.91
2824,0004,ITAU,MARIA,SAQUE,2022-02-02T01:28:05,445.91
4657,0002,SANTANDER,SANDRA,DEPOSITO,2022-02-05T00:31:06,881.05
1488,0008,CAIXA,JOAO,SAQUE,2022-02-04T21:09:52,1244.91
2679,0002,SANTANDER,LUCIA,SAQUE,2022-02-03T08:24:35,212.21
2424,0002,ITAU,MARCOS,DEPOSITO,2022-02-04T02:57:52,378.70
2424,0005,SANTANDER,FELIPE,SAQUE,2022-02-05T15:11:26,1247.38
4582,0003,SANTANDER,JOAO,DEPOSITO,2022-02-06T05:41:06,268.96
9279,0004,ITAU,JULIA,DEPOSITO,2022-02-10T14:18:57,771.63
4657,0009,SANTANDER,LUCIA,DEPOSITO,2022-02-03T22:15:50,641.61
1434,0009,SANTANDER,PEDRO,DEPOSITO,2022-02-03T22:30:20,1187.25
2824,0001,ITAU,FELIPE,SAQUE,2022-02-01T19:22:17,1119.65
2424,0008,ITAU,MARIA,DEPOSITO,2022-02-02T14:30:56,1377.35
2824,0006,CAIXA,FELIPE,DEPOSITO,2022-02-03T16:48:32,1428.88
4657,0000,CAIXA,JULIA,DEPOSITO,2022-02-05T06:20:14,469.78
1488,0004,SANTANDER,ANA,DEPOSITO,2022-02-08T11:07:51,226.42
2679,0005,CAIXA,MARIA,DEPOSITO,2022-02-02T20:15:24,1289.94
9279,0001,SANTANDER,PEDRO,DEPOSITO,2022-02-02T16:41:31,377.01
1434,0002,ITAU,MARCOS,SAQUE,2022-02-08T10:42:53,705.17
2824,0000,ITAU,MARIA,SAQUE,2022-02-10T04:06:25,889.80
2424,0009,SANTANDER,FELIPE,DEPOSITO,2022-02-04T02:32:33,973.88
7912,0009,SANTANDER,PEDRO,DEPOSITO,2022-02-09T09:48:43,1331.03
5506,0007,SANTANDER,MARCOS,DEPOSITO,2022-02-02T09:19:10,1020.52
1434,0005,SANTANDER,ANA,DEPOSITO,2022-02-06T18:19:18,1423.60
7912,0003,ITAU,MARIA,DEPOSITO,2022-02-03T16:19:06,1365.46
4582,0003,SANTANDER,CARLOS,DEPOSITO,2022-02-02T02:22:51,1031.11
2679,0006,SANTANDER,PEDRO,DEPOSITO,2022-02-08T07:01:23,243.53
1488,0008,SANTANDER,SANDRA,DEPOSITO,2022-02-06T11:01:35,1182.40
7912,0009,CAIXA,MARCOS,DEPOSITO,2022-02-05T10:39:22,1161.59
2824,0001,CAIXA,MARCOS,SAQUE,2022-02-08T21:31:06,11.46
4582,0000,SANTANDER,SANDRA,DEPOSITO,2022-02-03T11:19:41,566.01
4582,0005,CAIXA,MARIA,DEPOSITO,2022-02-03T05:49:07,25.42
1434,0007,ITAU,CARLOS,DEPOSITO,2022-02-07T19:44:08,845.09
1434,0001,CAIXA,JOAO,SAQUE,2022-02-03T03:38:23,1321.94
1488,0007,SANTANDER,CARLOS,SAQUE,2022-02-01T15:51:05,1144.24
9279,0001,SANTANDER,LUCIA,DEPOSITO,2022-02-09T09:34:11,416.98
2679,0003,ITAU,FELIPE,DEPOSITO,2022-02-06T05:34:58,367.74
7912,0008,ITAU,LUCIA,DEPOSITO,2022-02-07T18:08:11,1334.11
4657,0006,ITAU,FELIPE,DEPOSITO,2022-02-04T21:25:44,1308.31
2824,0005,ITAU,JOAO,SAQUE,2022-02-07T16:58:49,99.56
2679,0005,SANTANDER,LUCIA,DEPOSITO,2022-02-09T01:36:54,360.18
1488,0002,CAIXA,PEDRO,DEPOSITO,2022-02-07T18:20:38,56.97
2424,0006,SANTANDER,CARLOS,DEPOSITO,2022-02-08T19:41:06,1088.26
4657,0008,ITAU,LUCIA,DEPOSITO,2022-02-09T07:12:29,810.83
1434,0000,CAIXA,CARLOS,DEPOSITO,2022-02-07T06:43:28,704.13
4582,0007,SANTANDER,MARCOS,SAQUE,2022-02-01T15:32:35,728.39
4657,0007,SANTANDER,ANA,DEPOSITO,2022-02-09T19:00:53,392.90
2824,0003,SANTANDER,LUCIA,SAQUE,2022-02-04T00:25:12,180.07
9279,0007,CAIXA,LUCIA,SAQUE,2022-02-03T17:12:37,165.26
1434,0002,CAIXA,MARIA,DEPOSITO,2022-02-10T13:36:02,1149.47
2424,0009,SANTANDER,JOAO,SAQUE,2022-02-05T11:55:59,549.09
4657,0009,ITAU,ANA,SAQUE,2022-02-05T19:32:24,522.73
9279,0008,CAIXA,MARCOS,SAQUE,2022-02-03T22:55:47,752.79
1488,0009,SANTANDER,FELIPE,SAQUE,2022-02-06T06:04:33,1127.62
2424,0008,CAIXA,CARLOS,DEPOSITO,2022-02-05T23:06:19,210.36
1488,0008,ITAU,PEDRO,DEPOSITO,2022-02-07T02:06:15,564.66
7912,0005,ITAU,PEDRO,SAQUE,2022-02-01T15:38:58,1123.69
2824,0004,SANTANDER,JOAO,SAQUE,2022-02-04T18:02:12,1442.51
1488,0007,SANTANDER,ANA,SAQUE,2022-02-09T22:00:01,642.15
4657,0000,ITAU,FELIPE,DEPOSITO,2022-02-06T03:17:28,1210.25
1488,0002,CAIXA,FELIPE,SAQUE,2022-02-07T07:02:18,286.50
2824,0008,ITAU,CARLOS,SAQUE,2022-02-06T03:09:49,318.74
1434,0004,CAIXA,JOAO,SAQUE,2022-02-07T14:59:13,476.66
2424,0003,CAIXA,JULIA,SAQUE,2022-02-03T17:08:24,1391.19
1488,0008,CAIXA,PEDRO,DEPOSITO,2022-02-07T15:45:17,52.18
4657,0001,CAIXA,SANDRA,DEPOSITO,2022-02-03T20:13:00,608.33
1434,0002,CAIXA,ANA,DEPOSITO,2022-02-09T16:00:27,1171.40
5506,0009,ITAU,ANA,SAQUE,2022-02-05T17:44:21,1403.21
4582,0004,CAIXA,JOAO,DEPOSITO,2022-02-04T07:03:17,75.08
7912,0005,CAIXA,ANA,DEPOSITO,2022-02-06T13:39:02,132.11
1488,0007,ITAU,ANA,SAQUE,2022-02-07T09:08:45,724.92
2424,0007,SANTANDER,JULIA,DEPOSITO,2022-02-08T04:01:07,675.06
2679,0000,CAIXA,MARIA,SAQUE,2022-02-09T22:27:35,793.47
1434,0009,ITAU,MARCOS,SAQUE,2022-02-06T12:48:56,876.64
4657,0008,ITAU,MARIA,DEPOSITO,2022-02-02T17:21:50,1395.49
5506,0004,SANTANDER,FELIPE,SAQUE,2022-02-06T01:17:17,823.97
4657,0007,SANTANDER,JULIA,DEPOSITO,2022-02-07T13:47:22,833.81
5506,0004,ITAU,FELIPE,SAQUE,2022-02-09T09:31:51,324.78
7912,0009,SANTANDER,FELIPE,SAQUE,2022-02-02T05:30:30,308.17
2424,0002,SANTANDER,MARIA,SAQUE,2022-02-03T05:56:35,678.46
9279,0003,CAIXA,SANDRA,SAQUE,2022-02-03T17:34:04,917.12
2679,0009,CAIXA,FELIPE,DEPOSITO,2022-02-03T15:37:41,865.20
4582,0002,ITAU,SANDRA,DEPOSITO,2022-02-03T02:38:46,594.03
5506,0006,CAIXA,LUCIA,SAQUE,2022-02-07T01:54:36,124.52
1488,0004,ITAU,ANA,DEPOSITO,2022-02-09T11:22:41,589.64
5506,0000,CAIXA,PEDRO,DEPOSITO,2022-02-07T11:33:37,710.61
4582,0006,SANTANDER,LUCIA,DEPOSITO,2022-02-08T09:27:16,472.60
2679,0001,CAIXA,ANA,SAQUE,2022-02-05T14:19:20,1127.11
1434,0009,CAIXA,PEDRO,SAQUE,2022-02-03T22:22:27,1045.32
1488,0009,CAIXA,FELIPE,DEPOSITO,2022-02-04T11:11:57,727.93
5506,0002,SANTANDER,ANA,DEPOSITO,2022-02-10T12:28:08,1367.06
7912,0001,CAIXA,JOAO,DEPOSITO,2022-02-09T14:08:54,1252.10
7912,0002,CAIXA,FELIPE,SAQUE,2022-02-06T04:42:40,1249.79
4657,0003,SANTANDER,ANA,DEPOSITO,2022-02-01T12:57:55,614.67
1488,0003,SANTANDER,PEDRO,SAQUE,2022-02-02T06:32:32,543.43
1488,0007,CAIXA,MARIA,DEPOSITO,2022-02-05T19:34:37,149.79
1434,0004,CAIXA,PEDRO,DEPOSITO,2022-02-06T19:04:38,1343.19
2824,0001,CAIXA,MARIA,DEPOSITO,2022-02-06T06:56:51,979.41
4582,0003,CAIXA,JULIA,SAQUE,2022-02-04T10:56:28,212.06
9279,0006,SANTANDER,SANDRA,DEPOSITO,2022-02-06T16:20:31,1056.90
4657,0006,ITAU,FELIPE,SAQUE,2022-02-01T20:50:38,606.69
9279,0007,SANTANDER,SANDRA,SAQUE,2022-02-06T06:59:21,296.24
2824,0007,CAIXA,ANA,DEPOSITO,2022-02-03T20:01:38,723.44
7912,0000,ITAU,ANA,SAQUE,2022-02-03T04:05:28,207.58
2424,0006,ITAU,SANDRA,DEPOSITO,2022-02-01T19:57:30,1218.03
4657,0003,ITAU,PEDRO,SAQUE,2022-02-01T06:17:36,475.88
2679,0000,ITAU,JOAO,SAQUE,2022-02-04T16:27:55,410.00
5506,0007,CAIXA,LUCIA,DEPOSITO,2022-02-04T01:21:14,1042.76
4657,0002,CAIXA,SANDRA,SAQUE,2022-02-05T08:20:29,664.44
2424,0000,ITAU,JULIA,SAQUE,2022-02-05T04:04:02,989.48
5506,0006,CAIXA,SANDRA,SAQUE,2022-02-07T02:16:17,163.54
4582,0001,SANTANDER,JULIA,DEPOSITO,2022-02-06T18:15:05,1346.91
1434,0007,CAIXA,ANA,SAQUE,2022-02-02T05:16:52,1259.77
4657,0007,CAIXA,ANA,SAQUE,2022-02-09T04:29:16,1291.52
2824,0005,CAIXA,PEDRO,SAQUE,2022-02-08T13:39:50,581.16
1488,0008,SANTANDER,SANDRA,DEPOSITO,2022-02-03T04:55:16,62.50
1434,0005,ITAU,CARLOS,SAQUE,2022-02-06T05:25:34,878.80
2424,0002,CAIXA,SANDRA,SAQUE,2022-02-07T14:34:57,358.25
2679,0006,CAIXA,JOAO,DEPOSITO,2022-02-08T16:10:17,1253.80
7912,0000,CAIXA,LUCIA,DEPOSITO,2022-02-04T19:05:25,1177.33
7912,0003,CAIXA,ANA,SAQUE,2022-02-06T05:46:47,13.28
2824,0003,CAIXA,PEDRO,SAQUE,2022-02-03T12:48:23,621.07
1488,0008,SANTANDER,SANDRA,DEPOSITO,2022-02-04T05:03:15,1428.89
2824,0007,CAIXA,FELIPE,SAQUE,2022-02-08T12:26:16,659.91
2824,0006,CAIXA,CARLOS,SAQUE,2022-02-03T05:16:44,1219.78
7912,0003,SANTANDER,JULIA,DEPOSITO,2022-02-08T14:44:50,581.74
5506,0007,CAIXA,MARIA,DEPOSITO,2022-02-03T13:34:21,680.15
2679,0009,SANTANDER,MARIA,DEPOSITO,2022-02-07T21:02:37,1461.38
4582,0006,CAIXA,SANDRA,SAQUE,2022-02-06T21:47:21,1319.92
5506,0009,ITAU,CARLOS,SAQUE,2022-02-03T15:07:27,432.24
9279,0002,CAIXA,MARCOS,SAQUE,2022-02-04T05:25:16,498.92
1434,0009,SANTANDER,JULIA,DEPOSITO,2022-02-10T08:02:58,16.75
1488,0000,SANTANDER,JOAO,DEPOSITO,2022-02-06T14:43:07,830.21
2424,0004,SANTANDER,SANDRA,SAQUE,2022-02-07T08:29:26,1003.77
4657,0008,CAIXA,SANDRA,SAQUE,2022-02-06T01:06:10,690.91
2824,0009,SANTANDER,LUCIA,SAQUE,2022-02-02T02:51:12,880.52
1488,0003,SANTANDER,FELIPE,DEPOSITO,2022-02-10T07:05:12,49.21
5506,0004,SANTANDER,MARCOS,DEPOSITO,2022-02-06T22:01:52,511.72
2679,0003,SANTANDER,MARIA,DEPOSITO,2022-02-02T00:23:53,982.40
2824,0000,CAIXA,LUCIA,DEPOSITO,2022-02-09T02:58:12,582.70
5506,0009,CAIXA,ANA,DEPOSITO,2022-02-03T14:31:46,433.29
5506,0007,CAIXA,CARLOS,SAQUE,2022-02-04T11:08:14,37.78
1434,0006,SANTANDER,MARIA,SAQUE,2022-02-09T16:08:32,618.71
2824,0005,CAIXA,MARIA,SAQUE,2022-02-09T17:27:35,77.89
2679,0009,ITAU,CARLOS,DEPOSITO,2022-02-09T14:51:37,712.73
7912,0001,ITAU,MARIA,SAQUE,2022-02-01T11:47:29,195.31
2424,0005,SANTANDER,PEDRO,SAQUE,2022-02-07T00:57:48,1308.23
1488,0003,CAIXA,JOAO,DEPOSITO,2022-02-10T07:37:57,947.49
2679,0007,CAIXA,JOAO,DEPOSITO,2022-02-06T00:42:04,1140.52
1488,0007,CAIXA,CARLOS,DEPOSITO,2022-02-05T08:16:14,491.38
7912,0008,CAIXA,FELIPE,DEPOSITO,2022-02-10T08:39:45,1156.97
1434,0006,ITAU,SANDRA,SAQUE,2022-02-02T02:34:42,905.61
9279,0008,SANTANDER,JOAO,SAQUE,2022-02-09T16:20:50,229.67
1488,0004,SANTANDER,JULIA,SAQUE,2022-02-01T16:18:01,1140.89
2424,0006,SANTANDER,CARLOS,DEPOSITO,2022-02-03T10:41:21,86.89
2824,0004,CAIXA,JOAO,SAQUE,2022-02-08T07:26:22,324.81
1488,0006,ITAU,SANDRA,SAQUE,2022-02-09T19:26:23,1123.34
1488,0006,SANTANDER,JULIA,DEPOSITO,2022-02-02T21:56:31,1014.66
4582,0008,ITAU,MARCOS,SAQUE,2022-02-09T18:04:50,142.28
9279,0008,SANTANDER,FELIPE,SAQUE,2022-02-05T10:10:25,459.17
1488,0004,SANTANDER,ANA,SAQUE,2022-02-05T19:08:37,1336.39
1434,0003,CAIXA,JULIA,SAQUE,2022-02-07T06:28:46,1047.96
5506,0009,SANTANDER,MARCOS,SAQUE,2022-02-07T02:30:19,404.80
5506,0005,CAIXA,JOAO,DEPOSITO,2022-02-07T04:26:21,1412.01
2824,0007,ITAU,MARIA,DEPOSITO,2022-02-06T15:59:25,674.73
9279,0000,ITAU,MARCOS,SAQUE,2022-02-07T20:29:57,703.94
2424,0008,SANTANDER,JOAO,DEPOSITO,2022-02-06T21:54:35,43.57
1488,0000,ITAU,FELIPE,SAQUE,2022-02-05T08:15:09,899.19
1488,0006,ITAU,FELIPE,SAQUE,2022-02-10T09:21:45,1134.03
4582,0009,SANTANDER,SANDRA,DEPOSITO,2022-02-08T21:29:01,1185.26
2679,0005,ITAU,LUCIA,SAQUE,2022-02-05T10:05:53,565.17
5506,0004,SANTANDER,JOAO,SAQUE,2022-02-07T11:06:32,521.67
7912,0004,SANTANDER,PEDRO,SAQUE,2022-02-03T12:25:53,1431.21
2824,0008,ITAU,LUCIA,DEPOSITO,2022-02-01T12:49:07,1293.93
1488,0000,CAIXA,SANDRA,DEPOSITO,2022-02-10T00:21:25,114.51
1434,0003,CAIXA,MARIA,SAQUE,2022-02-08T08:51:32,125.92
4657,0003,ITAU,SANDRA,SAQUE,2022-02-02T01:29:52,1251.99
2824,0004,SANTANDER,MARIA,DEPOSITO,2022-02-06T12:31:55,1125.82
9279,0004,ITAU,FELIPE,SAQUE,2022-02-06T19:06:13,1097.95
4582,0000,CAIXA,JULIA,SAQUE,2022-02-09T04:56:03,771.57
2424,0003,ITAU,MARCOS,SAQUE,2022-02-08T23:40:56,605.84
7912,0001,SANTANDER,SANDRA,DEPOSITO,2022-02-09T17:29:01,1113.16
1434,0002,SANTANDER,MARIA,SAQUE,2022-02-08T21:03:44,35.00
7912,0009,CAIXA,ANA,DEPOSITO,2022-02-01T03:08:44,1040.57
4582,0001,SANTANDER,ANA,SAQUE,2022-02-04T13:19:54,639.99
7912,0005,ITAU,MARCOS,DEPOSITO,2022-02-06T05:06:26,938.48
4657,0003,SANTANDER,JOAO,DEPOSITO,2022-02-03T17:05:27,538.28
9279,0006,ITAU,CARLOS,DEPOSITO,2022-02-04T19:40:06,469.41
2679,0001,ITAU,JULIA,DEPOSITO,2022-02-09T23:39:49,387.46
7912,0007,ITAU,JOAO,SAQUE,2022-02-04T18:11:17,455.86
7912,0006,CAIXA,MARIA,SAQUE,2022-02-01T06:57:17,430.22
2679,0004,SANTANDER,MARCOS,DEPOSITO,2022-02-02T02:00:14,1259.07
1488,0002,ITAU,JOAO,SAQUE,2022-02-02T05:54:51,723.81
4582,0005,SANTANDER,MARIA,DEPOSITO,2022-02-03T08:49:25,763.17
5506,0003,ITAU,JULIA,SAQUE,2022-02-06T03:57:52,301.44
2679,0001,CAIXA,MARIA,DEPOSITO,2022-02-07T11:39:38,1426.79
5506,0001,CAIXA,ANA,DEPOSITO,2022-02-08T09:31:55,738.55
2824,0002,ITAU,SANDRA,DEPOSITO,2022-02-07T10:17:16,1215.18
4657,0004,SANTANDER,JULIA,SAQUE,2022-02-07T09:12:51,502.14
4657,0009,ITAU,MARIA,DEPOSITO,2022-02-03T13:57:38,330.55
4582,0007,ITAU,JOAO,DEPOSITO,2022-02-09T18:47:00,826.12
1488,0000,ITAU,JULIA,DEPOSITO,2022-02-05T18:17:09,1230.50
4657,0009,SANTANDER,SANDRA,DEPOSITO,2022-02-02T23:49:11,474.52
4582,0009,CAIXA,SANDRA,SAQUE,2022-02-04T00:37:45,1119.40
7912,0008,ITAU,FELIPE,DEPOSITO,2022-02-04T21:40:06,104.34
2424,0002,ITAU,JOAO,DEPOSITO,2022-02-04T16:13:47,1485.32
5506,0001,ITAU,PEDRO,DEPOSITO,2022-02-08T20:49:56,505.19
1488,0007,SANTANDER,LUCIA,DEPOSITO,2022-02-01T13:27:05,487.88
4657,0002,ITAU,JOAO,DEPOSITO,2022-02-07T13:17:26,680.17
2824,0001,SANTANDER,SANDRA,SAQUE,2022-02-07T18:00:39,547.24
2424,0006,CAIXA,MARCOS,SAQUE,2022-02-09T16:17:28,1114.72
4657,0003,CAIXA,JOAO,SAQUE,2022-02-04T18:31:02,1482.05
1434,0000,SANTANDER,ANA,DEPOSITO,2022-02-08T12:53:54,220.63
4657,0009,CAIXA,ANA,DEPOSITO,2022-02-09T09:27:03,631.29
2424,0004,CAIXA,FELIPE,DEPOSITO,2022-02-02T08:34:24,634.83
2679,0005,ITAU,SANDRA,DEPOSITO,2022-02-10T05:38:29,35.73
2424,0003,ITAU,JOAO,DEPOSITO,2022-02-02T14:03:56,1202.09
9279,0001,CAIXA,CARLOS,DEPOSITO,2022-02-02T02:28:45,236.40
1434,0009,SANTANDER,CARLOS,DEPOSITO,2022-02-05T17:04:37,979.07
2824,0008,CAIXA,ANA,DEPOSITO,2022-02-08T18:00:39,798.33
1488,0005,CAIXA,FELIPE,DEPOSITO,2022-02-07T23:44:28,26.57
2679,0008,ITAU,MARIA,SAQUE,2022-02-02T16:44:13,202.96
9279,0000,CAIXA,PEDRO,DEPOSITO,2022-02-01T15:40:31,227.19
1488,0003,SANTANDER,MARIA,SAQUE,2022-02-04T04:06:11,1105.17
2824,0001,ITAU,FELIPE,DEPOSITO,2022-02-02T03:50:05,918.99
4582,0005,CAIXA,LUCIA,SAQUE,2022-02-07T07:08:36,1018.57
4582,0000,CAIXA,JULIA,SAQUE,2022-02-05T16:48:27,33.74
2824,0007,SANTANDER,LUCIA,DEPOSITO,2022-02-03T07:05:06,1189.03
9279,0004,CAIXA,MARIA,SAQUE,2022-02-04T06:50:29,1330.75
4582,0000,ITAU,SANDRA,SAQUE,2022-02-08T02:54:25,72.07
2824,0006,ITAU,JULIA,SAQUE,2022-02-09T10:26:01,659.12
2424,0005,ITAU,FELIPE,SAQUE,2022-02-05T09:19:35,500.55
9279,0004,SANTANDER,JULIA,SAQUE,2022-02-07T06:46:26,800.96
4582,0004,CAIXA,CARLOS,DEPOSITO,2022-02-05T19:30:06,120.36
4657,0002,CAIXA,ANA,DEPOSITO,2022-02-01T08:48:08,1266.59
9279,0009,SANTANDER,PEDRO,SAQUE,2022-02-04T11:29:16,23.59
4582,0006,CAIXA,MARCOS,DEPOSITO,2022-02-08T13:20:32,1132.96
2824,0003,CAIXA,LUCIA,DEPOSITO,2022-02-10T07:26:22,500.61
1434,0000,SANTANDER,MARIA,DEPOSITO,2022-02-09T19:18:08,844.58
4582,0001,ITAU,FELIPE,DEPOSITO,2022-02-07T22:11:03,396.83
1434,0001,ITAU,JOAO,SAQUE,2022-02-03T23:48:56,200.94
1434,0001,CAIXA,CARLOS,SAQUE,2022-02-01T18:29:30,330.43
9279,0007,CAIXA,PEDRO,DEPOSITO,2022-02-05T20:48:34,989.69
2424,0001,SANTANDER,JOAO,SAQUE,2022-02-07T12:05:43,1223.89
2679,0005,ITAU,ANA,DEPOSITO,2022-02-09T03:21:44,557.66
4657,0003,ITAU,JULIA,DEPOSITO,2022-02-01T02:33:48,1078.19
2424,0003,CAIXA,ANA,DEPOSITO,2022-02-01T14:15:01,566.54
2424,0008,SANTANDER,MARIA,SAQUE,2022-02-04T16:54:02,807.41
2824,0001,CAIXA,MARCOS,DEPOSITO,2022-02-05T22:22:36,920.11
2824,0009,SANTANDER,PEDRO,SAQUE,2022-02-09T23:54:24,1460.61
1488,0001,CAIXA,SANDRA,SAQUE,2022-02-02T01:12:23,508.74
5506,0001,CAIXA,PEDRO,DEPOSITO,2022-02-04T23:59:37,1407.07
9279,0000,ITAU,ANA,SAQUE,2022-02-09T16:28:15,419.06
7912,0004,SANTANDER,FELIPE,SAQUE,2022-02-05T18:27:30,1456.39
4657,0009,CAIXA,MARIA,DEPOSITO,2022-02-08T23:58:41,1260.16
2824,0009,SANTANDER,MARCOS,SAQUE,2022-02-03T19:20:41,393.19
2424,0000,ITAU,MARIA,SAQUE,2022-02-05T10:25:29,117.19
2424,0006,CAIXA,SANDRA,SAQUE,2022-02-08T08:31:21,666.49
5506,0003,ITAU,LUCIA,DEPOSITO,2022-02-03T14:15:18,852.93
4582,0002,CAIXA,LUCIA,DEPOSITO,2022-02-03T09:55:21,600.04
7912,0000,ITAU,MARIA,SAQUE,2022-02-02T23:18:34,981.79
1488,0000,CAIXA,ANA,SAQUE,2022-02-10T16:44:46,1141.39
2679,0007,CAIXA,SANDRA,DEPOSITO,2022-02-06T01:34:36,724.60
4582,0002,CAIXA,JULIA,SAQUE,2022-02-09T12:16:57,659.48
1488,0006,SANTANDER,JULIA,DEPOSITO,2022-02-10T17:15:25,419.15
1488,0008,CAIXA,JULIA,DEPOSITO,2022-02-05T03:16:30,117.26
2424,0004,CAIXA,PEDRO,SAQUE,2022-02-07T11:35:22,1193.90
2824,0000,SANTANDER,MARCOS,DEPOSITO,2022-02-05T01:08:06,1393.53
2424,0007,CAIXA,LUCIA,SAQUE,2022-02-02T23:01:13,375.12
2424,0005,SANTANDER,CARLOS,SAQUE,2022-02-10T03:53:20,1285.13
1488,0004,CAIXA,ANA,DEPOSITO,2022-02-10T04:22:09,947.40
7912,0003,SANTANDER,JOAO,DEPOSITO,2022-02-09T11:19:33,169.56
7912,0003,SANTANDER,CARLOS,SAQUE,2022-02-09T08:58:28,1110.94
5506,0006,CAIXA,LUCIA,DEPOSITO,2022-02-05T10:11:58,1471.86
5506,0001,CAIXA,PEDRO,DEPOSITO,2022-02-06T14:19:41,1013.63
7912,0004,SANTANDER,ANA,DEPOSITO,2022-02-05T18:36:21,1372.14
2679,0000,SANTANDER,PEDRO,SAQUE,2022-02-08T20:54:01,602.52
4582,0008,SANTANDER,CARLOS,DEPOSITO,2022-02-08T11:37:37,674.26
9279,0008,SANTANDER,FELIPE,DEPOSITO,2022-02-01T20:55:55,914.65
2824,0000,ITAU,MARIA,DEPOSITO,2022-02-09T07:27:20,238.23
4657,0004,SANTANDER,JOAO,DEPOSITO,2022-02-09T05:52:56,515.19
1488,0003,CAIXA,SANDRA,DEPOSITO,2022-02-09T06:06:33,784.82
2424,0001,SANTANDER,MARIA,SAQUE,2022-02-06T11:41:34,415.45
5506,0000,CAIXA,MARIA,DEPOSITO,2022-02-05T11:25:52,727.30
1488,0000,ITAU,SANDRA,SAQUE,2022-02-09T16:25:12,976.48
5506,0004,CAIXA,CARLOS,SAQUE,2022-02-02T07:45:35,989.29
2824,0009,ITAU,ANA,DEPOSITO,2022-02-08T03:41:26,1091.63
1488,0000,ITAU,MARCOS,SAQUE,2022-02-09T12:13:02,1420.45
9279,0002,ITAU,MARIA,DEPOSITO,2022-02-06T17:11:23,546.31
2824,0008,SANTANDER,LUCIA,DEPOSITO,2022-02-05T03:05:42,193.37
1488,0002,CAIXA,PEDRO,SAQUE,2022-02-04T06:38:57,925.70
5506,0008,CAIXA,JOAO,SAQUE,2022-02-05T08:44:15,208.90
5506,0000,CAIXA,MARIA,SAQUE,2022-02-03T19:07:15,389.30
5506,0001,SANTANDER,MARCOS,SAQUE,2022-02-07T13:37:25,151.89
2679,0001,SANTANDER,PEDRO,SAQUE,2022-02-02T20:12:09,235.96
1434,0001,SANTANDER,MARIA,DEPOSITO,2022-02-09T06:27:18,1252.64
2679,0002,CAIXA,SANDRA,SAQUE,2022-02-05T11:34:15,1250.97
2679,0000,CAIXA,CARLOS,SAQUE,2022-02-10T15:26:44,76.02
1488,0000,SANTANDER,FELIPE,DEPOSITO,2022-02-03T23:30:53,621.71
2824,0004,CAIXA,LUCIA,SAQUE,2022-02-02T07:44:05,37.18
1434,0008,CAIXA,MARCOS,DEPOSITO,2022-02-07T01:36:13,389.18
5506,0009,SANTANDER,PEDRO,SAQUE,2022-02-05T07:50:07,195.48
5506,0004,ITAU,LUCIA,DEPOSITO,2022-02-04T12:38:27,753.98
2424,0002,ITAU,FELIPE,SAQUE,2022-02-08T11:19:40,47.84
4582,0007,ITAU,FELIPE,SAQUE,2022-02-09T07:31:09,528.42
1434,0000,CAIXA,MARCOS,DEPOSITO,2022-02-06T16:04:57,1410.77
1434,0005,CAIXA,LUCIA,SAQUE,2022-02-09T14:11:47,819.06
7912,0002,CAIXA,MARIA,SAQUE,2022-02-05T21:58:55,1023.06
1434,0004,SANTANDER,MARIA,DEPOSITO,2022-02-10T10:33:45,1000.23
2424,0008,ITAU,CARLOS,DEPOSITO,2022-02-03T11:44:57,535.88
2424,0007,SANTANDER,MARIA,SAQUE,2022-02-08T07:12:37,1057.81
2679,0006,SANTANDER,LUCIA,SAQUE,2022-02-07T13:37:37,200.85
4657,0006,CAIXA,FELIPE,DEPOSITO,2022-02-05T06:42:04,353.42
1434,0008,SANTANDER,LUCIA,DEPOSITO,2022-02-01T15:49:17,415.44
1488,0004,SANTANDER,ANA,SAQUE,2022-02-08T13:04:35,956.53
1434,0004,SANTANDER,PEDRO,SAQUE,2022-02-10T10:55:26,724.88
1488,0007,CAIXA,FELIPE,SAQUE,2022-02-01T08:36:12,785.04
5506,0004,SANTANDER,LUCIA,SAQUE,2022-02-03T20:35:58,1013.58
2679,0005,SANTANDER,JULIA,DEPOSITO,2022-02-01T09:25:53,590.85
9279,0009,SANTANDER,ANA,SAQUE,2022-02-09T22:33:53,363.55
2679,0004,SANTANDER,FELIPE,DEPOSITO,2022-02-10T08:30:19,1330.67
7912,0006,ITAU,SANDRA,DEPOSITO,2022-02-02T14:52:08,141.81
5506,0005,SANTANDER,FELIPE,SAQUE,2022-02-03T02:33:33,943.67
2679,0009,ITAU,FELIPE,DEPOSITO,2022-02-10T16:06:59,882.52
5506,0008,SANTANDER,MARIA,SAQUE,2022-02-10T06:56:34,597.53
1488,0005,SANTANDER,JOAO,SAQUE,2022-02-09T14:00:12,1372.92
4657,0003,ITAU,MARIA,SAQUE,2022-02-02T00:21:02,436.75
9279,0006,CAIXA,JULIA,SAQUE,2022-02-05T17:22:24,137.14
2679,0003,ITAU,LUCIA,SAQUE,2022-02-03T14:07:07,225.13
2424,0003,SANTANDER,SANDRA,DEPOSITO,2022-02-09T20:28:22,672.39
2824,0004,CAIXA,FELIPE,SAQUE,2022-02-02T01:28:30,1294.31
2824,0003,ITAU,ANA,DEPOSITO,2022-02-01T23:47:39,51.57
4657,0002,ITAU,PEDRO,DEPOSITO,2022-02-01T19:28:23,492.23
4582,0006,ITAU,MARCOS,DEPOSITO,2022-02-05T19:26:51,817.14
2824,0008,SANTANDER,JULIA,SAQUE,2022-02-05T21:06:54,1318.89
9279,0004,ITAU,LUCIA,DEPOSITO,2022-02-09T02:44:28,1487.16
7912,0009,SANTANDER,JULIA,DEPOSITO,2022-02-05T15:58:00,1165.46
4657,0004,ITAU,LUCIA,SAQUE,2022-02-06T22:42:51,637.39
2679,0003,CAIXA,FELIPE,SAQUE,2022-02-04T12:12:54,229.45
2679,0004,CAIXA,CARLOS,DEPOSITO,2022-02-02T08:05:20,988.59
7912,0004,SANTANDER,PEDRO,DEPOSITO,2022-02-09T05:37:14,347.02
9279,0000,ITAU,MARIA,SAQUE,2022-02-06T07:09:58,392.49
1488,0009,CAIXA,SANDRA,DEPOSITO,2022-02-05T00:08:46,607.90
1434,0007,CAIXA,LUCIA,SAQUE,2022-02-04T02:57:45,1179.09
5506,0002,CAIXA,MARCOS,DEPOSITO,2022-02-02T16:09:36,351.91
2679,0002,CAIXA,SANDRA,SAQUE,2022-02-02T14:01:56,1027.19
7912,0009,SANTANDER,MARIA,DEPOSITO,2022-02-07T16:47:14,289.86
4657,0001,ITAU,MARCOS,DEPOSITO,2022-02-03T05:06:39,698.93
7912,0001,ITAU,FELIPE,DEPOSITO,2022-02-05T22:00:45,960.05
2424,0009,CAIXA,CARLOS,DEPOSITO,2022-02-02T11:01:54,219.49
2679,0007,ITAU,LUCIA,SAQUE,2022-02-04T10:35:08,556.59
2679,0006,CAIXA,SANDRA,DEPOSITO,2022-02-05T13:17:55,306.49
4657,0007,SANTANDER,JOAO,DEPOSITO,2022-02-08T15:08:10,1026.84
4657,0008,SANTANDER,MARIA,SAQUE,2022-02-05T01:07:40,366.58
5506,0002,ITAU,MARIA,SAQUE,2022-02-03T17:29:45,572.30
4657,0005,CAIXA,ANA,DEPOSITO,2022-02-10T08:57:45,463.34
5506,0003,CAIXA,PEDRO,DEPOSITO,2022-02-05T02:20:09,139.30
1488,0001,CAIXA,SANDRA,SAQUE,2022-02-01T05:34:14,853.73
4657,0008,CAIXA,MARCOS,DEPOSITO,2022-02-07T01:40:29,744.25
2679,0008,ITAU,LUCIA,DEPOSITO,2022-02-06T01:45:00,58.66
2424,0007,SANTANDER,SANDRA,SAQUE,2022-02-04T03:58:30,119.83
2679,0009,SANTANDER,FELIPE,SAQUE,2022-02-03T21:37:41,387.52
2824,0002,CAIXA,PEDRO,DEPOSITO,2022-02-07T20:48:10,677.84
2424,0007,ITAU,MARCOS,SAQUE,2022-02-09T04:26:22,691.68
1434,0008,CAIXA,CARLOS,SAQUE,2022-02-05T00:38:25,344.42
1488,0007,ITAU,PEDRO,DEPOSITO,2022-02-06T19:41:47,962.19
2424,0008,SANTANDER,PEDRO,DEPOSITO,2022-02-10T16:33:40,403.65
4657,0007,SANTANDER,MARCOS,SAQUE,2022-02-05T05:12:35,1491.87
1434,0000,CAIXA,JULIA,SAQUE,2022-02-01T14:40:27,1346.39
4657,0001,SANTANDER,MARCOS,DEPOSITO,2022-02-07T15:47:20,1267.11
9279,0007,SANTANDER,LUCIA,SAQUE,2022-02-03T01:20:16,1269.24
2824,0008,SANTANDER,SANDRA,SAQUE,2022-02-09T19:15:42,1228.27
1434,0008,SANTANDER,FELIPE,DEPOSITO,2022-02-06T23:06:13,170.18
5506,0004,SANTANDER,JOAO,SAQUE,2022-02-09T06:17:52,549.47
9279,0005,ITAU,MARCOS,DEPOSITO,2022-02-10T16:16:15,772.49
2824,0007,ITAU,CARLOS,DEPOSITO,2022-02-05T04:30:04,451.10
2424,0003,SANTANDER,SANDRA,DEPOSITO,2022-02-04T05:11:25,917.19
1434,0009,ITAU,CARLOS,DEPOSITO,2022-02-05T16:28:24,1265.85
2424,0003,SANTANDER,CARLOS,DEPOSITO,2022-02-02T16:36:19,335.54
9279,0009,SANTANDER,LUCIA,SAQUE,2022-02-06T14:58:36,1325.90
1434,0009,SANTANDER,MARCOS,DEPOSITO,2022-02-03T13:50:24,1137.73
1434,0005,CAIXA,ANA,SAQUE,2022-02-06T18:32:10,342.00
4582,0008,ITAU,MARCOS,DEPOSITO,2022-02-02T02:58:07,1008.42
2424,0005,ITAU,MARIA,DEPOSITO,2022-02-08T08:00:17,203.72
7912,0000,ITAU,LUCIA,SAQUE,2022-02-09T00:20:25,814.06
1488,0007,ITAU,ANA,DEPOSITO,2022-02-10T12:12:46,296.96
4582,0004,CAIXA,PEDRO,DEPOSITO,2022-02-05T16:30:39,385.82
1488,0007,SANTANDER,LUCIA,SAQUE,2022-02-04T05:24:51,853.34
5506,0008,CAIXA,SANDRA,SAQUE,2022-02-03T09:38:54,985.01
2824,0002,ITAU,CARLOS,SAQUE,2022-02-08T08:30:12,1170.01
4582,0007,SANTANDER,JULIA,SAQUE,2022-02-09T18:28:13,371.24
5506,0000,CAIXA,JOAO,SAQUE,2022-02-07T19:56:59,801.28
1434,0003,ITAU,MARCOS,SAQUE,2022-02-02T12:00:44,375.66
7912,0003,ITAU,JOAO,DEPOSITO,2022-02-04T20:41:06,549.54
2824,0005,SANTANDER,MARIA,DEPOSITO,2022-02-06T01:34:22,1461.90
2679,0003,CAIXA,MARIA,DEPOSITO,2022-02-06T05:40:26,724.71
4582,0006,CAIXA,MARCOS,SAQUE,2022-02-03T06:38:50,50.85
4657,0008,ITAU,SANDRA,DEPOSITO,2022-02-04T02:39:07,261.49
1488,0009,CAIXA,FELIPE,SAQUE,2022-02-06T02:53:10,844.67
9279,0005,CAIXA,ANA,SAQUE,2022-02-10T12:20:06,853.13
4657,0000,ITAU,MARCOS,DEPOSITO,2022-02-09T13:53:14,1241.29
1434,0002,SANTANDER,JOAO,SAQUE,2022-02-03T04:40:57,1197.83
2424,0007,ITAU,SANDRA,SAQUE,2022-02-02T11:32:54,471.47
4582,0008,ITAU,PEDRO,DEPOSITO,2022-02-07T05:38:24,817.43
7912,0003,SANTANDER,LUCIA,SAQUE,2022-02-01T14:07:54,127.09
4582,0005,CAIXA,JOAO,SAQUE,2022-02-02T21:48:12,1030.31
5506,0000,SANTANDER,ANA,DEPOSITO,2022-02-07T00:33:16,132.58
9279,0009,ITAU,JOAO,DEPOSITO,2022-02-07T12:25:04,603.54
2424,0004,ITAU,FELIPE,DEPOSITO,2022-02-04T08:27:50,1303.98
4657,0001,ITAU,MARCOS,SAQUE,2022-02-01T07:18:36,978.85
4582,0006,CAIXA,CARLOS,SAQUE,2022-02-03T03:50:47,386.76
5506,0000,CAIXA,CARLOS,DEPOSITO,2022-02-10T09:30:00,727.11
5506,0003,SANTANDER,JULIA,DEPOSITO,2022-02-08T00:57:12,310.48
2424,0003,CAIXA,ANA,DEPOSITO,2022-02-03T17:03:27,1036.30
2824,0001,SANTANDER,LUCIA,SAQUE,2022-02-02T03:42:15,82.97
9279,0002,SANTANDER,SANDRA,DEPOSITO,2022-02-05T22:59:31,351.39
1434,0008,ITAU,JULIA,SAQUE,2022-02-02T07:08:27,755.25
1434,0004,SANTANDER,FELIPE,SAQUE,2022-02-02T09:13:08,75.98
1434,0005,SANTANDER,SANDRA,SAQUE,2022-02-01T10:09:54,1007.27
7912,0003,CAIXA,FELIPE,DEPOSITO,2022-02-07T21:53:27,78.87
7912,0009,SANTANDER,MARIA,DEPOSITO,2022-02-09T15:26:59,365.03
9279,0009,SANTANDER,LUCIA,SAQUE,2022-02-03T11:40:47,867.27
5506,0003,CAIXA,JULIA,DEPOSITO,2022-02-02T08:08:10,894.15
2424,0006,CAIXA,MARIA,SAQUE,2022-02-02T00:37:01,1217.73
4582,0008,SANTANDER,MARCOS,DEPOSITO,2022-02-03T02:07:02,430.81
2824,0005,SANTANDER,MARCOS,SAQUE,2022-02-02T10:20:16,1047.03
2424,0005,SANTANDER,JULIA,SAQUE,2022-02-08T03:51:15,1241.82
2679,0006,CAIXA,ANA,SAQUE,2022-02-07T08:43:11,905.92
9279,0008,ITAU,FELIPE,DEPOSITO,2022-02-08T01:36:21,457.56
2824,0000,ITAU,CARLOS,SAQUE,2022-02-10T04:59:00,725.22
2824,0009,SANTANDER,JOAO,DEPOSITO,2022-02-05T05:53:10,948.20
5506,0008,ITAU,JULIA,SAQUE,2022-02-05T15:43:35,255.54
1488,0003,CAIXA,MARIA,SAQUE,2022-02-04T19:37:36,1131.50
4582,0006,SANTANDER,LUCIA,DEPOSITO,2022-02-08T00:30:48,923.94
2824,0008,CAIXA,JULIA,DEPOSITO,2022-02-02T14:36:30,964.65
4582,0009,SANTANDER,CARLOS,DEPOSITO,2022-02-09T20:05:58,943.46
9279,0006,SANTANDER,LUCIA,DEPOSITO,2022-02-05T09:18:08,634.24
2424,0004,CAIXA,CARLOS,DEPOSITO,2022-02-03T02:58:03,439.10
7912,0007,ITAU,ANA,DEPOSITO,2022-02-08T07:04:48,555.29
4657,0000,CAIXA,CARLOS,DEPOSITO,2022-02-10T07:35:55,89.05
9279,0006,ITAU,LUCIA,DEPOSITO,2022-02-02T21:17:32,1021.37
2424,0000,ITAU,FELIPE,SAQUE,2022-02-03T07:11:13,284.68
2424,0009,ITAU,JOAO,SAQUE,2022-02-05T01:42:24,1440.40
1434,0006,ITAU,LUCIA,DEPOSITO,2022-02-02T14:45:28,787.34
7912,0005,CAIXA,MARIA,SAQUE,2022-02-04T19:16:27,678.08
5506,0009,SANTANDER,JULIA,DEPOSITO,2022-02-10T07:56:37,1252.76
4657,0001,ITAU,CARLOS,SAQUE,2022-02-10T18:18:37,1183.40
2424,0005,CAIXA,SANDRA,DEPOSITO,2022-02-03T02:29:35,1186.57
2424,0001,ITAU,JOAO,SAQUE,2022-02-03T22:54:55,1095.61
4582,0009,ITAU,LUCIA,DEPOSITO,2022-02-07T22:00:44,223.44
2424,0002,CAIXA,LUCIA,SAQUE,2022-02-06T14:07:21,457.91
9279,0006,CAIXA,JOAO,SAQUE,2022-02-07T04:40:23,227.02
2824,0005,CAIXA,MARIA,SAQUE,2022-02-01T17:23:07,397.11
1434,0005,CAIXA,PEDRO,DEPOSITO,2022-02-07T01:36:23,606.82
2824,0009,ITAU,LUCIA,SAQUE,2022-02-05T12:01:31,669.88
1434,0004,CAIXA,SANDRA,DEPOSITO,2022-02-03T21:26:08,465.61
1434,0005,CAIXA,LUCIA,SAQUE,2022-02-03T15:50:50,486.00
1488,0001,SANTANDER,MARIA,DEPOSITO,2022-02-07T20:36:18,774.94
4657,0006,ITAU,PEDRO,DEPOSITO,2022-02-07T06:55:00,1242.58
1488,0006,ITAU,LUCIA,SAQUE,2022-02-05T05:14:21,356.34
7912,0005,SANTANDER,ANA,DEPOSITO,2022-02-02T07:38:59,640.42
2679,0001,ITAU,MARCOS,SAQUE,2022-02-08T00:08:07,42.24
5506,0007,SANTANDER,MARCOS,DEPOSITO,2022-02-03T21:07:51,91.90
7912,0001,ITAU,FELIPE,SAQUE,2022-02-04T02:29:11,81.81
5506,0001,CAIXA,LUCIA,SAQUE,2022-02-05T12:35:38,1065.97
4582,0000,ITAU,MARCOS,DEPOSITO,2022-02-04T07:47:51,1207.92
2824,0002,ITAU,ANA,SAQUE,2022-02-05T20:38:33,1419.99
4657,0005,SANTANDER,SANDRA,DEPOSITO,2022-02-05T14:31:24,563.29
2679,0002,CAIXA,PEDRO,DEPOSITO,2022-02-10T10:34:32,1412.66
5506,0007,SANTANDER,FELIPE,DEPOSITO,2022-02-09T23:31:34,1235.22
4657,0009,CAIXA,PEDRO,SAQUE,2022-02-04T04:03:23,920.75
5506,0001,SANTANDER,MARCOS,DEPOSITO,2022-02-07T02:55:04,506.44
7912,0003,CAIXA,FELIPE,SAQUE,2022-02-03T21:15:56,654.04
2424,0002,CAIXA,ANA,SAQUE,2022-02-01T07:10:37,620.27
2679,0001,CAIXA,CARLOS,DEPOSITO,2022-02-01T23:46:29,1269.61
4582,0008,SANTANDER,CARLOS,DEPOSITO,2022-02-01T04:47:27,480.75
4582,0001,CAIXA,FELIPE,SAQUE,2022-02-02T22:54:15,71.89
2424,0009,SANTANDER,JULIA,SAQUE,2022-02-05T10:30:53,756.45
1488,0004,ITAU,MARCOS,DEPOSITO,2022-02-09T09:51:33,466.05
4582,0002,ITAU,JULIA,DEPOSITO,2022-02-08T06:46:39,1120.29
4657,0007,CAIXA,FELIPE,SAQUE,2022-02-06T03:43:43,1150.28
2679,0003,CAIXA,PEDRO,DEPOSITO,2022-02-07T07:38:45,733.53
2424,0002,SANTANDER,FELIPE,DEPOSITO,2022-02-10T18:53:32,67.01
9279,0003,CAIXA,PEDRO,DEPOSITO,2022-02-07T06:08:05,617.37
5506,0004,CAIXA,MARIA,DEPOSITO,2022-02-09T09:37:48,795.89
1434,0004,SANTANDER,LUCIA,SAQUE,2022-02-09T02:34:39,945.29
2679,0007,ITAU,CARLOS,DEPOSITO,2022-02-03T05:23:11,576.49
4582,0003,ITAU,MARCOS,DEPOSITO,2022-02-02T23:42:19,1074.66
9279,0006,SANTANDER,JOAO,SAQUE,2022-02-03T10:21:18,239.96
1488,0007,CAIXA,CARLOS,SAQUE,2022-02-07T08:19:18,36.44
9279,0003,CAIXA,PEDRO,DEPOSITO,2022-02-08T09:55:23,1155.28
5506,0000,CAIXA,SANDRA,SAQUE,2022-02-04T04:27:24,163.83
2824,0004,SANTANDER,JULIA,DEPOSITO,2022-02-02T01:13:49,623.37
2679,0003,CAIXA,JOAO,DEPOSITO,2022-02-05T16:27:44,1416.29
5506,0008,ITAU,CARLOS,SAQUE,2022-02-07T21:33:06,565.14
4582,0001,CAIXA,FELIPE,SAQUE,2022-02-06T07:39:48,463.44
2824,0006,ITAU,SANDRA,SAQUE,2022-02-03T14:27:14,1233.33
9279,0006,CAIXA,JULIA,DEPOSITO,2022-02-09T01:06:58,1375.00
5506,0003,SANTANDER,ANA,DEPOSITO,2022-02-02T17:19:46,1082.44
1488,0008,CAIXA,CARLOS,SAQUE,2022-02-03T16:24:19,1140.05
1488,0002,SANTANDER,MARCOS,SAQUE,2022-02-01T07:27:43,1193.96
7912,0004,ITAU,MARCOS,SAQUE,2022-02-10T14:05:28,171.32
7912,0007,ITAU,MARIA,SAQUE,2022-02-09T06:12:23,825.78
5506,0000,SANTANDER,ANA,SAQUE,2022-02-02T18:26:03,1000.53
2824,0009,ITAU,MARIA,DEPOSITO,2022-02-05T05:44:19,990.69
2679,0006,CAIXA,JULIA,DEPOSITO,2022-02-08T04:49:21,1002.05
2679,0003,SANTANDER,MARCOS,SAQUE,2022-02-03T23:05:49,950.34
1488,0007,ITAU,ANA,SAQUE,2022-02-05T20:11:36,572.48
4582,0007,ITAU,JOAO,DEPOSITO,2022-02-10T11:05:09,793.97
7912,0009,SANTANDER,SANDRA,DEPOSITO,2022-02-04T21:13:29,443.66
2824,0002,SANTANDER,SANDRA,DEPOSITO,2022-02-07T01:19:04,1479.01
2424,0004,ITAU,SANDRA,SAQUE,2022-02-04T09:09:56,478.00
4657,0003,CAIXA,JULIA,SAQUE,2022-02-05T10:43:36,1042.85
9279,0001,CAIXA,CARLOS,DEPOSITO,2022-02-02T23:18:02,226.46
1488,0007,ITAU,CARLOS,DEPOSITO,2022-02-02T15:12:03,16.22
9279,0008,ITAU,PEDRO,SAQUE,2022-02-05T17:25:49,68.04
2679,0009,CAIXA,ANA,SAQUE,2022-02-05T13:33:45,127.43
7912,0003,ITAU,LUCIA,SAQUE,2022-02-07T08:33:36,162.41
4582,0003,ITAU,MARIA,DEPOSITO,2022-02-06T07:44:10,625.10
2679,0003,SANTANDER,ANA,DEPOSITO,2022-02-07T00:10:31,872.88
1434,0003,SANTANDER,JOAO,SAQUE,2022-02-01T11:53:39,955.98
9279,0004,CAIXA,PEDRO,SAQUE,2022-02-02T19:01:41,133.52
4582,0005,ITAU,MARIA,SAQUE,2022-02-02T23:19:36,461.09
2424,0006,CAIXA,JOAO,DEPOSITO,2022-02-07T16:36:35,384.08
9279,0002,SANTANDER,FELIPE,DEPOSITO,2022-02-03T22:27:26,1303.78
4657,0003,ITAU,MARIA,DEPOSITO,2022-02-01T23:33:12,347.28
1434,0002,SANTANDER,ANA,SAQUE,2022-02-08T17:58:24,1021.77
4582,0004,ITAU,FELIPE,DEPOSITO,2022-02-06T01:09:20,1007.61
4657,0003,CAIXA,LUCIA,SAQUE,2022-02-10T14:01:02,686.76
7912,0001,SANTANDER,FELIPE,DEPOSITO,2022-02-08T13:24:43,1223.73
9279,0004,CAIXA,SANDRA,DEPOSITO,2022-02-09T21:38:20,1333.70
1488,0000,ITAU,JULIA,DEPOSITO,2022-02-01T15:16:45,441.30
2679,0002,ITAU,JOAO,DEPOSITO,2022-02-01T22:24:49,305.03
4657,0006,ITAU,JULIA,DEPOSITO,2022-02-05T05:39:09,474.96
4582,0000,SANTANDER,MARIA,DEPOSITO,2022-02-08T05:08:32,672.95
4582,0009,CAIXA,MARCOS,DEPOSITO,2022-02-06T02:42:04,758.47
9279,0002,SANTANDER,JOAO,DEPOSITO,2022-02-05T18:38:21,1211.94
4582,0006,ITAU,JULIA,SAQUE,2022-02-01T22:15:10,794.58
2824,0001,SANTANDER,JOAO,SAQUE,2022-02-05T19:36:36,1146.76
9279,0009,SANTANDER,ANA,DEPOSITO,2022-02-09T02:44:20,692.01
1488,0006,SANTANDER,LUCIA,SAQUE,2022-02-01T10:03:08,1091.21
1434,0003,SANTANDER,JOAO,SAQUE,2022-02-08T03:12:48,931.17
1488,0004,CAIXA,LUCIA,DEPOSITO,2022-02-02T09:07:38,377.93
2424,0000,ITAU,SANDRA,SAQUE,2022-02-08T17:37:00,142.55
2424,0008,SANTANDER,LUCIA,SAQUE,2022-02-03T02:58:42,35.21
4582,0001,SANTANDER,PEDRO,DEPOSITO,2022-02-07T20:11:34,1057.21
4657,0007,CAIXA,CARLOS,DEPOSITO,2022-02-01T12:38:24,140.51
2424,0002,ITAU,SANDRA,SAQUE,2022-02-04T16:06:48,969.57
2824,0007,ITAU,MARIA,DEPOSITO,2022-02-05T19:15:09,600.29
2424,0008,CAIXA,JOAO,SAQUE,2022-02-07T09:51:44,442.98
1434,0003,CAIXA,JOAO,SAQUE,2022-02-08T19:23:11,1164.60
4582,0006,SANTANDER,JOAO,SAQUE,2022-02-06T18:12:16,779.98
9279,0007,ITAU,FELIPE,DEPOSITO,2022-02-06T14:54:45,1482.46
1488,0008,SANTANDER,MARCOS,SAQUE,2022-02-10T08:58:50,1425.03
4582,0008,CAIXA,SANDRA,SAQUE,2022-02-03T12:55:40,897.32
9279,0002,CAIXA,FELIPE,DEPOSITO,2022-02-01T23:36:53,1398.05
1434,0007,ITAU,CARLOS,DEPOSITO,2022-02-04T11:04:37,1489.12
5506,0001,CAIXA,FELIPE,SAQUE,2022-02-02T03:10:54,437.05
1488,0003,SANTANDER,CARLOS,SAQUE,2022-02-03T21:46:29,426.18
5506,0005,ITAU,SANDRA,SAQUE,2022-02-05T05:50:17,1477.54
4582,0006,CAIXA,SANDRA,DEPOSITO,2022-02-09T08:04:23,725.27
4582,0000,CAIXA,PEDRO,SAQUE,2022-02-01T02:27:43,373.27
5506,0006,CAIXA,SANDRA,DEPOSITO,2022-02-05T23:49:53,583.24
9279,0008,ITAU,CARLOS,DEPOSITO,2022-02-08T12:46:01,1436.29
2824,0004,CAIXA,FELIPE,SAQUE,2022-02-07T23:30:52,332.52
7912,0006,CAIXA,ANA,SAQUE,2022-02-09T19:07:37,764.78
5506,0006,CAIXA,JULIA,SAQUE,2022-02-05T15:38:45,1270.24
2679,0008,CAIXA,ANA,SAQUE,2022-02-05T19:06:48,991.69
2824,0009,ITAU,FELIPE,SAQUE,2022-02-04T00:24:53,1054.93
9279,0007,SANTANDER,FELIPE,SAQUE,2022-02-05T19:50:26,1376.94
4657,0008,ITAU,LUCIA,SAQUE,2022-02-08T20:49:25,552.12
4657,0004,ITAU,MARIA,SAQUE,2022-02-02T12:35:35,915.21
2679,0009,ITAU,MARIA,DEPOSITO,2022-02-08T05:12:03,595.87
1488,0009,CAIXA,MARIA,SAQUE,2022-02-05T22:47:25,595.79
5506,0001,SANTANDER,SANDRA,SAQUE,2022-02-04T16:18:07,33.21
2824,0005,SANTANDER,LUCIA,DEPOSITO,2022-02-03T23:13:25,902.96
1434,0005,SANTANDER,FELIPE,SAQUE,2022-02-10T03:46:47,602.32
4582,0001,ITAU,MARIA,DEPOSITO,2022-02-08T22:58:06,910.46
4582,0007,CAIXA,SANDRA,DEPOSITO,2022-02-01T17:42:19,590.25
4582,0002,SANTANDER,FELIPE,DEPOSITO,2022-02-10T04:30:10,1004.16
9279,0006,CAIXA,CARLOS,DEPOSITO,2022-02-08T04:36:37,628.76
1434,0003,ITAU,JOAO,SAQUE,2022-02-10T03:40:10,1452.23
4582,0003,CAIXA,ANA,DEPOSITO,2022-02-01T02:26:45,1284.57
2424,0009,CAIXA,ANA,DEPOSITO,2022-02-04T18:20:11,800.98
1488,0002,ITAU,LUCIA,SAQUE,2022-02-03T11:22:14,722.33
9279,0006,CAIXA,JOAO,SAQUE,2022-02-07T01:55:16,798.55
2424,0002,CAIXA,CARLOS,SAQUE,2022-02-09T21:09:39,1454.45
2679,0003,ITAU,ANA,DEPOSITO,2022-02-10T10:59:05,1481.86
4657,0003,CAIXA,ANA,DEPOSITO,2022-02-10T04:44:16,621.88
4657,0006,ITAU,CARLOS,SAQUE,2022-02-05T18:03:39,191.13
4657,0004,CAIXA,ANA,DEPOSITO,2022-02-10T08:47:37,626.06
1434,0009,ITAU,PEDRO,SAQUE,2022-02-04T22:23:16,765.05
1488,0005,ITAU,CARLOS,SAQUE,2022-02-01T06:26:56,657.47
1488,0005,SANTANDER,SANDRA,DEPOSITO,2022-02-09T23:56:15,1072.40
2424,0008,ITAU,ANA,DEPOSITO,2022-02-08T19:04:13,1329.41
9279,0009,SANTANDER,ANA,SAQUE,2022-02-04T00:06:57,1333.21
7912,0001,ITAU,SANDRA,SAQUE,2022-02-03T02:16:31,1270.03
2824,0003,SANTANDER,SANDRA,SAQUE,2022-02-04T05:16:57,1144.80
2679,0004,CAIXA,PEDRO,SAQUE,2022-02-09T22:37:09,1152.45
1488,0006,ITAU,FELIPE,DEPOSITO,2022-02-10T14:12:16,120.83
2679,0007,SANTANDER,CARLOS,SAQUE,2022-02-09T16:10:41,46.22
5506,0001,CAIXA,JULIA,SAQUE,2022-02-05T03:21:45,723.57
9279,0003,SANTANDER,LUCIA,SAQUE,2022-02-03T02:42:26,1050.91
1434,0002,CAIXA,SANDRA,DEPOSITO,2022-02-05T09:52:59,265.88
2424,0006,SANTANDER,ANA,DEPOSITO,2022-02-04T07:42:09,1072.73
2424,0004,CAIXA,ANA,DEPOSITO,2022-02-09T21:06:50,624.56
2679,0000,ITAU,LUCIA,DEPOSITO,2022-02-05T00:27:59,227.17
5506,0009,CAIXA,JULIA,DEPOSITO,2022-02-04T23:08:53,271.06
9279,0009,ITAU,SANDRA,SAQUE,2022-02-03T20:19:23,707.93
5506,0001,ITAU,SANDRA,SAQUE,2022-02-08T02:42:08,1465.35
2824,0002,ITAU,SANDRA,DEPOSITO,2022-02-06T13:35:08,389.74
9279,0007,ITAU,FELIPE,SAQUE,2022-02-05T20:07:51,1016.36
2424,0008,SANTANDER,JULIA,SAQUE,2022-02-05T09:32:17,231.14
2824,0005,ITAU,FELIPE,DEPOSITO,2022-02-07T19:55:40,248.87
4582,0001,SANTANDER,PEDRO,DEPOSITO,2022-02-07T16:15:59,1196.76
7912,0009,ITAU,PEDRO,DEPOSITO,2022-02-07T06:06:28,1117.24
7912,0002,ITAU,JOAO,DEPOSITO,2022-02-03T19:05:52,771.80
9279,0006,CAIXA,MARCOS,DEPOSITO,2022-02-08T19:32:23,134.00
2679,0001,ITAU,CARLOS,SAQUE,2022-02-04T14:44:24,1146.12
4657,0009,SANTANDER,ANA,DEPOSITO,2022-02-01T04:00:43,713.18
2824,0002,SANTANDER,LUCIA,SAQUE,2022-02-06T18:58:49,215.21
1488,0004,SANTANDER,ANA,SAQUE,2022-02-06T07:18:23,923.48
5506,0001,SANTANDER,FELIPE,DEPOSITO,2022-02-09T22:54:54,940.81
4657,0007,CAIXA,FELIPE,DEPOSITO,2022-02-05T11:57:06,37.30
2824,0005,ITAU,FELIPE,SAQUE,2022-02-10T09:57:38,1036.07
4582,0006,SANTANDER,CARLOS,DEPOSITO,2022-02-01T15:58:31,319.91
5506,0007,ITAU,LUCIA,SAQUE,2022-02-04T00:10:55,210.61
2824,0005,CAIXA,JULIA,DEPOSITO,2022-02-03T09:33:09,14.20
1488,0009,ITAU,JOAO,DEPOSITO,2022-02-05T02:28:27,1493.69
4582,0009,ITAU,CARLOS,DEPOSITO,2022-02-07T21:16:49,1275.64
2424,0009,SANTANDER,CARLOS,SAQUE,2022-02-06T05:01:07,339.46
4582,0006,ITAU,JULIA,SAQUE,2022-02-04T19:05:31,1093.06
4657,0007,SANTANDER,LUCIA,SAQUE,2022-02-04T03:42:17,566.99
9279,0007,ITAU,FELIPE,SAQUE,2022-02-08T03:06:52,592.54
5506,0003,ITAU,JULIA,SAQUE,2022-02-09T23:59:54,442.32
9279,0004,SANTANDER,FELIPE,SAQUE,2022-02-02T05:45:37,1096.01
2679,0007,CAIXA,ANA,SAQUE,2022-02-03T03:35:52,1246.90
4582,0001,ITAU,ANA,SAQUE,2022-02-05T10:33:47,152.88
2424,0002,CAIXA,SANDRA,SAQUE,2022-02-09T15:27:49,926.76
5506,0001,ITAU,PEDRO,DEPOSITO,2022-02-03T01:24:18,501.55
2679,0007,SANTANDER,PEDRO,DEPOSITO,2022-02-10T17:07:32,208.41
9279,0000,ITAU,JULIA,DEPOSITO,2022-02-08T22:48:55,1476.32
2824,0008,SANTANDER,MARIA,SAQUE,2022-02-09T13:49:12,1112.85
1488,0009,SANTANDER,ANA,SAQUE,2022-02-09T07:05:57,1121.77
7912,0001,SANTANDER,LUCIA,DEPOSITO,2022-02-05T02:06:03,139.54
9279,0003,CAIXA,JULIA,SAQUE,2022-02-06T16:57:17,1253.89
4657,0008,SANTANDER,JULIA,DEPOSITO,2022-02-03T18:28:46,608.78
2824,0001,CAIXA,JULIA,DEPOSITO,2022-02-01T07:52:57,1454.36
9279,0002,CAIXA,JULIA,DEPOSITO,2022-02-08T06:49:14,1062.98
7912,0005,CAIXA,CARLOS,DEPOSITO,2022-02-04T20:14:32,1200.92
2824,0001,CAIXA,PEDRO,SAQUE,2022-02-05T01:46:12,1436.34
5506,0009,SANTANDER,ANA,DEPOSITO,2022-02-10T17:12:14,495.72
1434,0002,ITAU,MARCOS,SAQUE,2022-02-08T08:44:09,672.93
2679,0006,ITAU,PEDRO,SAQUE,2022-02-10T18:22:39,1484.26
9279,0000,SANTANDER,JOAO,SAQUE,2022-02-02T19:41:12,706.93
2679,0009,SANTANDER,FELIPE,DEPOSITO,2022-02-01T02:15:29,1496.01
4657,0001,CAIXA,JULIA,SAQUE,2022-02-01T13:26:49,1368.23
1488,0004,CAIXA,ANA,DEPOSITO,2022-02-03T13:50:09,183.27
1488,0000,SANTANDER,JULIA,SAQUE,2022-02-07T07:48:46,100.57
1434,0003,CAIXA,CARLOS,DEPOSITO,2022-02-07T05:56:23,203.56
2824,0004,ITAU,SANDRA,DEPOSITO,2022-02-07T02:31:08,20.48
1434,0008,CAIXA,FELIPE,DEPOSITO,2022-02-08T00:46:22,1098.48
5506,0004,ITAU,SANDRA,DEPOSITO,2022-02-08T18:35:09,705.15
2679,0003,CAIXA,PEDRO,DEPOSITO,2022-02-06T23:34:45,786.10
2679,0009,CAIXA,MARIA,DEPOSITO,2022-02-09T23:51:09,774.91
2824,0006,CAIXA,CARLOS,DEPOSITO,2022-02-10T09:29:46,823.69
1434,0007,CAIXA,MARCOS,SAQUE,2022-02-01T16:59:34,1048.05
2824,0009,CAIXA,LUCIA,SAQUE,2022-02-08T05:10:58,363.45
9279,0000,SANTANDER,SANDRA,SAQUE,2022-02-04T21:09:19,1174.93
9279,0004,CAIXA,JOAO,DEPOSITO,2022-02-01T14:40:54,1276.50
5506,0000,CAIXA,ANA,SAQUE,2022-02-08T20:34:50,211.80
1434,0002,CAIXA,PEDRO,SAQUE,2022-02-05T09:23:44,1155.20
2824,0006,SANTANDER,CARLOS,DEPOSITO,2022-02-09T23:46:42,1405.66
5506,0009,CAIXA,SANDRA,DEPOSITO,2022-02-07T08:18:36,1382.14
1434,0004,SANTANDER,LUCIA,SAQUE,2022-02-09T15:09:42,1220.44
1488,0008,SANTANDER,JULIA,SAQUE,2022-02-10T06:23:27,681.15
2824,0006,SANTANDER,CARLOS,DEPOSITO,2022-02-07T11:22:30,573.84
1488,0007,SANTANDER,LUCIA,SAQUE,2022-02-09T12:04:07,1263.10
4657,0006,SANTANDER,FELIPE,SAQUE,2022-02-05T19:05:13,703.88
1488,0004,CAIXA,LUCIA,DEPOSITO,2022-02-07T13:48:30,742.98
2679,0001,SANTANDER,ANA,DEPOSITO,2022-02-09T18:29:52,294.21
1434,0009,CAIXA,LUCIA,DEPOSITO,2022-02-06T01:09:58,1357.24
4582,0005,ITAU,MARIA,DEPOSITO,2022-02-05T03:05:47,1431.36
2424,0001,ITAU,FELIPE,DEPOSITO,2022-02-09T09:08:32,1395.25
5506,0002,SANTANDER,ANA,SAQUE,2022-02-09T12:20:24,364.46
4582,0006,ITAU,SANDRA,SAQUE,2022-02-08T07:10:41,242.25
4657,0000,SANTANDER,ANA,DEPOSITO,2022-02-07T00:01:49,409.08
1488,0001,SANTANDER,SANDRA,SAQUE,2022-02-08T04:32:04,1330.48
7912,0007,ITAU,MARIA,SAQUE,2022-02-01T14:17:57,1045.34
1488,0004,SANTANDER,CARLOS,DEPOSITO,2022-02-01T23:32:40,710.69
9279,0004,ITAU,JOAO,SAQUE,2022-02-10T18:54:48,849.77
1434,0002,CAIXA,ANA,DEPOSITO,2022-02-04T02:42:10,831.01
4582,0004,SANTANDER,ANA,SAQUE,2022-02-10T06:14:39,1018.73
7912,0005,ITAU,LUCIA,SAQUE,2022-02-02T08:12:09,1105.06
4582,0001,SANTANDER,JULIA,DEPOSITO,2022-02-08T18:16:16,987.76
5506,0006,CAIXA,JOAO,SAQUE,2022-02-09T12:31:13,634.68
5506,0009,SANTANDER,LUCIA,SAQUE,2022-02-05T00:25:12,562.76
5506,0004,ITAU,LUCIA,DEPOSITO,2022-02-03T15:54:56,1454.59
1434,0000,ITAU,MARCOS,SAQUE,2022-02-07T15:04:12,736.06
1434,0009,ITAU,PEDRO,DEPOSITO,2022-02-03T09:55:37,737.36
7912,0006,SANTANDER,JOAO,SAQUE,2022-02-07T09:25:26,62.69
2424,0009,ITAU,SANDRA,SAQUE,2022-02-02T19:29:20,1084.10
9279,0001,SANTANDER,ANA,DEPOSITO,2022-02-07T22:26:21,233.00
1434,0007,SANTANDER,LUCIA,SAQUE,2022-02-10T11:19:20,165.23
5506,0002,ITAU,MARCOS,DEPOSITO,2022-02-01T21:38:56,1377.35
2824,0000,CAIXA,LUCIA,DEPOSITO,2022-02-03T14:54:27,318.74
7912,0002,SANTANDER,LUCIA,SAQUE,2022-02-06T20:37:47,660.27
1488,0006,CAIXA,ANA,DEPOSITO,2022-02-03T10:29:43,831.34
1434,0005,ITAU,FELIPE,DEPOSITO,2022-02-05T16:10:22,871.21
4657,0005,ITAU,LUCIA,SAQUE,2022-02-06T22:00:59,344.25
7912,0005,CAIXA,CARLOS,DEPOSITO,2022-02-07T20:58:50,1300.18
7912,0008,ITAU,PEDRO,SAQUE,2022-02-04T11:34:16,672.26
9279,0003,CAIXA,MARIA,SAQUE,2022-02-05T00:30:36,934.46
4582,0004,ITAU,MARCOS,DEPOSITO,2022-02-02T20:24:51,1337.09
4582,0002,ITAU,ANA,DEPOSITO,2022-02-07T09:08:02,1042.52
2424,0004,SANTANDER,CARLOS,DEPOSITO,2022-02-04T05:26:32,1353.29
9279,0004,ITAU,JULIA,SAQUE,2022-02-04T08:57:23,214.66
2424,0000,SANTANDER,SANDRA,SAQUE,2022-02-01T07:45:37,1229.53
7912,0001,SANTANDER,ANA,SAQUE,2022-02-05T05:53:45,1376.06
2824,0008,SANTANDER,PEDRO,SAQUE,2022-02-09T12:29:31,829.67
1434,0000,SANTANDER,JULIA,SAQUE,2022-02-01T03:08:38,31.00
4582,0004,ITAU,MARIA,SAQUE,2022-02-10T11:57:23,707.47
2679,0000,ITAU,ANA,SAQUE,2022-02-02T22:42:12,1430.71
2679,0005,SANTANDER,CARLOS,DEPOSITO,2022-02-02T17:48:13,1195.39
4582,0007,SANTANDER,FELIPE,SAQUE,2022-02-06T09:32:21,393.16
2424,0007,SANTANDER,PEDRO,SAQUE,2022-02-07T08:22:28,121.05
1488,0002,CAIXA,CARLOS,SAQUE,2022-02-01T05:10:28,818.70
1434,0001,CAIXA,CARLOS,SAQUE,2022-02-06T19:33:35,465.37
1488,0002,ITAU,FELIPE,DEPOSITO,2022-02-07T10:37:55,704.66
1488,0001,CAIXA,JOAO,DEPOSITO,2022-02-05T11:13:57,839.40
4582,0002,CAIXA,JOAO,DEPOSITO,2022-02-10T16:43:25,1259.30
2824,0003,ITAU,SANDRA,DEPOSITO,2022-02-07T20:08:52,1465.89
4657,0008,ITAU,JULIA,SAQUE,2022-02-09T14:41:53,14.12
5506,0005,ITAU,JULIA,SAQUE,2022-02-02T08:01:43,733.99
4582,0008,SANTANDER,MARCOS,SAQUE,2022-02-09T21:07:45,976.81
2679,0009,SANTANDER,LUCIA,SAQUE,2022-02-06T05:46:56,346.87
2824,0004,ITAU,MARCOS,SAQUE,2022-02-02T22:16:13,684.99
4582,0009,ITAU,LUCIA,SAQUE,2022-02-02T04:46:19,1461.92
9279,0003,CAIXA,LUCIA,SAQUE,2022-02-02T09:00:30,85.98
5506,0007,ITAU,MARIA,DEPOSITO,2022-02-01T05:32:14,1092.50
1488,0009,ITAU,MARIA,SAQUE,2022-02-03T01:42:33,852.37
7912,0009,SANTANDER,LUCIA,DEPOSITO,2022-02-09T06:34:49,27.81
5506,0006,CAIXA,MARIA,SAQUE,2022-02-06T16:17:11,410.86
9279,0000,SANTANDER,CARLOS,SAQUE,2022-02-10T04:06:08,896.55
1434,0000,CAIXA,ANA,SAQUE,2022-02-09T03:14:17,235.51
2824,0002,SANTANDER,ANA,DEPOSITO,2022-02-05T23:54:10,429.11
5506,0002,ITAU,PEDRO,SAQUE,2022-02-10T17:10:22,444.66
1488,0008,SANTANDER,PEDRO,SAQUE,2022-02-08T12:31:47,1406.77
2424,0007,CAIXA,CARLOS,SAQUE,2022-02-02T11:39:08,575.19
9279,0000,CAIXA,MARIA,SAQUE,2022-02-02T03:50:37,749.64
2424,0003,CAIXA,LUCIA,SAQUE,2022-02-08T13:20:09,786.24
4582,0003,ITAU,FELIPE,SAQUE,2022-02-08T12:25:56,416.58
2824,0007,CAIXA,PEDRO,SAQUE,2022-02-03T03:52:37,759.94
4582,0009,CAIXA,MARIA,SAQUE,2022-02-05T02:25:05,390.68
5506,0006,SANTANDER,SANDRA,SAQUE,2022-02-04T05:22:10,321.56
4657,0002,ITAU,ANA,SAQUE,2022-02-02T09:55:28,1107.59
2679,0000,SANTANDER,LUCIA,SAQUE,2022-02-01T22:43:20,1203.01
4657,0006,SANTANDER,CARLOS,SAQUE,2022-02-03T02:25:45,898.72
1488,0007,CAIXA,SANDRA,SAQUE,2022-02-09T04:05:00,185.50
2679,0007,ITAU,MARCOS,DEPOSITO,2022-02-09T11:59:51,979.74
2824,0005,SANTANDER,ANA,DEPOSITO,2022-02-06T04:01:04,988.40
4582,0001,SANTANDER,SANDRA,SAQUE,2022-02-02T17:11:57,997.42
9279,0003,ITAU,JOAO,DEPOSITO,2022-02-07T08:41:37,1235.73
2824,0008,CAIXA,SANDRA,DEPOSITO,2022-02-10T07:04:50,1452.89
4582,0000,ITAU,JOAO,SAQUE,2022-02-05T18:41:55,675.82
9279,0003,SANTANDER,SANDRA,DEPOSITO,2022-02-02T08:17:50,1403.86
4657,0008,ITAU,MARCOS,DEPOSITO,2022-02-06T07:16:37,130.10
5506,0005,CAIXA,MARCOS,SAQUE,2022-02-04T09:09:08,807.65
1434,0003,CAIXA,ANA,SAQUE,2022-02-06T06:43:01,674.56
2679,0008,SANTANDER,SANDRA,SAQUE,2022-02-07T15:53:34,888.62
2824,0008,SANTANDER,MARIA,SAQUE,2022-02-07T07:26:06,425.38
1434,0005,CAIXA,FELIPE,DEPOSITO,2022-02-02T11:44:59,423.68
5506,0009,SANTANDER,SANDRA,DEPOSITO,2022-02-01T03:02:39,629.76
1434,0006,SANTANDER,ANA,SAQUE,2022-02-01T20:44:11,505.98
4657,0005,SANTANDER,CARLOS,DEPOSITO,2022-02-01T10:01:17,778.74
1434,0006,SANTANDER,JULIA,SAQUE,2022-02-06T21:28:21,1183.56
5506,0004,CAIXA,MARIA,SAQUE,2022-02-01T22:27:21,187.05
1488,0007,SANTANDER,CARLOS,DEPOSITO,2022-02-09T14:20:33,1060.82
2679,0007,SANTANDER,LUCIA,SAQUE,2022-02-04T03:35:20,509.58
7912,0008,CAIXA,PEDRO,DEPOSITO,2022-02-02T16:20:38,574.36
9279,0005,CAIXA,JOAO,DEPOSITO,2022-02-03T16:11:15,379.63
7912,0000,SANTANDER,MARCOS,DEPOSITO,2022-02-08T19:16:01,809.97
4657,0005,CAIXA,MARCOS,SAQUE,2022-02-01T20:20:09,633.37
9279,0003,ITAU,FELIPE,DEPOSITO,2022-02-01T06:16:12,819.97
4582,0004,SANTANDER,JULIA,SAQUE,2022-02-10T18:30:47,813.98
5506,0009,CAIXA,FELIPE,SAQUE,2022-02-04T17:07:42,1048.46
2424,0001,CAIXA,MARIA,SAQUE,2022-02-05T09:05:57,571.30
7912,0003,CAIXA,JOAO,DEPOSITO,2022-02-01T10:27:37,789.10
7912,0003,CAIXA,JULIA,DEPOSITO,2022-02-02T00:14:19,514.50
5506,0009,SANTANDER,JULIA,SAQUE,2022-02-01T14:10:59,654.86
7912,0003,SANTANDER,CARLOS,SAQUE,2022-02-07T04:10:02,271.65
1488,0002,CAIXA,MARCOS,DEPOSITO,2022-02-01T15:02:35,499.22
2679,0008,ITAU,PEDRO,DEPOSITO,2022-02-07T15:29:44,1223.59
1488,0004,SANTANDER,ANA,DEPOSITO,2022-02-01T06:58:45,1121.23
9279,0008,CAIXA,JULIA,SAQUE,2022-02-02T15:01:14,1470.44
5506,0005,SANTANDER,CARLOS,DEPOSITO,2022-02-07T15:50:26,646.94
1488,0005,ITAU,ANA,SAQUE,2022-02-01T10:33:31,1110.78
2824,0008,ITAU,JULIA,SAQUE,2022-02-03T20:03:58,678.77
1488,0006,SANTANDER,LUCIA,SAQUE,2022-02-07T14:29:26,281.18
2424,0005,ITAU,MARIA,SAQUE,2022-02-05T05:44:42,725.70
4582,0007,SANTANDER,ANA,SAQUE,2022-02-09T18:00:52,754.56
1434,0008,ITAU,MARIA,DEPOSITO,2022-02-05T09:55:07,516.09
7912,0005,CAIXA,LUCIA,DEPOSITO,2022-02-03T18:21:23,1166.16
2824,0005,SANTANDER,MARIA,SAQUE,2022-02-01T08:41:25,1384.94
2824,0004,CAIXA,LUCIA,DEPOSITO,2022-02-05T04:28:17,503.29
9279,0008,CAIXA,SANDRA,DEPOSITO,2022-02-10T17:52:38,1471.84
9279,0003,CAIXA,LUCIA,SAQUE,2022-02-06T03:08:15,165.35
2824,0004,CAIXA,FELIPE,SAQUE,2022-02-06T04:48:52,1185.19
5506,0004,CAIXA,MARCOS,DEPOSITO,2022-02-10T15:15:28,796.19
2679,0000,CAIXA,LUCIA,SAQUE,2022-02-04T11:13:27,1446.23
7912,0005,CAIXA,CARLOS,SAQUE,2022-02-03T14:27:15,1121.71
5506,0001,CAIXA,FELIPE,DEPOSITO,2022-02-08T09:31:24,432.30
2424,0005,ITAU,MARCOS,SAQUE,2022-02-09T02:06:38,53.22
1434,0000,ITAU,SANDRA,SAQUE,2022-02-08T03:48:48,1410.62
4582,0003,CAIXA,CARLOS,SAQUE,2022-02-06T02:16:01,57.34
4582,0006,ITAU,MARIA,DEPOSITO,2022-02-02T15:36:08,98.14
2679,0008,ITAU,SANDRA,DEPOSITO,2022-02-04T00:23:06,1043.78
5506,0004,CAIXA,CARLOS,DEPOSITO,2022-02-04T02:15:25,821.01
4657,0007,CAIXA,SANDRA,DEPOSITO,2022-02-07T17:44:39,487.50
1488,0008,SANTANDER,LUCIA,DEPOSITO,2022-02-03T17:43:31,555.30
7912,0008,SANTANDER,PEDRO,SAQUE,2022-02-01T08:15:44,611.51
2424,0001,CAIXA,ANA,SAQUE,2022-02-04T22:56:34,115.61
2824,0001,SANTANDER,CARLOS,SAQUE,2022-02-08T03:25:46,699.39
5506,0007,SANTANDER,MARIA,SAQUE,2022-02-05T14:06:48,921.29
7912,0009,CAIXA,MARIA,DEPOSITO,2022-02-05T18:44:08,1035.61
5506,0000,ITAU,FELIPE,SAQUE,2022-02-07T07:47:31,180.95
5506,0005,CAIXA,JULIA,DEPOSITO,2022-02-03T00:49:47,940.16
9279,0003,CAIXA,MARIA,DEPOSITO,2022-02-01T20:04:00,1215.42
2424,0001,ITAU,JULIA,DEPOSITO,2022-02-01T23:44:15,1164.51
9279,0000,CAIXA,FELIPE,DEPOSITO,2022-02-05T15:06:20,147.87
4582,0005,SANTANDER,JOAO,SAQUE,2022-02-03T13:39:43,231.92
2679,0003,ITAU,CARLOS,SAQUE,2022-02-01T09:35:10,700.21
5506,0006,ITAU,JOAO,DEPOSITO,2022-02-09T22:22:03,290.94
2824,0007,CAIXA,FELIPE,DEPOSITO,2022-02-04T12:57:53,1109.36
1488,0000,CAIXA,ANA,DEPOSITO,2022-02-06T09:14:11,1498.02
4657,0003,ITAU,LUCIA,SAQUE,2022-02-10T18:18:02,144.48
5506,0009,CAIXA,MARIA,DEPOSITO,2022-02-08T00:36:23,536.84
1434,0000,ITAU,LUCIA,DEPOSITO,2022-02-06T21:27:14,430.65
2824,0004,ITAU,ANA,DEPOSITO,2022-02-05T00:44:00,1357.31
4657,0006,SANTANDER,FELIPE,DEPOSITO,2022-02-10T13:47:21,1432.67
5506,0008,ITAU,PEDRO,SAQUE,2022-02-09T16:54:43,1203.56
1434,0004,CAIXA,PEDRO,DEPOSITO,2022-02-09T09:47:42,905.23
4657,0005,SANTANDER,ANA,SAQUE,2022-02-06T03:15:58,647.00
4657,0005,ITAU,PEDRO,SAQUE,2022-02-02T11:52:28,1230.89
1488,0003,ITAU,ANA,DEPOSITO,2022-02-09T16:14:29,1325.45
2824,0003,ITAU,PEDRO,DEPOSITO,2022-02-08T06:32:43,147.48
2679,0002,CAIXA,ANA,DEPOSITO,2022-02-08T21:53:03,838.53
7912,0006,ITAU,CARLOS,SAQUE,2022-02-05T11:05:13,460.01
4582,0003,ITAU,SANDRA,DEPOSITO,2022-02-08T05:58:13,1017.39
2679,0006,ITAU,FELIPE,DEPOSITO,2022-02-05T20:26:03,296.37
2424,0008,ITAU,MARCOS,DEPOSITO,2022-02-06T07:38:36,357.92
4582,0006,CAIXA,JOAO,DEPOSITO,2022-02-02T02:52:28,1367.81
9279,0000,ITAU,JULIA,DEPOSITO,2022-02-07T05:31:45,931.39
1488,0005,ITAU,MARIA,DEPOSITO,2022-02-09T20:26:37,176.90
1434,0001,SANTANDER,PEDRO,SAQUE,2022-02-04T06:50:36,1429.50
9279,0004,SANTANDER,LUCIA,SAQUE,2022-02-07T09:20:01,124.15
7912,0001,CAIXA,LUCIA,SAQUE,2022-02-10T04:52:36,686.14
1488,0002,SANTANDER,MARCOS,DEPOSITO,2022-02-05T15:59:53,346.88
2679,0002,ITAU,LUCIA,DEPOSITO,2022-02-08T21:13:59,996.58
9279,0007,ITAU,LUCIA,SAQUE,2022-02-09T11:04:45,1158.11
4582,0004,SANTANDER,SANDRA,SAQUE,2022-02-03T14:01:49,1290.97
1434,0000,SANTANDER,MARCOS,DEPOSITO,2022-02-08T07:03:12,30.36
1488,0005,ITAU,SANDRA,SAQUE,2022-02-08T10:11:44,601.85
4657,0001,CAIXA,PEDRO,SAQUE,2022-02-07T01:44:07,98.31
2824,0007,CAIXA,LUCIA,DEPOSITO,2022-02-01T21:13:52,874.20
2824,0006,ITAU,CARLOS,DEPOSITO,2022-02-03T17:04:04,381.97
9279,0000,SANTANDER,CARLOS,SAQUE,2022-02-10T12:47:43,1335.43
7912,0006,SANTANDER,JULIA,DEPOSITO,2022-02-08T23:44:18,938.35
7912,0005,CAIXA,MARIA,DEPOSITO,2022-02-07T01:39:30,1262.69
5506,0000,SANTANDER,MARIA,DEPOSITO,2022-02-07T18:24:46,1031.99
4657,0009,SANTANDER,MARIA,DEPOSITO,2022-02-10T10:10:05,325.24
7912,0006,SANTANDER,LUCIA,DEPOSITO,2022-02-07T09:22:29,1379.81
1488,0004,CAIXA,MARCOS,DEPOSITO,2022-02-07T00:32:14,826.23
4582,0007,SANTANDER,PEDRO,DEPOSITO,2022-02-07T13:01:06,1429.74
2679,0000,SANTANDER,PEDRO,SAQUE,2022-02-05T12:08:38,390.45
9279,0000,ITAU,CARLOS,SAQUE,2022-02-10T01:04:05,780.72
7912,0007,SANTANDER,CARLOS,DEPOSITO,2022-02-02T03:49:27,741.73
7912,0009,SANTANDER,PEDRO,DEPOSITO,2022-02-05T06:38:35,691.48
5506,0003,SANTANDER,MARCOS,SAQUE,2022-02-04T05:52:05,65.60
2824,0000,ITAU,LUCIA,DEPOSITO,2022-02-10T12:11:40,175.25
2824,0006,CAIXA,MARIA,SAQUE,2022-02-02T10:55:56,275.61
2424,0002,ITAU,CARLOS,DEPOSITO,2022-02-07T15:05:38,118.31
2424,0002,ITAU,JOAO,SAQUE,2022-02-03T11:50:13,1376.98
4582,0001,SANTANDER,JULIA,DEPOSITO,2022-02-10T04:03:53,605.51
2824,0005,CAIXA,MARIA,SAQUE,2022-02-05T08:13:26,574.83
2824,0006,SANTANDER,CARLOS,DEPOSITO,2022-02-10T05:26:20,575.86
1488,0000,CAIXA,MARCOS,DEPOSITO,2022-02-01T10:02:48,1483.07
1434,0001,CAIXA,JOAO,SAQUE,2022-02-05T04:31:59,428.41
4582,0002,ITAU,CARLOS,SAQUE,2022-02-03T21:20:21,52.71
7912,0008,ITAU,SANDRA,SAQUE,2022-02-02T18:11:34,968.86
2824,0005,CAIXA,PEDRO,SAQUE,2022-02-06T19:27:03,1201.79
2424,0003,ITAU,FELIPE,SAQUE,2022-02-03T14:34:46,1118.18
1434,0001,CAIXA,JULIA,SAQUE,2022-02-01T18:13:03,990.60
1488,0000,ITAU,MARCOS,DEPOSITO,2022-02-08T04:37:37,1469.96
4582,0003,ITAU,SANDRA,DEPOSITO,2022-02-05T11:09:33,615.52
2824,0007,ITAU,FELIPE,DEPOSITO,2022-02-09T11:59:44,623.68
9279,0008,ITAU,JOAO,SAQUE,2022-02-03T09:05:31,847.34
1434,0001,CAIXA,LUCIA,SAQUE,2022-02-06T23:56:51,267.35
2824,0005,CAIXA,SANDRA,SAQUE,2022-02-02T14:14:42,1315.65
2424,0004,CAIXA,MARIA,SAQUE,2022-02-10T04:12:42,434.77
9279,0001,SANTANDER,MARIA,SAQUE,2022-02-02T02:43:10,215.90
4582,0007,ITAU,ANA,SAQUE,2022-02-07T03:52:21,520.76
1488,0000,SANTANDER,CARLOS,DEPOSITO,2022-02-06T12:14:34,976.06
1434,0005,ITAU,MARCOS,SAQUE,2022-02-04T22:59:16,1048.71
1488,0003,ITAU,MARIA,DEPOSITO,2022-02-09T17:21:45,1226.01
2679,0009,SANTANDER,ANA,SAQUE,2022-02-09T23:23:14,424.96
4582,0008,CAIXA,FELIPE,DEPOSITO,2022-02-06T11:41:50,89.00
2824,0001,SANTANDER,FELIPE,DEPOSITO,2022-02-08T15:32:43,1027.80
4582,0000,CAIXA,CARLOS,DEPOSITO,2022-02-03T23:49:37,1109.12
7912,0006,SANTANDER,JOAO,SAQUE,2022-02-04T14:06:09,143.89
1488,0006,SANTANDER,MARIA,DEPOSITO,2022-02-07T15:54:41,1182.89
9279,0009,CAIXA,ANA,SAQUE,2022-02-06T00:10:15,1072.28
2424,0001,SANTANDER,FELIPE,DEPOSITO,2022-02-02T18:26:29,81.93
4657,0002,SANTANDER,JOAO,SAQUE,2022-02-06T19:40:38,1426.37
4657,0003,SANTANDER,JULIA,DEPOSITO,2022-02-09T22:24:57,1326.46
4582,0008,CAIXA,LUCIA,SAQUE,2022-02-09T20:15:22,118.75
4657,0002,SANTANDER,SANDRA,DEPOSITO,2022-02-06T03:24:54,182.83
4657,0002,CAIXA,CARLOS,SAQUE,2022-02-09T17:38:37,389.32
9279,0001,SANTANDER,JULIA,DEPOSITO,2022-02-08T02:01:49,99.92
1488,0003,CAIXA,ANA,SAQUE,2022-02-07T00:39:49,1311.01
9279,0000,CAIXA,MARIA,DEPOSITO,2022-02-09T20:16:45,369.35
2679,0003,ITAU,MARCOS,SAQUE,2022-02-06T18:37:46,17.05
4657,0005,ITAU,ANA,SAQUE,2022-02-05T03:28:34,370.95
7912,0004,SANTANDER,JULIA,DEPOSITO,2022-02-03T01:41:43,830.40
2424,0004,CAIXA,SANDRA,DEPOSITO,2022-02-09T04:02:08,925.61
1488,0003,ITAU,LUCIA,DEPOSITO,2022-02-05T11:07:21,816.30
2824,0004,CAIXA,SANDRA,SAQUE,2022-02-06T01:28:36,694.47
4582,0007,ITAU,JULIA,DEPOSITO,2022-02-10T09:56:48,1462.89
1434,0007,SANTANDER,MARCOS,DEPOSITO,2022-02-10T04:19:59,1249.63
4582,0003,CAIXA,LUCIA,DEPOSITO,2022-02-10T12:19:41,736.25
2424,0009,ITAU,JULIA,SAQUE,2022-02-09T15:27:17,1379.38
4582,0009,CAIXA,ANA,DEPOSITO,2022-02-10T17:30:07,753.08
7912,0004,SANTANDER,PEDRO,SAQUE,2022-02-08T07:04:15,761.86
7912,0009,SANTANDER,JOAO,SAQUE,2022-02-09T09:21:26,1299.20
2824,0000,SANTANDER,MARIA,DEPOSITO,2022-02-10T18:39:28,1280.11
9279,0004,SANTANDER,CARLOS,SAQUE,2022-02-06T06:29:15,668.05
7912,0003,ITAU,JOAO,DEPOSITO,2022-02-07T06:35:36,1162.39
5506,0007,ITAU,MARCOS,SAQUE,2022-02-08T02:16:22,752.63
7912,0007,ITAU,PEDRO,SAQUE,2022-02-02T16:39:07,507.43
4582,0006,ITAU,CARLOS,DEPOSITO,2022-02-03T19:51:15,601.83
9279,0006,ITAU,CARLOS,SAQUE,2022-02-05T14:13:09,524.52
2824,0007,CAIXA,LUCIA,DEPOSITO,2022-02-06T16:30:01,1498.65
2679,0001,ITAU,CARLOS,DEPOSITO,2022-02-06T08:07:18,509.17
9279,0001,ITAU,ANA,SAQUE,2022-02-10T02:59:02,702.83
9279,0009,CAIXA,ANA,SAQUE,2022-02-03T12:22:46,1065.05
1488,0004,CAIXA,LUCIA,DEPOSITO,2022-02-05T10:24:58,1082.98
2424,0006,ITAU,CARLOS,DEPOSITO,2022-02-07T01:33:53,299.24
2424,0005,CAIXA,JOAO,DEPOSITO,2022-02-05T09:28:54,232.68
1488,0008,CAIXA,PEDRO,SAQUE,2022-02-10T15:11:09,218.32
1488,0002,ITAU,ANA,DEPOSITO,2022-02-08T02:57:11,512.16
4582,0007,CAIXA,PEDRO,DEPOSITO,2022-02-10T09:26:51,1079.02
2824,0007,ITAU,SANDRA,SAQUE,2022-02-03T14:34:01,222.44
1488,0006,CAIXA,MARCOS,DEPOSITO,2022-02-03T09:45:09,407.98
2424,0002,ITAU,FELIPE,DEPOSITO,2022-02-05T13:01:48,804.73
4582,0000,SANTANDER,MARIA,SAQUE,2022-02-08T16:24:42,1337.37
5506,0002,SANTANDER,PEDRO,SAQUE,2022-02-07T10:39:07,160.53
2424,0000,SANTANDER,CARLOS,SAQUE,2022-02-09T00:09:46,815.13
7912,0002,SANTANDER,MARIA,SAQUE,2022-02-09T11:24:34,460.65
7912,0004,SANTANDER,MARCOS,DEPOSITO,2022-02-09T04:52:20,700.72
9279,0006,CAIXA,LUCIA,SAQUE,2022-02-02T20:27:55,317.33
1434,0006,SANTANDER,SANDRA,SAQUE,2022-02-05T11:43:36,788.37
4582,0006,CAIXA,ANA,DEPOSITO,2022-02-08T00:44:59,957.13
2679,0006,CAIXA,MARCOS,SAQUE,2022-02-09T07:16:01,1371.42
1488,0005,ITAU,PEDRO,DEPOSITO,2022-02-01T08:45:07,1043.14
2424,0001,SANTANDER,SANDRA,SAQUE,2022-02-09T06:28:02,1138.77
2424,0004,SANTANDER,FELIPE,DEPOSITO,2022-02-01T05:29:50,200.37
4582,0004,CAIXA,JULIA,SAQUE,2022-02-10T09:37:11,960.47
2424,0008,ITAU,MARCOS,DEPOSITO,2022-02-07T02:02:39,1485.80
1434,0001,CAIXA,JOAO,SAQUE,2022-02-07T21:03:52,377.45
1488,0003,SANTANDER,SANDRA,DEPOSITO,2022-02-01T02:22:36,1336.96
2424,0005,ITAU,ANA,SAQUE,2022-02-06T18:54:19,228.49
2424,0006,CAIXA,FELIPE,SAQUE,2022-02-10T07:16:39,535.18
2424,0006,CAIXA,MARCOS,SAQUE,2022-02-09T07:11:14,316.79
2824,0007,ITAU,SANDRA,SAQUE,2022-02-08T07:49:48,926.48
2824,0004,SANTANDER,JULIA,SAQUE,2022-02-10T02:49:44,487.37
4582,0003,SANTANDER,CARLOS,SAQUE,2022-02-06T18:58:17,305.60
4657,0007,CAIXA,PEDRO,DEPOSITO,2022-02-10T01:08:55,89.83
2424,0006,CAIXA,ANA,SAQUE,2022-02-05T16:49:36,1410.62
9279,0006,CAIXA,ANA,SAQUE,2022-02-09T01:24:17,1106.39
2824,0003,SANTANDER,ANA,DEPOSITO,2022-02-03T13:39:39,1421.14
2424,0004,ITAU,JOAO,DEPOSITO,2022-02-01T21:07:04,901.60
2824,0003,CAIXA,FELIPE,DEPOSITO,2022-02-01T05:07:00,59.74
4582,0008,ITAU,CARLOS,SAQUE,2022-02-09T21:55:24,1082.80
9279,0003,CAIXA,ANA,SAQUE,2022-02-10T06:08:11,471.22
5506,0000,ITAU,PEDRO,SAQUE,2022-02-08T12:56:45,776.01
1434,0007,CAIXA,MARCOS,SAQUE,2022-02-10T15:17:36,1194.49
2824,0001,CAIXA,PEDRO,SAQUE,2022-02-06T02:55:24,154.12
9279,0006,CAIXA,JULIA,DEPOSITO,2022-02-05T08:03:34,31.57
2824,0000,SANTANDER,JOAO,SAQUE,2022-02-08T01:28:22,658.64
2679,0007,CAIXA,PEDRO,DEPOSITO,2022-02-10T09:49:25,813.95
4582,0001,SANTANDER,MARIA,DEPOSITO,2022-02-08T00:52:34,756.75
2679,0006,SANTANDER,CARLOS,SAQUE,2022-02-02T03:41:24,1378.40
4657,0009,CAIXA,JULIA,SAQUE,2022-02-06T10:59:39,1112.82
1488,0000,SANTANDER,JULIA,DEPOSITO,2022-02-04T09:44:21,1465.23
1488,0003,ITAU,LUCIA,SAQUE,2022-02-08T14:22:56,767.09
7912,0006,ITAU,CARLOS,DEPOSITO,2022-02-01T18:55:03,1122.89
7912,0000,ITAU,JULIA,SAQUE,2022-02-08T11:15:46,427.82
2424,0009,SANTANDER,JOAO,DEPOSITO,2022-02-07T11:59:56,543.91
5506,0004,ITAU,ANA,DEPOSITO,2022-02-02T07:50:23,288.13
2679,0007,ITAU,PEDRO,SAQUE,2022-02-07T09:52:46,104.61
2424,0004,ITAU,MARIA,SAQUE,2022-02-04T14:46:40,635.22
2824,0008,SANTANDER,JOAO,DEPOSITO,2022-02-05T23:17:26,325.79
4657,0002,SANTANDER,MARCOS,SAQUE,2022-02-08T03:51:30,1104.64
4582,0006,CAIXA,FELIPE,DEPOSITO,2022-02-05T04:33:09,274.35
2679,0004,CAIXA,SANDRA,SAQUE,2022-02-05T08:22:25,1051.14
4582,0007,SANTANDER,JULIA,DEPOSITO,2022-02-08T20:10:02,961.33
1488,0006,SANTANDER,FELIPE,SAQUE,2022-02-03T18:38:35,786.49
2424,0007,ITAU,ANA,SAQUE,2022-02-09T02:46:21,1074.83
4582,0005,CAIXA,PEDRO,SAQUE,2022-02-01T02:11:19,480.32
4582,0002,ITAU,MARIA,SAQUE,2022-02-07T09:09:52,297.60
9279,0002,CAIXA,FELIPE,DEPOSITO,2022-02-05T09:09:07,1284.80
4657,0009,SANTANDER,FELIPE,SAQUE,2022-02-05T18:09:57,842.82
5506,0007,SANTANDER,SANDRA,DEPOSITO,2022-02-05T22:56:39,292.64
1434,0006,CAIXA,MARIA,DEPOSITO,2022-02-09T05:46:58,867.62
9279,0002,SANTANDER,CARLOS,SAQUE,2022-02-06T08:14:37,131.41
7912,0009,ITAU,LUCIA,DEPOSITO,2022-02-08T11:51:46,966.60
4657,0009,SANTANDER,ANA,SAQUE,2022-02-09T14:33:54,35.74
1488,0005,ITAU,FELIPE,DEPOSITO,2022-02-03T18:10:30,1444.63
7912,0007,CAIXA,PEDRO,SAQUE,2022-02-03T01:37:40,868.97
9279,0002,SANTANDER,JOAO,DEPOSITO,2022-02-03T16:11:33,1001.93
2424,0005,CAIXA,MARCOS,SAQUE,2022-02-05T07:40:37,788.00
2424,0002,ITAU,MARCOS,SAQUE,2022-02-05T19:17:59,815.94
7912,0007,CAIXA,ANA,SAQUE,2022-02-10T01:49:34,1185.60
5506,0002,SANTANDER,PEDRO,DEPOSITO,2022-02-08T06:30:01,1492.07
4657,0002,CAIXA,MARIA,SAQUE,2022-02-03T03:01:59,1013.92
2679,0002,ITAU,CARLOS,DEPOSITO,2022-02-01T20:34:55,1248.88
1434,0006,ITAU,ANA,DEPOSITO,2022-02-08T13:06:15,1313.45
2679,0008,CAIXA,LUCIA,DEPOSITO,2022-02-08T04:06:51,493.57
1488,0002,SANTANDER,ANA,DEPOSITO,2022-02-02T21:58:21,649.49
2679,0009,ITAU,MARIA,SAQUE,2022-02-09T10:21:01,836.91
2424,0003,ITAU,LUCIA,SAQUE,2022-02-08T00:19:43,953.57
4657,0002,ITAU,JOAO,SAQUE,2022-02-03T01:39:08,55.95
2679,0002,SANTANDER,LUCIA,DEPOSITO,2022-02-01T03:48:31,1190.98
4582,0000,SANTANDER,JOAO,DEPOSITO,2022-02-07T20:16:24,1412.72
4657,0009,SANTANDER,CARLOS,DEPOSITO,2022-02-09T14:24:43,1315.90
2679,0006,SANTANDER,FELIPE,SAQUE,2022-02-10T11:39:38,66.83
5506,0007,SANTANDER,CARLOS,SAQUE,2022-02-07T22:57:55,402.78
4582,0004,ITAU,LUCIA,SAQUE,2022-02-07T04:10:03,1244.67
1434,0003,ITAU,MARCOS,SAQUE,2022-02-06T07:58:52,517.32
9279,0000,ITAU,SANDRA,SAQUE,2022-02-01T13:55:34,861.53
1434,0007,SANTANDER,SANDRA,SAQUE,2022-02-02T19:46:05,126.48
9279,0004,ITAU,SANDRA,SAQUE,2022-02-08T23:34:43,686.91
2679,0000,SANTANDER,MARIA,DEPOSITO,2022-02-08T16:45:02,1014.98
5506,0006,ITAU,CARLOS,SAQUE,2022-02-08T09:01:23,911.18
9279,0005,CAIXA,FELIPE,SAQUE,2022-02-04T13:18:28,1407.85
2424,0003,SANTANDER,CARLOS,DEPOSITO,2022-02-04T15:34:49,709.43
2424,0005,CAIXA,SANDRA,DEPOSITO,2022-02-10T13:57:39,210.78
2424,0004,ITAU,MARCOS,SAQUE,2022-02-10T07:02:22,136.36
1488,0000,CAIXA,JULIA,SAQUE,2022-02-10T09:47:19,658.73
2679,0009,CAIXA,JULIA,DEPOSITO,2022-02-05T22:36:32,412.40
2424,0001,SANTANDER,CARLOS,SAQUE,2022-02-02T14:29:04,979.20
2824,0007,ITAU,ANA,SAQUE,2022-02-09T09:16:12,1121.56
7912,0006,ITAU,FELIPE,SAQUE,2022-02-07T02:55:34,1234.57
1488,0001,ITAU,ANA,SAQUE,2022-02-03T06:19:21,230.46
2679,0001,CAIXA,MARIA,SAQUE,2022-02-01T02:17:41,1248.40
9279,0005,ITAU,JULIA,SAQUE,2022-02-01T20:18:15,904.30
4582,0001,CAIXA,MARIA,DEPOSITO,2022-02-02T21:50:34,515.82
1488,0002,CAIXA,PEDRO,SAQUE,2022-02-02T03:37:34,306.83
5506,0009,CAIXA,JOAO,SAQUE,2022-02-01T06:56:47,1378.63
7912,0005,CAIXA,PEDRO,SAQUE,2022-02-04T00:38:25,999.18
1434,0000,SANTANDER,FELIPE,DEPOSITO,2022-02-02T20:52:39,910.75
4657,0000,ITAU,PEDRO,DEPOSITO,2022-02-04T10:49:27,1191.32
1488,0008,SANTANDER,JULIA,SAQUE,2022-02-04T07:21:03,772.87
4582,0005,ITAU,SANDRA,DEPOSITO,2022-02-04T18:33:51,1036.87
1488,0002,ITAU,FELIPE,SAQUE,2022-02-02T20:59:26,1396.53
4582,0007,CAIXA,MARCOS,DEPOSITO,2022-02-09T00:20:10,758.35
7912,0004,SANTANDER,SANDRA,SAQUE,2022-02-04T20:36:06,234.40
5506,0001,CAIXA,MARCOS,SAQUE,2022-02-09T07:56:59,1218.04
5506,0005,SANTANDER,MARCOS,SAQUE,2022-02-10T12:12:31,1458.88
7912,0006,CAIXA,PEDRO,SAQUE,2022-02-07T13:23:46,758.38
7912,0005,CAIXA,MARCOS,DEPOSITO,2022-02-04T16:08:38,478.71
9279,0003,CAIXA,MARIA,DEPOSITO,2022-02-01T21:47:12,497.13
4582,0006,SANTANDER,JULIA,DEPOSITO,2022-02-05T02:32:23,834.77
2679,0005,CAIXA,MARIA,SAQUE,2022-02-10T00:31:59,353.30
9279,0004,SANTANDER,MARCOS,DEPOSITO,2022-02-04T06:24:22,20.60
4582,0003,ITAU,CARLOS,SAQUE,2022-02-09T16:29:11,1373.47
2679,0008,ITAU,JULIA,SAQUE,2022-02-09T15:57:21,455.85
1488,0002,CAIXA,ANA,DEPOSITO,2022-02-04T21:22:49,942.40
1488,0002,SANTANDER,PEDRO,SAQUE,2022-02-08T10:04:25,837.61
4582,0008,SANTANDER,ANA,SAQUE,2022-02-09T01:21:45,201.31
1488,0007,CAIXA,FELIPE,SAQUE,2022-02-04T06:47:39,1187.62
2824,0000,SANTANDER,FELIPE,DEPOSITO,2022-02-02T01:52:04,1209.85
9279,0000,SANTANDER,ANA,SAQUE,2022-02-05T08:46:31,1397.75
1434,0008,ITAU,PEDRO,DEPOSITO,2022-02-10T17:51:28,113.00
2824,0009,SANTANDER,FELIPE,SAQUE,2022-02-04T00:53:04,347.90
4582,0002,ITAU,ANA,SAQUE,2022-02-06T18:14:07,1264.58
1488,0000,SANTANDER,LUCIA,DEPOSITO,2022-02-04T18:13:00,1189.82
2679,0001,CAIXA,SANDRA,SAQUE,2022-02-09T17:18:58,552.80
2679,0002,SANTANDER,CARLOS,DEPOSITO,2022-02-07T10:34:22,1103.16
7912,0002,SANTANDER,JULIA,SAQUE,2022-02-09T17:03:30,89.99
1488,0008,SANTANDER,SANDRA,DEPOSITO,2022-02-04T04:24:20,753.72
1434,0007,ITAU,PEDRO,DEPOSITO,2022-02-04T14:06:58,741.66
1488,0009,SANTANDER,PEDRO,DEPOSITO,2022-02-03T08:20:02,248.67
4582,0000,SANTANDER,JOAO,DEPOSITO,2022-02-06T09:57:15,1394.77
2679,0006,SANTANDER,PEDRO,DEPOSITO,2022-02-09T23:15:25,1471.04
9279,0000,ITAU,JULIA,SAQUE,2022-02-06T19:27:27,471.38
2424,0001,SANTANDER,MARCOS,DEPOSITO,2022-02-05T18:13:57,339.56
2424,0005,ITAU,LUCIA,DEPOSITO,2022-02-06T12:57:25,1011.59
2679,0005,ITAU,JULIA,DEPOSITO,2022-02-03T06:48:36,189.02
2424,0003,ITAU,SANDRA,DEPOSITO,2022-02-07T04:44:00,1289.49
2424,0000,CAIXA,MARCOS,SAQUE,2022-02-02T17:01:36,1146.21
2824,0001,CAIXA,PEDRO,DEPOSITO,2022-02-01T05:19:32,304.37
4582,0004,SANTANDER,SANDRA,SAQUE,2022-02-09T02:59:27,859.18
5506,0006,ITAU,CARLOS,DEPOSITO,2022-02-07T16:16:41,1332.29
1488,0001,CAIXA,ANA,DEPOSITO,2022-02-04T07:10:18,386.04
2824,0004,SANTANDER,JOAO,DEPOSITO,2022-02-07T09:48:15,177.57
4657,0007,SANTANDER,FELIPE,DEPOSITO,2022-02-03T06:54:23,1450.64
9279,0007,SANTANDER,PEDRO,SAQUE,2022-02-02T03:49:39,840.42
2679,0002,ITAU,JULIA,DEPOSITO,2022-02-04T03:37:01,1186.03
2679,0001,CAIXA,CARLOS,SAQUE,2022-02-05T11:22:06,873.28
9279,0009,ITAU,JOAO,DEPOSITO,2022-02-04T01:57:49,119.14
1488,0004,SANTANDER,FELIPE,DEPOSITO,2022-02-06T01:32:54,1146.96
9279,0004,CAIXA,SANDRA,SAQUE,2022-02-05T22:31:47,274.13
1488,0001,CAIXA,MARCOS,SAQUE,2022-02-07T23:31:25,737.29
2824,0002,SANTANDER,CARLOS,DEPOSITO,2022-02-10T11:59:31,320.84
2679,0007,CAIXA,JOAO,DEPOSITO,2022-02-03T18:11:28,881.39
9279,0005,ITAU,JULIA,SAQUE,2022-02-10T15:12:53,276.94
2424,0002,SANTANDER,PEDRO,DEPOSITO,2022-02-07T00:49:11,1022.57
1488,0009,ITAU,LUCIA,DEPOSITO,2022-02-02T01:58:40,150.03
2824,0000,ITAU,MARIA,SAQUE,2022-02-01T02:09:33,793.28
1434,0005,ITAU,PEDRO,SAQUE,2022-02-07T03:33:09,1458.01
2679,0004,ITAU,JOAO,DEPOSITO,2022-02-09T21:35:34,139.68
1434,0007,SANTANDER,CARLOS,SAQUE,2022-02-09T15:09:34,1240.02
1488,0003,CAIXA,SANDRA,DEPOSITO,2022-02-06T22:15:22,520.51
2424,0008,CAIXA,LUCIA,SAQUE,2022-02-08T00:47:15,686.74
1434,0004,ITAU,PEDRO,SAQUE,2022-02-01T12:44:45,683.61
7912,0004,SANTANDER,LUCIA,DEPOSITO,2022-02-06T15:31:00,1144.90
2424,0009,CAIXA,PEDRO,DEPOSITO,2022-02-07T06:19:38,95.13
1434,0008,ITAU,MARCOS,DEPOSITO,2022-02-05T11:50:48,1344.75
1434,0006,ITAU,MARIA,SAQUE,2022-02-06T11:23:55,1373.36
5506,0000,CAIXA,MARCOS,SAQUE,2022-02-02T11:46:28,20.60
9279,0006,CAIXA,SANDRA,DEPOSITO,2022-02-06T17:59:07,1251.97
2424,0003,SANTANDER,ANA,SAQUE,2022-02-08T04:50:55,16.86
2679,0001,CAIXA,CARLOS,SAQUE,2022-02-01T12:16:10,1133.94
2679,0004,SANTANDER,SANDRA,SAQUE,2022-02-05T07:05:53,308.70
1488,0004,SANTANDER,SANDRA,SAQUE,2022-02-09T13:04:11,1245.62
1488,0005,SANTANDER,JOAO,SAQUE,2022-02-05T17:33:27,86.08
5506,0009,SANTANDER,CARLOS,SAQUE,2022-02-10T08:58:46,990.20
2424,0004,CAIXA,JOAO,SAQUE,2022-02-09T01:06:59,782.18
4657,0001,SANTANDER,JOAO,SAQUE,2022-02-10T02:58:10,1458.95
5506,0007,CAIXA,PEDRO,SAQUE,2022-02-04T03:42:38,1281.97
1488,0008,SANTANDER,ANA,SAQUE,2022-02-05T12:16:32,45.04
2679,0009,SANTANDER,ANA,DEPOSITO,2022-02-04T09:34:49,843.15
5506,0007,ITAU,MARIA,DEPOSITO,2022-02-04T05:26:44,966.11
9279,0003,ITAU,MARCOS,SAQUE,2022-02-01T11:34:18,426.69
2679,0001,SANTANDER,MARIA,DEPOSITO,2022-02-03T11:58:34,802.82
4657,0006,SANTANDER,SANDRA,DEPOSITO,2022-02-08T10:56:36,287.93
2679,0007,CAIXA,SANDRA,SAQUE,2022-02-10T01:43:55,461.39
1488,0007,SANTANDER,JOAO,DEPOSITO,2022-02-06T15:40:14,717.33
1488,0005,CAIXA,FELIPE,SAQUE,2022-02-05T18:37:09,11.95
7912,0004,SANTANDER,JOAO,DEPOSITO,2022-02-01T15:27:38,478.20
1434,0004,ITAU,JULIA,DEPOSITO,2022-02-06T13:44:09,1305.33
2824,0004,SANTANDER,PEDRO,SAQUE,2022-02-06T18:11:57,1387.54
1488,0005,SANTANDER,CARLOS,SAQUE,2022-02-04T02:13:29,1120.89
1434,0005,ITAU,PEDRO,SAQUE,2022-02-05T03:52:00,404.04
4582,0002,ITAU,SANDRA,SAQUE,2022-02-01T22:25:47,1229.06
2679,0002,CAIXA,ANA,SAQUE,2022-02-06T22:45:37,659.95
2679,0000,CAIXA,SANDRA,SAQUE,2022-02-04T17:11:35,181.33
1488,0003,ITAU,MARCOS,SAQUE,2022-02-06T18:47:50,853.01
2824,0006,SANTANDER,PEDRO,DEPOSITO,2022-02-04T06:52:09,646.40
2679,0009,ITAU,MARCOS,SAQUE,2022-02-06T19:52:57,411.69
7912,0004,ITAU,MARIA,DEPOSITO,2022-02-05T06:16:25,1419.30
2679,0008,SANTANDER,ANA,SAQUE,2022-02-05T23:37:07,53.20
2679,0002,ITAU,CARLOS,SAQUE,2022-02-02T02:54:34,100.09
2424,0002,ITAU,SANDRA,DEPOSITO,2022-02-09T19:27:14,366.34
9279,0000,SANTANDER,SANDRA,DEPOSITO,2022-02-07T01:23:42,199.79
1488,0006,SANTANDER,SANDRA,SAQUE,2022-02-02T07:56:10,1440.33
2679,0007,SANTANDER,CARLOS,SAQUE,2022-02-09T12:04:07,23.38
2424,0001,ITAU,SANDRA,DEPOSITO,2022-02-08T17:00:12,1140.16
4582,0008,CAIXA,LUCIA,SAQUE,2022-02-07T02:33:09,408.32
2824,0003,ITAU,PEDRO,SAQUE,2022-02-09T22:56:28,667.64
5506,0008,ITAU,LUCIA,DEPOSITO,2022-02-10T10:00:53,388.91
4582,0000,SANTANDER,CARLOS,SAQUE,2022-02-09T11:06:02,993.30
4582,0009,ITAU,SANDRA,DEPOSITO,2022-02-07T07:49:44,724.02
2679,0006,CAIXA,PEDRO,DEPOSITO,2022-02-07T19:28:56,1301.64
2424,0008,CAIXA,CARLOS,SAQUE,2022-02-02T02:11:04,376.10
2824,0000,SANTANDER,JULIA,SAQUE,2022-02-07T04:28:48,1121.71
1488,0007,ITAU,LUCIA,SAQUE,2022-02-08T05:15:08,1494.81
2424,0007,CAIXA,ANA,DEPOSITO,2022-02-05T14:22:20,697.14
4582,0002,CAIXA,MARIA,DEPOSITO,2022-02-08T16:08:14,640.76
4582,0005,CAIXA,MARIA,DEPOSITO,2022-02-08T23:07:18,318.02
4582,0009,ITAU,SANDRA,SAQUE,2022-02-03T17:52:00,577.84
5506,0000,ITAU,PEDRO,SAQUE,2022-02-05T22:28:19,1276.03
1434,0002,SANTANDER,PEDRO,DEPOSITO,2022-02-08T21:17:05,665.85
9279,0006,ITAU,JOAO,DEPOSITO,2022-02-09T08:55:16,1208.42
1434,0001,ITAU,LUCIA,DEPOSITO,2022-02-08T16:59:59,227.49
7912,0006,ITAU,FELIPE,SAQUE,2022-02-04T15:12:20,16.52
2424,0003,ITAU,JULIA,DEPOSITO,2022-02-10T06:53:47,1052.68
4582,0009,ITAU,LUCIA,SAQUE,2022-02-02T14:20:30,797.23
9279,0006,CAIXA,LUCIA,SAQUE,2022-02-04T13:56:49,453.01
1434,0008,ITAU,MARIA,SAQUE,2022-02-06T23:28:52,1137.17
5506,0001,ITAU,SANDRA,DEPOSITO,2022-02-09T18:50:44,413.63
2679,0005,SANTANDER,JULIA,DEPOSITO,2022-02-02T02:44:57,568.37
2424,0000,ITAU,ANA,DEPOSITO,2022-02-02T18:18:50,1149.39
2679,0001,ITAU,SANDRA,SAQUE,2022-02-02T06:46:29,1303.43
2424,0003,CAIXA,MARIA,SAQUE,2022-02-09T09:46:42,973.32
4582,0006,ITAU,FELIPE,SAQUE,2022-02-08T06:27:13,1358.84
1434,0001,SANTANDER,JULIA,DEPOSITO,2022-02-09T22:07:10,867.03
5506,0007,CAIXA,JOAO,SAQUE,2022-02-09T06:45:45,587.64
5506,0007,CAIXA,JOAO,SAQUE,2022-02-02T11:37:41,881.95
2424,0000,ITAU,SANDRA,DEPOSITO,2022-02-04T14:00:41,985.07
1434,0001,SANTANDER,PEDRO,SAQUE,2022-02-06T02:22:53,49.88
2679,0003,ITAU,MARIA,DEPOSITO,2022-02-05T02:58:59,558.72
9279,0001,SANTANDER,LUCIA,DEPOSITO,2022-02-06T12:11:12,999.43
2824,0001,CAIXA,MARCOS,SAQUE,2022-02-07T01:44:15,945.10
4657,0005,ITAU,ANA,SAQUE,2022-02-09T16:19:33,432.97
1434,0006,SANTANDER,JULIA,SAQUE,2022-02-04T14:06:50,231.09
9279,0007,CAIXA,SANDRA,SAQUE,2022-02-01T07:03:13,927.39
2824,0003,SANTANDER,JOAO,SAQUE,2022-02-08T08:48:43,1340.13
4657,0004,SANTANDER,SANDRA,SAQUE,2022-02-04T07:19:31,698.15
2424,0008,ITAU,ANA,DEPOSITO,2022-02-05T05:23:39,1019.84
5506,0007,ITAU,ANA,SAQUE,2022-02-03T18:27:52,552.38
4582,0004,SANTANDER,MARCOS,SAQUE,2022-02-08T15:51:59,675.66
9279,0005,CAIXA,FELIPE,DEPOSITO,2022-02-02T22:40:17,1367.79
2824,0001,ITAU,MARCOS,SAQUE,2022-02-01T20:22:22,547.07
4582,0007,SANTANDER,PEDRO,SAQUE,2022-02-08T19:37:30,163.80
2824,0001,SANTANDER,JOAO,SAQUE,2022-02-04T00:11:29,511.22
2424,0005,ITAU,SANDRA,SAQUE,2022-02-05T11:58:49,1332.72
9279,0004,SANTANDER,CARLOS,DEPOSITO,2022-02-10T17:27:37,313.27
1434,0001,ITAU,JULIA,DEPOSITO,2022-02-10T13:57:41,845.13
4582,0000,ITAU,JOAO,DEPOSITO,2022-02-06T03:39:49,54.65
9279,0003,SANTANDER,FELIPE,SAQUE,2022-02-05T02:06:21,142.30
9279,0009,ITAU,ANA,DEPOSITO,2022-02-08T02:45:54,942.36
1434,0006,ITAU,PEDRO,SAQUE,2022-02-01T15:33:31,838.42
2679,0003,SANTANDER,CARLOS,DEPOSITO,2022-02-07T08:52:18,790.03
2679,0006,CAIXA,LUCIA,DEPOSITO,2022-02-05T14:23:26,59.78
7912,0007,ITAU,FELIPE,DEPOSITO,2022-02-03T13:41:28,170.96
1488,0006,CAIXA,CARLOS,SAQUE,2022-02-08T12:05:13,82.25
4582,0005,ITAU,PEDRO,SAQUE,2022-02-08T05:11:50,372.06
4657,0003,CAIXA,PEDRO,SAQUE,2022-02-09T00:50:34,782.95
9279,0003,ITAU,SANDRA,DEPOSITO,2022-02-04T12:37:09,797.04
2824,0005,CAIXA,CARLOS,SAQUE,2022-02-04T02:27:55,654.09
4657,0005,SANTANDER,LUCIA,DEPOSITO,2022-02-09T13:47:51,455.48
2824,0005,CAIXA,ANA,SAQUE,2022-02-06T22:07:06,658.10
2824,0008,CAIXA,CARLOS,SAQUE,2022-02-01T10:49:42,419.47
7912,0008,CAIXA,JULIA,DEPOSITO,2022-02-10T08:54:43,1152.08
5506,0003,ITAU,CARLOS,SAQUE,2022-02-08T07:04:31,367.03
2824,0009,CAIXA,JULIA,SAQUE,2022-02-04T18:09:39,671.00
4657,0000,SANTANDER,ANA,SAQUE,2022-02-06T11:57:42,588.37
1434,0001,ITAU,CARLOS,DEPOSITO,2022-02-07T23:50:18,1474.31
2424,0000,CAIXA,FELIPE,SAQUE,2022-02-06T09:25:37,502.12
7912,0004,CAIXA,ANA,DEPOSITO,2022-02-01T05:04:34,926.42
2424,0004,SANTANDER,LUCIA,SAQUE,2022-02-08T05:41:48,409.72
2679,0005,ITAU,JULIA,DEPOSITO,2022-02-02T13:33:08,1438.52
7912,0000,SANTANDER,SANDRA,DEPOSITO,2022-02-10T10:59:17,372.06
1488,0008,ITAU,JULIA,SAQUE,2022-02-01T17:22:20,214.68
2824,0007,SANTANDER,PEDRO,SAQUE,2022-02-10T11:24:13,1063.43
2824,0003,SANTANDER,FELIPE,DEPOSITO,2022-02-07T01:22:56,776.87
5506,0001,CAIXA,MARCOS,DEPOSITO,2022-02-04T07:25:32,86.67
2424,0001,SANTANDER,CARLOS,SAQUE,2022-02-06T12:58:43,1016.91
4582,0001,SANTANDER,JULIA,SAQUE,2022-02-01T02:42:52,846.82
9279,0004,SANTANDER,FELIPE,DEPOSITO,2022-02-08T19:41:34,1375.68
1488,0005,SANTANDER,JOAO,SAQUE,2022-02-06T02:44:52,330.10
2424,0001,ITAU,LUCIA,SAQUE,2022-02-04T04:28:24,622.52
2824,0005,ITAU,JOAO,SAQUE,2022-02-01T19:59:36,274.58
4657,0001,ITAU,JULIA,SAQUE,2022-02-06T14:53:19,670.18
1434,0002,CAIXA,LUCIA,DEPOSITO,2022-02-08T18:03:11,495.44
4582,0001,SANTANDER,JULIA,SAQUE,2022-02-09T01:34:30,1009.30
2679,0001,ITAU,MARIA,DEPOSITO,2022-02-04T22:18:37,360.79
7912,0005,CAIXA,JULIA,DEPOSITO,2022-02-03T08:43:06,942.60
1488,0005,SANTANDER,SANDRA,SAQUE,2022-02-06T01:44:09,1349.57
1488,0006,CAIXA,SANDRA,DEPOSITO,2022-02-02T15:37:36,1171.33
2679,0009,ITAU,FELIPE,DEPOSITO,2022-02-10T02:47:44,609.30
7912,0009,ITAU,MARCOS,DEPOSITO,2022-02-02T22:06:21,66.86
2824,0009,SANTANDER,JULIA,SAQUE,2022-02-09T00:40:37,530.86
9279,0007,CAIXA,MARIA,DEPOSITO,2022-02-02T16:44:51,507.29
4657,0002,SANTANDER,ANA,SAQUE,2022-02-06T07:06:44,928.47
1488,0007,SANTANDER,PEDRO,SAQUE,2022-02-07T04:50:12,1356.31
5506,0002,ITAU,LUCIA,SAQUE,2022-02-10T02:13:16,723.91
7912,0005,ITAU,LUCIA,SAQUE,2022-02-08T07:29:57,124.45
9279,0002,SANTANDER,CARLOS,SAQUE,2022-02-03T12:41:18,438.38
4582,0000,ITAU,MARCOS,DEPOSITO,2022-02-02T23:14:26,1449.98
4657,0005,SANTANDER,FELIPE,DEPOSITO,2022-02-04T02:35:41,670.77
7912,0006,ITAU,CARLOS,SAQUE,2022-02-01T14:41:15,533.57
5506,0003,ITAU,CARLOS,DEPOSITO,2022-02-05T09:43:46,1357.45
5506,0001,ITAU,CARLOS,DEPOSITO,2022-02-05T01:00:32,383.31
1488,0004,CAIXA,CARLOS,SAQUE,2022-02-01T17:51:48,1410.86
5506,0002,ITAU,MARCOS,DEPOSITO,2022-02-09T20:58:53,224.52
2424,0003,SANTANDER,LUCIA,SAQUE,2022-02-09T09:40:08,1356.10
9279,0002,ITAU,LUCIA,SAQUE,2022-02-04T23:04:12,872.78
2424,0008,CAIXA,ANA,DEPOSITO,2022-02-02T04:41:25,1049.76
5506,0006,CAIXA,SANDRA,DEPOSITO,2022-02-04T00:16:11,1217.19
2824,0003,SANTANDER,PEDRO,DEPOSITO,2022-02-05T14:01:56,34.88
5506,0008,ITAU,SANDRA,SAQUE,2022-02-06T04:01:17,1452.79
2679,0006,ITAU,MARCOS,SAQUE,2022-02-02T09:37:52,290.63
2824,0004,CAIXA,ANA,SAQUE,2022-02-09T09:09:01,273.19
5506,0002,CAIXA,JULIA,SAQUE,2022-02-09T09:21:20,945.84
4657,0002,SANTANDER,LUCIA,DEPOSITO,2022-02-04T18:48:42,1083.91
4582,0009,ITAU,JOAO,DEPOSITO,2022-02-02T06:47:32,1170.80
1488,0006,SANTANDER,PEDRO,SAQUE,2022-02-05T12:24:56,593.11
5506,0000,ITAU,PEDRO,DEPOSITO,2022-02-06T22:29:07,19.70
2824,0002,SANTANDER,MARCOS,DEPOSITO,2022-02-07T15:27:22,14.32
4582,0005,ITAU,JOAO,DEPOSITO,2022-02-06T12:52:02,681.75
2824,0008,ITAU,MARCOS,DEPOSITO,2022-02-10T03:35:02,1244.40
1434,0005,CAIXA,FELIPE,DEPOSITO,2022-02-09T14:00:17,518.10
1434,0008,ITAU,PEDRO,DEPOSITO,2022-02-08T16:53:31,1381.43
9279,0004,CAIXA,MARCOS,SAQUE,2022-02-02T09:40:48,577.22
4657,0008,CAIXA,MARCOS,SAQUE,2022-02-08T10:06:41,64.85
4657,0007,CAIXA,PEDRO,DEPOSITO,2022-02-09T14:24:18,55.48
4657,0004,CAIXA,MARIA,SAQUE,2022-02-08T05:50:45,1339.80
4657,0008,CAIXA,JULIA,DEPOSITO,2022-02-08T23:33:16,378.55
4582,0003,CAIXA,PEDRO,SAQUE,2022-02-07T03:36:14,438.41
2824,0001,ITAU,JOAO,SAQUE,2022-02-05T08:09:05,74.31
9279,0007,CAIXA,MARIA,DEPOSITO,2022-02-05T13:27:33,1397.78
1434,0000,SANTANDER,MARCOS,SAQUE,2022-02-01T04:02:52,1298.86
5506,0004,ITAU,ANA,DEPOSITO,2022-02-08T22:50:51,708.77
7912,0004,ITAU,ANA,SAQUE,2022-02-09T02:48:37,174.88
4657,0003,SANTANDER,ANA,SAQUE,2022-02-01T20:59:05,1183.58
1434,0006,SANTANDER,JULIA,DEPOSITO,2022-02-01T09:46:51,1111.86
4582,0003,ITAU,LUCIA,DEPOSITO,2022-02-08T00:38:05,888.46
7912,0008,CAIXA,MARCOS,DEPOSITO,2022-02-03T11:16:20,82.99
2679,0008,SANTANDER,CARLOS,DEPOSITO,2022-02-05T06:30:11,795.80
2824,0009,SANTANDER,MARCOS,SAQUE,2022-02-02T02:44:37,1179.49
4657,0009,SANTANDER,ANA,SAQUE,2022-02-02T07:23:01,764.72
9279,0008,ITAU,CARLOS,SAQUE,2022-02-01T10:17:59,465.80
1434,0002,CAIXA,MARIA,SAQUE,2022-02-10T18:34:28,591.61
1488,0001,SANTANDER,ANA,DEPOSITO,2022-02-02T13:05:01,65.01
2679,0009,ITAU,PEDRO,SAQUE,2022-02-09T22:53:56,1197.65
4657,0004,SANTANDER,MARIA,DEPOSITO,2022-02-05T10:03:22,82.57
5506,0003,ITAU,JOAO,SAQUE,2022-02-03T09:11:04,962.05
9279,0000,CAIXA,JULIA,DEPOSITO,2022-02-07T00:50:09,1098.93
1488,0001,CAIXA,MARCOS,SAQUE,2022-02-08T10:57:28,753.70
1488,0003,ITAU,SANDRA,SAQUE,2022-02-04T19:29:02,985.36
9279,0002,ITAU,MARIA,SAQUE,2022-02-08T06:01:06,910.57
1434,0006,ITAU,MARIA,DEPOSITO,2022-02-02T01:28:12,1161.80
4657,0005,SANTANDER,CARLOS,SAQUE,2022-02-08T02:25:43,644.42
2424,0009,CAIXA,MARCOS,DEPOSITO,2022-02-07T23:42:37,870.22
4582,0006,CAIXA,PEDRO,DEPOSITO,2022-02-09T07:38:50,560.65
2679,0006,ITAU,FELIPE,DEPOSITO,2022-02-06T21:26:08,1149.34
9279,0001,ITAU,MARIA,SAQUE,2022-02-07T08:16:25,800.25
2424,0005,ITAU,PEDRO,SAQUE,2022-02-03T05:55:19,1266.22
2824,0008,CAIXA,ANA,SAQUE,2022-02-07T01:05:48,1165.57
2424,0009,CAIXA,FELIPE,DEPOSITO,2022-02-03T00:00:41,287.58
4657,0008,ITAU,SANDRA,DEPOSITO,2022-02-05T13:23:44,442.67
1434,0006,ITAU,SANDRA,DEPOSITO,2022-02-02T18:07:41,1202.96
4582,0006,CAIXA,MARCOS,SAQUE,2022-02-05T03:51:31,770.92
4582,0001,SANTANDER,JOAO,SAQUE,2022-02-10T06:53:17,566.55
1434,0002,SANTANDER,MARCOS,SAQUE,2022-02-10T13:34:11,1089.91
2824,0006,SANTANDER,JOAO,DEPOSITO,2022-02-02T14:39:37,120.50
4657,0002,CAIXA,MARIA,DEPOSITO,2022-02-07T04:34:33,531.12
7912,0008,ITAU,MARIA,SAQUE,2022-02-08T05:14:54,534.06
1488,0004,CAIXA,LUCIA,SAQUE,2022-02-09T23:37:02,778.20
7912,0009,SANTANDER,MARIA,SAQUE,2022-02-06T03:45:35,969.04
2679,0004,SANTANDER,PEDRO,DEPOSITO,2022-02-06T00:37:24,869.16
1434,0000,ITAU,LUCIA,SAQUE,2022-02-05T22:31:33,493.52
4582,0002,ITAU,SANDRA,SAQUE,2022-02-02T09:00:51,406.37
1434,0008,SANTANDER,JOAO,DEPOSITO,2022-02-10T13:08:47,1288.58
7912,0002,ITAU,SANDRA,DEPOSITO,2022-02-08T04:21:10,529.72
1434,0004,CAIXA,FELIPE,DEPOSITO,2022-02-08T20:37:01,762.35
1434,0006,SANTANDER,SANDRA,DEPOSITO,2022-02-02T23:25:23,329.05
2679,0002,ITAU,MARCOS,SAQUE,2022-02-04T19:25:23,323.10
1488,0000,SANTANDER,FELIPE,SAQUE,2022-02-01T13:02:29,1077.79
2424,0000,CAIXA,MARIA,SAQUE,2022-02-02T05:02:22,89.28
5506,0000,SANTANDER,ANA,SAQUE,2022-02-05T03:28:23,289.19
1488,0001,CAIXA,ANA,DEPOSITO,2022-02-02T14:02:56,1368.93
7912,0005,CAIXA,JOAO,SAQUE,2022-02-09T12:45:04,938.25
9279,0006,CAIXA,PEDRO,SAQUE,2022-02-02T02:22:29,15.91
4582,0009,SANTANDER,JOAO,DEPOSITO,2022-02-05T17:39:30,421.53
4582,0004,ITAU,JOAO,SAQUE,2022-02-09T20:01:33,1030.92
5506,0002,SANTANDER,PEDRO,DEPOSITO,2022-02-08T02:28:31,86.69
4657,0005,ITAU,PEDRO,SAQUE,2022-02-04T05:45:16,208.86
9279,0001,SANTANDER,ANA,DEPOSITO,2022-02-02T09:10:16,443.69
5506,0004,SANTANDER,FELIPE,SAQUE,2022-02-08T11:00:16,776.75
1488,0006,SANTANDER,FELIPE,SAQUE,2022-02-03T09:56:39,412.02
7912,0003,SANTANDER,CARLOS,SAQUE,2022-02-01T05:41:12,1098.92
5506,0003,ITAU,SANDRA,DEPOSITO,2022-02-06T07:39:35,499.82
9279,0003,ITAU,MARCOS,DEPOSITO,2022-02-09T21:51:23,1003.80
2824,0009,ITAU,SANDRA,DEPOSITO,2022-02-03T05:50:50,1058.80
4657,0000,ITAU,ANA,DEPOSITO,2022-02-02T11:55:24,1223.52
4657,0000,ITAU,SANDRA,SAQUE,2022-02-04T14:37:09,760.63
2424,0009,CAIXA,FELIPE,DEPOSITO,2022-02-05T11:28:52,1225.20
2424,0001,ITAU,PEDRO,DEPOSITO,2022-02-03T03:08:49,433.92
4582,0002,SANTANDER,LUCIA,DEPOSITO,2022-02-09T17:04:20,1244.98
2679,0000,CAIXA,JOAO,DEPOSITO,2022-02-08T14:28:21,236.70
2679,0003,SANTANDER,JOAO,SAQUE,2022-02-07T04:39:39,931.22
4657,0003,ITAU,CARLOS,SAQUE,2022-02-07T16:28:32,940.12
4657,0006,CAIXA,MARCOS,DEPOSITO,2022-02-08T08:48:56,1409.85
1434,0002,SANTANDER,CARLOS,SAQUE,2022-02-05T01:19:30,1331.50
4657,0001,ITAU,JOAO,SAQUE,2022-02-08T02:04:28,1043.83
4657,0002,ITAU,ANA,DEPOSITO,2022-02-01T09:30:12,844.02
4657,0001,SANTANDER,LUCIA,SAQUE,2022-02-03T17:30:44,1325.18
2824,0005,CAIXA,JULIA,DEPOSITO,2022-02-03T22:46:57,1331.94
2824,0004,ITAU,JOAO,DEPOSITO,2022-02-02T21:04:18,1093.63
1488,0005,ITAU,CARLOS,SAQUE,2022-02-08T17:31:01,1252.11
2824,0005,ITAU,ANA,SAQUE,2022-02-10T06:45:12,377.88
9279,0008,SANTANDER,JULIA,SAQUE,2022-02-01T13:33:26,667.11
1488,0009,CAIXA,LUCIA,SAQUE,2022-02-08T14:24:51,1161.41
2824,0007,CAIXA,MARCOS,SAQUE,2022-02-06T18:55:25,1065.41
4582,0008,CAIXA,MARCOS,SAQUE,2022-02-01T23:57:03,1296.25
4582,0007,ITAU,MARIA,DEPOSITO,2022-02-09T10:31:56,1192.30
4657,0007,CAIXA,PEDRO,DEPOSITO,2022-02-05T13:58:22,1324.88
2824,0008,ITAU,SANDRA,SAQUE,2022-02-02T20:13:26,1450.13
2824,0002,SANTANDER,MARIA,SAQUE,2022-02-05T06:58:39,282.44
2424,0006,CAIXA,JULIA,DEPOSITO,2022-02-06T23:28:34,894.36
2679,0002,CAIXA,JULIA,SAQUE,2022-02-03T18:02:14,1051.98
1488,0005,SANTANDER,ANA,DEPOSITO,2022-02-08T22:52:06,1362.68
4582,0000,ITAU,JULIA,SAQUE,2022-02-06T21:21:08,778.80
1488,0002,CAIXA,PEDRO,SAQUE,2022-02-06T15:05:28,1356.64
4657,0004,CAIXA,SANDRA,SAQUE,2022-02-01T22:42:34,872.43
1488,0001,ITAU,SANDRA,DEPOSITO,2022-02-08T23:39:13,1014.95
4582,0008,CAIXA,JOAO,SAQUE,2022-02-05T06:55:37,1082.67
2679,0003,SANTANDER,LUCIA,SAQUE,2022-02-01T03:52:47,724.43
1434,0004,ITAU,SANDRA,SAQUE,2022-02-08T11:36:04,991.35
2424,0005,ITAU,MARIA,SAQUE,2022-02-06T03:18:23,573.05
5506,0002,CAIXA,PEDRO,DEPOSITO,2022-02-08T02:40:56,1219.68
7912,0005,SANTANDER,JOAO,SAQUE,2022-02-04T11:02:23,1112.37
1488,0007,CAIXA,SANDRA,SAQUE,2022-02-03T11:13:32,511.60
1434,0004,ITAU,MARIA,DEPOSITO,2022-02-02T06:08:03,533.02
4657,0007,CAIXA,MARIA,DEPOSITO,2022-02-09T15:08:56,1381.87
1488,0004,ITAU,CARLOS,SAQUE,2022-02-02T09:20:04,469.85
5506,0007,SANTANDER,CARLOS,SAQUE,2022-02-01T04:57:13,1103.86
7912,0006,SANTANDER,FELIPE,SAQUE,2022-02-02T19:33:37,363.65
2679,0008,ITAU,ANA,SAQUE,2022-02-06T23:54:14,1300.60
4657,0005,CAIXA,PEDRO,DEPOSITO,2022-02-07T16:50:06,332.55
2679,0009,CAIXA,FELIPE,SAQUE,2022-02-10T16:54:46,104.06
9279,0001,ITAU,SANDRA,DEPOSITO,2022-02-04T19:34:30,536.42
5506,0009,SANTANDER,FELIPE,DEPOSITO,2022-02-06T10:36:49,1355.71
4657,0002,SANTANDER,PEDRO,SAQUE,2022-02-03T17:26:00,1337.81
4582,0003,CAIXA,SANDRA,DEPOSITO,2022-02-02T08:43:23,365.52
2424,0001,CAIXA,CARLOS,DEPOSITO,2022-02-01T17:46:33,1461.24
4657,0003,ITAU,JOAO,DEPOSITO,2022-02-07T13:12:36,49.86
4657,0007,ITAU,PEDRO,SAQUE,2022-02-05T14:30:44,453.78
4657,0000,ITAU,ANA,DEPOSITO,2022-02-04T18:48:05,756.19
2679,0000,SANTANDER,JULIA,DEPOSITO,2022-02-02T17:19:59,677.13
2679,0008,CAIXA,FELIPE,SAQUE,2022-02-06T19:09:41,955.27
1434,0009,CAIXA,PEDRO,DEPOSITO,2022-02-04T12:06:05,1141.64
4582,0000,ITAU,MARCOS,DEPOSITO,2022-02-02T15:28:54,322.34
1488,0000,SANTANDER,JOAO,SAQUE,2022-02-09T21:02:37,391.16
4657,0007,ITAU,ANA,DEPOSITO,2022-02-05T11:18:30,74.65
2824,0002,ITAU,JOAO,SAQUE,2022-02-01T05:35:09,12.90
9279,0009,SANTANDER,FELIPE,DEPOSITO,2022-02-05T03:22:00,510.98
7912,0005,CAIXA,ANA,DEPOSITO,2022-02-10T07:24:49,1083.92
9279,0005,CAIXA,PEDRO,SAQUE,2022-02-09T11:47:05,640.66
4657,0003,CAIXA,FELIPE,SAQUE,2022-02-10T13:36:26,572.88
9279,0004,SANTANDER,JULIA,SAQUE,2022-02-06T14:19:06,1075.82
2679,0008,SANTANDER,MARCOS,SAQUE,2022-02-03T17:30:54,1298.50
2679,0002,CAIXA,FELIPE,DEPOSITO,2022-02-08T10:44:31,1186.85
7912,0007,SANTANDER,SANDRA,DEPOSITO,2022-02-08T21:26:48,925.94
5506,0002,CAIXA,JULIA,SAQUE,2022-02-04T10:10:04,344.99
2424,0003,ITAU,JOAO,SAQUE,2022-02-07T04:06:22,518.96
2679,0007,SANTANDER,MARCOS,DEPOSITO,2022-02-07T14:57:31,428.02
4582,0006,CAIXA,SANDRA,SAQUE,2022-02-09T22:06:53,1170.50
2679,0001,CAIXA,FELIPE,SAQUE,2022-02-04T23:00:33,1315.80
5506,0006,CAIXA,PEDRO,DEPOSITO,2022-02-07T15:11:11,1153.17
2824,0009,ITAU,CARLOS,DEPOSITO,2022-02-04T11:20:16,59.12
1434,0001,SANTANDER,PEDRO,DEPOSITO,2022-02-09T06:29:25,677.61
2424,0008,ITAU,LUCIA,SAQUE,2022-02-04T21:33:26,349.58
4657,0001,ITAU,ANA,DEPOSITO,2022-02-08T19:01:07,1110.93
5506,0001,CAIXA,MARCOS,SAQUE,2022-02-09T10:08:04,287.01
5506,0000,SANTANDER,MARIA,SAQUE,2022-02-09T06:20:38,1136.08
1434,0004,SANTANDER,LUCIA,SAQUE,2022-02-07T08:26:01,1140.68
7912,0002,ITAU,MARCOS,DEPOSITO,2022-02-09T22:41:54,970.07
4582,0000,ITAU,LUCIA,SAQUE,2022-02-09T07:54:26,1171.64
4657,0005,SANTANDER,SANDRA,SAQUE,2022-02-01T21:54:56,746.79
9279,0003,CAIXA,CARLOS,DEPOSITO,2022-02-05T13:00:31,1035.24
2824,0003,SANTANDER,LUCIA,SAQUE,2022-02-01T08:47:22,151.22
2824,0000,ITAU,CARLOS,SAQUE,2022-02-06T03:58:24,131.91
9279,0007,CAIXA,CARLOS,DEPOSITO,2022-02-04T17:39:21,1156.69
4582,0002,CAIXA,JOAO,SAQUE,2022-02-02T11:35:05,710.33
1488,0005,SANTANDER,MARCOS,SAQUE,2022-02-03T21:21:28,1170.10
2824,0006,ITAU,MARCOS,DEPOSITO,2022-02-09T02:13:14,1042.48
2424,0003,CAIXA,MARCOS,DEPOSITO,2022-02-05T15:40:22,210.56
1434,0007,ITAU,SANDRA,SAQUE,2022-02-04T04:46:00,989.33
2679,0002,SANTANDER,LUCIA,SAQUE,2022-02-03T20:22:54,1199.16
7912,0000,SANTANDER,MARCOS,DEPOSITO,2022-02-08T01:10:14,399.07
4657,0006,ITAU,LUCIA,SAQUE,2022-02-02T13:23:59,1284.06
1488,0005,ITAU,FELIPE,SAQUE,2022-02-04T14:06:02,1154.03
2424,0001,ITAU,FELIPE,SAQUE,2022-02-09T10:52:45,1384.27
1434,0002,SANTANDER,JULIA,DEPOSITO,2022-02-05T13:03:01,257.42
9279,0000,ITAU,LUCIA,DEPOSITO,2022-02-04T00:35:29,376.14
9279,0000,ITAU,ANA,SAQUE,2022-02-09T08:55:29,1333.57
4657,0005,ITAU,MARIA,DEPOSITO,2022-02-04T21:54:13,576.11
4657,0002,ITAU,FELIPE,DEPOSITO,2022-02-04T05:11:39,1234.21
2424,0007,SANTANDER,SANDRA,DEPOSITO,2022-02-01T10:10:56,963.72
1434,0006,ITAU,FELIPE,DEPOSITO,2022-02-08T23:18:30,1108.14
4657,0000,SANTANDER,LUCIA,SAQUE,2022-02-03T05:30:51,1308.00
1488,0001,ITAU,ANA,SAQUE,2022-02-06T09:35:42,1178.42
2424,0002,ITAU,JULIA,SAQUE,2022-02-04T22:07:31,1007.96
1434,0009,CAIXA,CARLOS,DEPOSITO,2022-02-04T21:09:58,1445.35
2424,0002,CAIXA,SANDRA,SAQUE,2022-02-02T19:21:30,412.50
5506,0003,ITAU,JOAO,SAQUE,2022-02-06T09:50:33,478.73
5506,0007,CAIXA,CARLOS,DEPOSITO,2022-02-08T16:05:59,1082.56
2824,0007,ITAU,FELIPE,SAQUE,2022-02-08T03:11:09,1278.76
5506,0009,ITAU,PEDRO,DEPOSITO,2022-02-07T19:47:47,300.33
5506,0005,CAIXA,MARIA,DEPOSITO,2022-02-09T05:08:52,1043.56
5506,0007,SANTANDER,JULIA,DEPOSITO,2022-02-07T02:31:03,510.73
9279,0006,SANTANDER,JULIA,DEPOSITO,2022-02-08T17:43:36,883.00
7912,0000,CAIXA,JOAO,SAQUE,2022-02-05T10:24:24,1368.98
2824,0000,CAIXA,MARCOS,SAQUE,2022-02-04T03:49:07,738.10
4582,0000,SANTANDER,CARLOS,SAQUE,2022-02-04T01:32:16,1193.54
2424,0009,CAIXA,JOAO,DEPOSITO,2022-02-01T04:37:52,82.73
2424,0005,CAIXA,JULIA,DEPOSITO,2022-02-07T17:13:35,591.36
9279,0008,CAIXA,MARCOS,SAQUE,2022-02-03T14:38:51,1211.28
2424,0007,CAIXA,PEDRO,SAQUE,2022-02-04T14:38:12,1355.79
4582,0008,ITAU,FELIPE,DEPOSITO,2022-02-04T04:07:29,190.71
1488,0009,SANTANDER,MARIA,SAQUE,2022-02-05T09:16:14,1216.64
1434,0009,ITAU,LUCIA,DEPOSITO,2022-02-01T19:42:02,1135.94
1434,0005,SANTANDER,ANA,SAQUE,2022-02-06T10:21:31,708.41
4657,0008,SANTANDER,ANA,SAQUE,2022-02-10T17:22:03,1005.96
4582,0006,ITAU,PEDRO,DEPOSITO,2022-02-10T11:29:42,1031.60
1434,0000,ITAU,MARIA,DEPOSITO,2022-02-03T21:25:07,977.14
9279,0003,CAIXA,SANDRA,SAQUE,2022-02-02T23:06:42,1422.13
2424,0002,SANTANDER,MARIA,DEPOSITO,2022-02-04T00:48:51,1031.66
2824,0001,SANTANDER,SANDRA,SAQUE,2022-02-09T21:31:50,859.16
9279,0003,ITAU,SANDRA,SAQUE,2022-02-05T09:12:56,1069.77
4657,0008,CAIXA,ANA,SAQUE,2022-02-09T21:27:16,1090.45
2679,0006,ITAU,JOAO,DEPOSITO,2022-02-02T09:06:22,664.78
1488,0009,ITAU,ANA,SAQUE,2022-02-03T01:06:21,1354.33
9279,0004,SANTANDER,CARLOS,DEPOSITO,2022-02-02T07:54:34,718.94
2424,0001,CAIXA,LUCIA,SAQUE,2022-02-04T11:06:57,1467.96
2424,0006,CAIXA,MARIA,DEPOSITO,2022-02-07T19:00:06,130.35
4582,0005,CAIXA,FELIPE,DEPOSITO,2022-02-05T08:06:07,1447.59
2824,0001,CAIXA,ANA,DEPOSITO,2022-02-10T11:48:48,66.41
7912,0008,SANTANDER,MARIA,DEPOSITO,2022-02-07T11:16:14,1191.78
1488,0009,ITAU,MARCOS,SAQUE,2022-02-03T07:16:08,1193.94
1488,0008,ITAU,MARIA,SAQUE,2022-02-10T05:07:58,333.36
1434,0004,CAIXA,ANA,SAQUE,2022-02-03T16:59:38,784.84
4657,0007,ITAU,SANDRA,DEPOSITO,2022-02-05T06:29:57,128.92
7912,0002,SANTANDER,ANA,SAQUE,2022-02-06T10:33:05,12.11
2679,0004,CAIXA,PEDRO,SAQUE,2022-02-09T13:05:01,1431.10
4657,0001,SANTANDER,CARLOS,SAQUE,2022-02-07T02:46:26,332.70
5506,0005,ITAU,MARCOS,DEPOSITO,2022-02-01T09:46:05,175.98
1488,0007,CAIXA,JULIA,DEPOSITO,2022-02-06T14:05:29,107.59
1488,0006,SANTANDER,SANDRA,SAQUE,2022-02-08T15:28:04,87.09
1434,0008,ITAU,MARCOS,DEPOSITO,2022-02-02T16:00:42,167.12
5506,0007,ITAU,JOAO,DEPOSITO,2022-02-07T08:44:17,1115.69
4582,0003,ITAU,MARCOS,SAQUE,2022-02-09T13:01:45,913.74
9279,0005,ITAU,CARLOS,DEPOSITO,2022-02-01T19:13:08,10.39
4657,0003,CAIXA,LUCIA,SAQUE,2022-02-02T23:42:50,137.23
5506,0009,SANTANDER,JOAO,SAQUE,2022-02-08T07:45:10,278.18
5506,0009,CAIXA,LUCIA,DEPOSITO,2022-02-02T00:03:08,359.52
9279,0001,SANTANDER,JULIA,SAQUE,2022-02-02T11:35:13,1419.65
4582,0003,CAIXA,SANDRA,DEPOSITO,2022-02-03T11:21:42,304.57
1434,0000,ITAU,JULIA,DEPOSITO,2022-02-01T02:58:32,1193.60
2824,0002,ITAU,MARCOS,SAQUE,2022-02-10T17:44:27,27.56
2679,0004,SANTANDER,LUCIA,DEPOSITO,2022-02-08T16:13:06,671.12
2679,0001,ITAU,MARIA,SAQUE,2022-02-09T08:57:58,493.57
2824,0001,ITAU,SANDRA,SAQUE,2022-02-02T06:20:16,866.81
2424,0004,CAIXA,JOAO,SAQUE,2022-02-04T02:21:39,272.20
2679,0004,SANTANDER,JOAO,SAQUE,2022-02-03T05:56:07,200.62
7912,0007,SANTANDER,FELIPE,DEPOSITO,2022-02-09T11:00:46,439.17
4582,0000,SANTANDER,PEDRO,SAQUE,2022-02-05T00:27:09,1150.50
2824,0006,SANTANDER,ANA,DEPOSITO,2022-02-05T18:32:39,735.62
4657,0004,CAIXA,SANDRA,DEPOSITO,2022-02-04T13:33:14,1288.89
9279,0003,CAIXA,CARLOS,SAQUE,2022-02-01T11:51:20,392.05
5506,0003,SANTANDER,JULIA,SAQUE,2022-02-10T00:24:16,849.82
4657,0007,SANTANDER,MARCOS,SAQUE,2022-02-10T04:58:00,934.69
2824,0002,CAIXA,CARLOS,SAQUE,2022-02-06T06:59:20,965.25
2679,0009,SANTANDER,MARCOS,DEPOSITO,2022-02-06T13:10:16,983.15
7912,0000,CAIXA,PEDRO,SAQUE,2022-02-01T23:12:20,714.34
5506,0009,CAIXA,PEDRO,DEPOSITO,2022-02-04T07:33:49,652.43
2679,0007,SANTANDER,ANA,SAQUE,2022-02-06T09:49:42,1473.44
1434,0006,SANTANDER,MARCOS,DEPOSITO,2022-02-06T22:37:29,446.16
5506,0004,CAIXA,MARIA,DEPOSITO,2022-02-06T12:18:32,1204.68
7912,0007,ITAU,ANA,SAQUE,2022-02-08T05:47:43,1350.90
9279,0002,ITAU,ANA,SAQUE,2022-02-05T05:47:36,1429.72
4657,0005,ITAU,MARIA,SAQUE,2022-02-03T07:51:37,1337.63
9279,0003,CAIXA,LUCIA,DEPOSITO,2022-02-05T05:32:17,833.32
2824,0005,SANTANDER,MARIA,DEPOSITO,2022-02-02T19:24:52,557.44
2679,0007,SANTANDER,CARLOS,SAQUE,2022-02-08T03:07:44,39.38
4582,0006,ITAU,MARCOS,DEPOSITO,2022-02-08T10:31:53,616.82
2424,0001,CAIXA,PEDRO,SAQUE,2022-02-04T01:42:54,119.03
2424,0003,SANTANDER,PEDRO,DEPOSITO,2022-02-05T00:13:35,886.58
4582,0008,ITAU,SANDRA,SAQUE,2022-02-06T10:36:01,1299.96
2424,0002,SANTANDER,CARLOS,DEPOSITO,2022-02-04T09:25:25,47.09
4582,0000,CAIXA,PEDRO,DEPOSITO,2022-02-01T11:14:11,1309.10
9279,0000,SANTANDER,SANDRA,DEPOSITO,2022-02-09T02:28:19,1097.06
2424,0006,CAIXA,PEDRO,SAQUE,2022-02-02T02:06:33,844.13
5506,0008,CAIXA,MARCOS,SAQUE,2022-02-02T01:12:09,287.82
5506,0000,SANTANDER,MARCOS,SAQUE,2022-02-10T01:21:33,1250.35
7912,0000,CAIXA,JULIA,SAQUE,2022-02-07T10:34:53,649.33
9279,0003,SANTANDER,MARCOS,SAQUE,2022-02-03T03:42:34,109.93
1434,0003,CAIXA,PEDRO,DEPOSITO,2022-02-09T21:29:49,383.53
2824,0009,ITAU,MARCOS,DEPOSITO,2022-02-09T16:32:52,633.21
1488,0009,CAIXA,FELIPE,DEPOSITO,2022-02-09T17:59:28,213.17
4582,0007,SANTANDER,JULIA,DEPOSITO,2022-02-07T22:08:04,192.78
4582,0000,CAIXA,FELIPE,DEPOSITO,2022-02-02T18:28:05,1293.14
2424,0008,SANTANDER,JOAO,SAQUE,2022-02-05T08:21:41,1385.26
2824,0002,CAIXA,FELIPE,SAQUE,2022-02-09T04:18:02,1246.77
5506,0004,CAIXA,MARCOS,SAQUE,2022-02-04T16:30:53,591.98
2424,0000,SANTANDER,SANDRA,DEPOSITO,2022-02-02T06:51:06,869.33
9279,0004,SANTANDER,MARCOS,SAQUE,2022-02-10T15:17:55,742.41
9279,0004,ITAU,MARCOS,SAQUE,2022-02-04T03:24:34,583.45
5506,0005,CAIXA,JULIA,SAQUE,2022-02-07T03:46:08,197.33
7912,0002,SANTANDER,CARLOS,SAQUE,2022-02-04T23:29:31,501.00
2679,0003,SANTANDER,MARIA,DEPOSITO,2022-02-08T15:36:57,438.40
9279,0005,SANTANDER,JULIA,DEPOSITO,2022-02-07T04:06:09,893.99
7912,0007,SANTANDER,MARIA,SAQUE,2022-02-02T19:22:48,1113.20
1434,0005,CAIXA,FELIPE,SAQUE,2022-02-06T02:43:32,1041.59
2679,0004,CAIXA,JULIA,SAQUE,2022-02-03T21:42:56,1177.62
7912,0000,SANTANDER,JOAO,DEPOSITO,2022-02-06T21:35:58,101.94
7912,0002,SANTANDER,CARLOS,DEPOSITO,2022-02-04T01:40:31,880.39
1488,0009,ITAU,PEDRO,DEPOSITO,2022-02-07T16:32:30,299.03
4657,0003,SANTANDER,PEDRO,DEPOSITO,2022-02-02T09:41:44,1346.29
2679,0001,SANTANDER,LUCIA,SAQUE,2022-02-07T04:14:41,536.93
2824,0001,ITAU,JULIA,SAQUE,2022-02-02T16:57:31,486.48
2824,0006,SANTANDER,SANDRA,SAQUE,2022-02-01T23:53:14,165.47
9279,0003,ITAU,SANDRA,SAQUE,2022-02-05T07:00:10,1405.24
2679,0006,CAIXA,MARIA,DEPOSITO,2022-02-08T00:39:49,1406.81
1488,0001,SANTANDER,JULIA,SAQUE,2022-02-02T04:00:55,1071.80
1488,0006,CAIXA,CARLOS,SAQUE,2022-02-06T07:55:52,1371.66
2679,0004,CAIXA,SANDRA,SAQUE,2022-02-10T02:57:36,1068.78
7912,0001,CAIXA,JOAO,DEPOSITO,2022-02-07T13:35:58,701.32
1434,0009,ITAU,CARLOS,DEPOSITO,2022-02-08T08:51:31,1041.83
1434,0000,CAIXA,CARLOS,DEPOSITO,2022-02-06T05:45:32,402.97
1434,0006,SANTANDER,MARCOS,SAQUE,2022-02-03T03:03:47,1058.49
5506,0002,SANTANDER,JULIA,SAQUE,2022-02-07T11:04:23,214.71
1434,0009,ITAU,SANDRA,SAQUE,2022-02-06T22:18:30,294.95
4657,0009,ITAU,FELIPE,DEPOSITO,2022-02-07T02:06:51,205.36
7912,0007,ITAU,SANDRA,SAQUE,2022-02-10T01:59:10,1285.53
4657,0001,CAIXA,JULIA,SAQUE,2022-02-02T15:33:13,246.68
2424,0005,SANTANDER,FELIPE,DEPOSITO,2022-02-05T08:34:34,954.53
4582,0002,SANTANDER,JOAO,SAQUE,2022-02-02T21:55:55,1036.06
1488,0009,ITAU,MARIA,SAQUE,2022-02-08T18:13:37,617.97
1488,0005,SANTANDER,MARIA,DEPOSITO,2022-02-04T13:57:56,787.67
4657,0000,ITAU,ANA,SAQUE,2022-02-07T14:55:56,368.47
5506,0009,CAIXA,PEDRO,DEPOSITO,2022-02-04T21:31:05,968.38
4582,0005,SANTANDER,JOAO,DEPOSITO,2022-02-03T00:35:18,1012.12
4582,0008,SANTANDER,JULIA,SAQUE,2022-02-05T07:01:37,292.54
1434,0006,CAIXA,MARIA,DEPOSITO,2022-02-10T03:16:29,1142.35
1434,0009,SANTANDER,PEDRO,DEPOSITO,2022-02-08T04:16:18,778.08
2824,0006,ITAU,LUCIA,DEPOSITO,2022-02-01T03:13:59,404.85
2679,0005,ITAU,LUCIA,DEPOSITO,2022-02-02T06:06:45,707.41
9279,0008,CAIXA,MARIA,DEPOSITO,2022-02-02T15:43:55,1408.67
2824,0008,SANTANDER,PEDRO,SAQUE,2022-02-05T06:02:36,659.89
9279,0006,SANTANDER,FELIPE,SAQUE,2022-02-05T10:04:07,199.64
2824,0008,ITAU,MARIA,SAQUE,2022-02-02T09:11:04,840.55
5506,0006,CAIXA,ANA,SAQUE,2022-02-02T08:53:49,615.37
9279,0007,ITAU,PEDRO,DEPOSITO,2022-02-03T06:17:58,914.75
4657,0006,SANTANDER,FELIPE,SAQUE,2022-02-08T20:59:38,97.72
7912,0008,CAIXA,PEDRO,DEPOSITO,2022-02-06T09:16:55,858.40
9279,0008,ITAU,JULIA,SAQUE,2022-02-04T13:59:12,761.33
1434,0007,ITAU,PEDRO,DEPOSITO,2022-02-08T09:44:13,1248.71
7912,0008,SANTANDER,MARCOS,DEPOSITO,2022-02-02T10:01:48,1036.10
5506,0001,SANTANDER,SANDRA,DEPOSITO,2022-02-10T15:28:26,855.37
4657,0004,CAIXA,FELIPE,SAQUE,2022-02-02T02:38:29,1205.04
2424,0001,CAIXA,ANA,DEPOSITO,2022-02-09T15:47:22,60.06
2824,0006,SANTANDER,FELIPE,DEPOSITO,2022-02-04T10:30:58,15.74
2824,0006,ITAU,JOAO,DEPOSITO,2022-02-04T14:35:33,594.52
7912,0005,CAIXA,SANDRA,SAQUE,2022-02-04T03:45:06,886.48
7912,0008,SANTANDER,LUCIA,DEPOSITO,2022-02-02T21:51:24,700.45
2679,0007,CAIXA,JULIA,DEPOSITO,2022-02-06T16:36:28,485.52
9279,0002,ITAU,JULIA,SAQUE,2022-02-04T23:11:12,1383.39
5506,0006,ITAU,SANDRA,DEPOSITO,2022-02-10T04:43:31,290.65
2424,0006,CAIXA,LUCIA,DEPOSITO,2022-02-01T19:34:11,886.12
9279,0008,SANTANDER,ANA,SAQUE,2022-02-06T05:37:51,776.57
4657,0008,ITAU,JOAO,SAQUE,2022-02-06T02:26:38,560.82
4582,0006,SANTANDER,JULIA,SAQUE,2022-02-09T00:39:02,1446.25
7912,0000,SANTANDER,JOAO,SAQUE,2022-02-03T18:14:16,960.21
2824,0002,SANTANDER,MARIA,SAQUE,2022-02-07T11:59:27,1284.95
4657,0008,SANTANDER,JOAO,SAQUE,2022-02-05T03:03:27,1104.92
4657,0003,SANTANDER,MARCOS,DEPOSITO,2022-02-10T06:22:55,477.24
2424,0001,CAIXA,FELIPE,SAQUE,2022-02-09T06:35:29,599.87
5506,0004,ITAU,SANDRA,SAQUE,2022-02-06T01:02:45,1370.55
5506,0005,ITAU,LUCIA,DEPOSITO,2022-02-06T12:29:50,1060.96
2824,0005,ITAU,SANDRA,SAQUE,2022-02-07T08:20:34,1107.78
5506,0002,CAIXA,LUCIA,DEPOSITO,2022-02-02T15:20:34,284.18
5506,0006,SANTANDER,JOAO,SAQUE,2022-02-08T05:19:30,536.16
4582,0000,ITAU,ANA,DEPOSITO,2022-02-06T02:27:04,732.16
1488,0007,ITAU,JOAO,DEPOSITO,2022-02-04T19:28:52,1404.21
1488,0008,ITAU,SANDRA,SAQUE,2022-02-02T00:39:42,78.90
1488,0001,CAIXA,ANA,DEPOSITO,2022-02-08T14:39:47,191.57
1488,0009,ITAU,ANA,SAQUE,2022-02-09T05:35:16,1339.81
2824,0009,SANTANDER,ANA,SAQUE,2022-02-09T18:43:54,59.08
1434,0001,ITAU,ANA,SAQUE,2022-02-06T08:04:27,48.11
2679,0006,CAIXA,SANDRA,DEPOSITO,2022-02-06T18:21:43,1382.51
1434,0007,ITAU,JOAO,SAQUE,2022-02-09T10:12:31,610.28
2424,0004,SANTANDER,MARCOS,DEPOSITO,2022-02-05T22:22:52,472.95
2424,0007,CAIXA,SANDRA,SAQUE,2022-02-03T18:45:03,1034.87
2679,0005,CAIXA,SANDRA,SAQUE,2022-02-06T01:04:16,323.44
1434,0005,SANTANDER,MARIA,DEPOSITO,2022-02-05T03:47:02,798.77
7912,0004,SANTANDER,CARLOS,DEPOSITO,2022-02-10T17:00:05,860.59
7912,0001,SANTANDER,SANDRA,DEPOSITO,2022-02-10T12:43:16,323.97
2424,0003,CAIXA,ANA,SAQUE,2022-02-04T18:41:25,375.12
2824,0008,ITAU,SANDRA,DEPOSITO,2022-02-01T18:04:16,715.63
2424,0004,SANTANDER,PEDRO,DEPOSITO,2022-02-04T03:19:17,387.44
1434,0004,ITAU,FELIPE,DEPOSITO,2022-02-04T16:58:10,536.62
2424,0005,CAIXA,JULIA,DEPOSITO,2022-02-07T07:34:31,1470.68
2679,0003,SANTANDER,JULIA,SAQUE,2022-02-10T03:26:37,1139.05
1434,0000,ITAU,SANDRA,DEPOSITO,2022-02-04T03:04:52,415.04
1434,0001,SANTANDER,PEDRO,SAQUE,2022-02-06T06:32:17,134.24
4582,0003,CAIXA,FELIPE,DEPOSITO,2022-02-04T09:37:57,1004.16
1488,0003,ITAU,PEDRO,DEPOSITO,2022-02-07T16:40:51,1304.55
2824,0008,SANTANDER,FELIPE,SAQUE,2022-02-03T09:36:53,873.16
1488,0008,SANTANDER,SANDRA,DEPOSITO,2022-02-08T22:04:52,1208.71
2679,0007,ITAU,SANDRA,DEPOSITO,2022-02-08T11:44:48,951.14
4657,0004,ITAU,ANA,DEPOSITO,2022-02-01T10:11:33,1396.27
7912,0006,CAIXA,FELIPE,SAQUE,2022-02-01T03:48:50,278.77
1488,0006,SANTANDER,FELIPE,SAQUE,2022-02-01T23:24:51,236.33
1434,0003,ITAU,PEDRO,DEPOSITO,2022-02-01T03:30:47,443.72
1488,0002,CAIXA,FELIPE,DEPOSITO,2022-02-03T07:34:09,732.70
4657,0005,CAIXA,SANDRA,SAQUE,2022-02-01T12:16:42,731.02
4657,0008,SANTANDER,MARIA,DEPOSITO,2022-02-04T01:25:20,1347.37
4582,0007,CAIXA,MARIA,SAQUE,2022-02-09T13:15:09,1357.03
4657,0008,SANTANDER,LUCIA,DEPOSITO,2022-02-08T20:10:27,987.68
2824,0000,CAIXA,MARIA,DEPOSITO,2022-02-03T04:49:24,1233.03
2679,0008,ITAU,PEDRO,SAQUE,2022-02-10T14:29:49,1486.87
9279,0000,SANTANDER,MARIA,DEPOSITO,2022-02-09T19:27:18,475.80
4582,0003,SANTANDER,SANDRA,DEPOSITO,2022-02-08T16:32:01,179.21
7912,0007,SANTANDER,LUCIA,DEPOSITO,2022-02-07T13:21:11,729.12
2679,0007,CAIXA,LUCIA,DEPOSITO,2022-02-09T01:23:52,938.63
4657,0005,ITAU,PEDRO,SAQUE,2022-02-07T23:30:27,944.38
4582,0007,SANTANDER,ANA,DEPOSITO,2022-02-09T08:31:36,576.85
4657,0003,ITAU,SANDRA,DEPOSITO,2022-02-09T13:22:14,275.14
2424,0005,SANTANDER,ANA,SAQUE,2022-02-06T13:25:09,288.48
1488,0002,ITAU,ANA,DEPOSITO,2022-02-02T03:48:05,1327.24
2824,0005,CAIXA,CARLOS,SAQUE,2022-02-09T21:25:30,850.36
4582,0002,CAIXA,PEDRO,DEPOSITO,2022-02-07T02:00:49,1336.90
4657,0004,SANTANDER,FELIPE,SAQUE,2022-02-02T10:22:19,674.44
4582,0005,SANTANDER,JULIA,SAQUE,2022-02-08T08:13:01,1107.91
2824,0005,SANTANDER,FELIPE,SAQUE,2022-02-05T21:43:20,291.32
7912,0007,CAIXA,MARCOS,DEPOSITO,2022-02-03T03:47:40,1171.77
5506,0006,CAIXA,SANDRA,SAQUE,2022-02-09T09:50:21,134.67
5506,0006,ITAU,LUCIA,SAQUE,2022-02-01T05:34:04,1418.68
5506,0007,SANTANDER,SANDRA,SAQUE,2022-02-01T19:45:34,1171.17
2679,0001,ITAU,MARIA,SAQUE,2022-02-04T05:40:01,13.92
9279,0007,ITAU,JULIA,SAQUE,2022-02-07T00:38:20,625.16
9279,0007,CAIXA,MARCOS,SAQUE,2022-02-08T11:45:41,659.88
9279,0004,SANTANDER,LUCIA,DEPOSITO,2022-02-08T23:32:25,1494.32
1488,0001,SANTANDER,JOAO,DEPOSITO,2022-02-07T06:37:27,516.22
9279,0005,SANTANDER,LUCIA,DEPOSITO,2022-02-03T01:41:38,751.35
7912,0003,ITAU,SANDRA,SAQUE,2022-02-09T21:17:25,371.14
2679,0006,ITAU,SANDRA,DEPOSITO,2022-02-09T10:57:23,185.53
7912,0002,ITAU,LUCIA,SAQUE,2022-02-10T04:57:26,170.83
2424,0003,ITAU,JOAO,DEPOSITO,2022-02-03T11:01:20,646.49
2824,0007,SANTANDER,FELIPE,DEPOSITO,2022-02-03T06:09:54,552.18
2824,0008,ITAU,MARIA,DEPOSITO,2022-02-06T18:43:08,108.55
2824,0003,SANTANDER,FELIPE,SAQUE,2022-02-05T20:31:41,83.05
2424,0006,CAIXA,MARCOS,SAQUE,2022-02-07T20:05:06,1369.42
2824,0007,SANTANDER,FELIPE,DEPOSITO,2022-02-10T14:52:01,1342.41
2679,0002,ITAU,SANDRA,DEPOSITO,2022-02-04T16:49:26,468.78
4657,0000,SANTANDER,JULIA,DEPOSITO,2022-02-02T14:17:54,870.55
9279,0008,SANTANDER,CARLOS,SAQUE,2022-02-05T23:13:10,1195.64
2424,0007,ITAU,FELIPE,SAQUE,2022-02-07T22:30:55,202.58
4657,0008,SANTANDER,MARCOS,DEPOSITO,2022-02-10T16:14:30,856.68
9279,0007,ITAU,JOAO,SAQUE,2022-02-06T22:49:41,121.90
5506,0006,SANTANDER,ANA,DEPOSITO,2022-02-04T03:22:23,837.13
7912,0001,ITAU,MARCOS,DEPOSITO,2022-02-09T01:29:38,666.24
1434,0005,CAIXA,ANA,DEPOSITO,2022-02-05T09:00:15,929.73
2679,0008,ITAU,JOAO,SAQUE,2022-02-05T11:10:25,1177.92
1488,0001,CAIXA,MARCOS,DEPOSITO,2022-02-03T09:29:12,932.90
4582,0009,ITAU,MARCOS,DEPOSITO,2022-02-04T04:20:59,253.48
1434,0003,SANTANDER,SANDRA,SAQUE,2022-02-03T11:01:22,1002.31
7912,0008,ITAU,CARLOS,SAQUE,2022-02-04T07:44:15,805.24
2424,0001,ITAU,SANDRA,DEPOSITO,2022-02-10T07:06:35,485.45
2424,0008,SANTANDER,PEDRO,DEPOSITO,2022-02-07T19:07:32,834.08
1488,0006,SANTANDER,ANA,DEPOSITO,2022-02-05T03:13:49,715.25
4657,0004,SANTANDER,LUCIA,SAQUE,2022-02-01T18:33:26,949.85
4657,0000,CAIXA,PEDRO,DEPOSITO,2022-02-01T19:18:31,412.55
1488,0000,CAIXA,ANA,DEPOSITO,2022-02-09T10:59:16,567.85
1488,0004,ITAU,MARIA,DEPOSITO,2022-02-06T03:08:50,1458.72
1488,0001,SANTANDER,JULIA,SAQUE,2022-02-03T17:20:37,281.10
5506,0002,CAIXA,LUCIA,SAQUE,2022-02-05T12:03:38,421.15
7912,0002,ITAU,JOAO,DEPOSITO,2022-02-04T14:42:21,413.63
2824,0000,CAIXA,FELIPE,SAQUE,2022-02-08T01:49:36,515.91
4657,0003,CAIXA,MARIA,SAQUE,2022-02-03T02:38:58,965.90
2824,0004,ITAU,JOAO,DEPOSITO,2022-02-10T09:52:15,1285.88
7912,0009,ITAU,JULIA,DEPOSITO,2022-02-01T23:49:17,1349.85
1434,0005,SANTANDER,FELIPE,SAQUE,2022-02-07T01:08:35,416.93
2679,0008,ITAU,CARLOS,SAQUE,2022-02-08T07:45:34,275.27
1488,0009,CAIXA,JOAO,SAQUE,2022-02-05T00:14:08,1095.38
1434,0002,SANTANDER,JULIA,SAQUE,2022-02-08T22:00:25,568.24
4657,0000,SANTANDER,PEDRO,DEPOSITO,2022-02-04T22:09:38,101.12
1434,0005,CAIXA,FELIPE,DEPOSITO,2022-02-06T21:56:08,1286.38
2679,0005,SANTANDER,PEDRO,DEPOSITO,2022-02-06T17:41:31,516.01
2679,0002,ITAU,MARIA,DEPOSITO,2022-02-01T09:35:00,1496.49
9279,0003,CAIXA,JOAO,SAQUE,2022-02-03T23:35:42,1469.74
4582,0002,SANTANDER,CARLOS,DEPOSITO,2022-02-10T03:01:35,469.72
1434,0004,ITAU,CARLOS,DEPOSITO,2022-02-10T00:34:51,644.40
2424,0006,CAIXA,LUCIA,SAQUE,2022-02-08T07:22:52,1215.41
4657,0003,SANTANDER,MARCOS,SAQUE,2022-02-02T20:55:17,914.63
2424,0002,SANTANDER,SANDRA,DEPOSITO,2022-02-01T04:42:09,584.78
4657,0002,ITAU,MARCOS,DEPOSITO,2022-02-01T04:42:45,531.49
4657,0004,ITAU,MARIA,DEPOSITO,2022-02-03T09:43:49,216.80
9279,0005,CAIXA,LUCIA,SAQUE,2022-02-03T08:38:02,1144.69
1488,0005,ITAU,SANDRA,SAQUE,2022-02-07T07:03:41,1185.91
2824,0009,CAIXA,ANA,DEPOSITO,2022-02-02T01:22:51,835.73
1434,0004,SANTANDER,JOAO,DEPOSITO,2022-02-06T16:41:20,564.17
7912,0007,ITAU,SANDRA,SAQUE,2022-02-04T06:11:39,762.83
7912,0000,SANTANDER,FELIPE,SAQUE,2022-02-04T08:38:46,136.32
7912,0006,CAIXA,LUCIA,SAQUE,2022-02-07T00:19:59,342.03
1434,0001,ITAU,JULIA,SAQUE,2022-02-05T09:11:39,110.92
1434,0000,SANTANDER,JULIA,SAQUE,2022-02-09T16:30:52,1112.40
9279,0009,CAIXA,MARIA,SAQUE,2022-02-03T16:14:03,1049.32
9279,0008,CAIXA,ANA,DEPOSITO,2022-02-04T21:40:03,52.78
4582,0008,SANTANDER,MARCOS,DEPOSITO,2022-02-06T08:39:57,591.03
1434,0000,CAIXA,FELIPE,DEPOSITO,2022-02-03T17:42:48,559.77
2824,0006,CAIXA,JULIA,DEPOSITO,2022-02-10T10:55:15,481.52
4582,0005,CAIXA,LUCIA,DEPOSITO,2022-02-06T08:24:15,518.09
2424,0007,CAIXA,MARIA,SAQUE,2022-02-05T17:40:14,932.27
9279,0004,ITAU,CARLOS,DEPOSITO,2022-02-09T07:08:35,542.27
7912,0002,ITAU,MARCOS,SAQUE,2022-02-10T18:17:43,1269.44
7912,0004,SANTANDER,FELIPE,SAQUE,2022-02-03T02:12:39,203.00
7912,0000,SANTANDER,JOAO,DEPOSITO,2022-02-10T14:45:29,794.33
1434,0006,SANTANDER,SANDRA,SAQUE,2022-02-05T07:45:34,100.72
2824,0006,SANTANDER,CARLOS,SAQUE,2022-02-02T23:57:47,368.20
2424,0001,SANTANDER,MARCOS,SAQUE,2022-02-06T12:22:08,66.72
2679,0001,CAIXA,MARCOS,DEPOSITO,2022-02-04T03:29:48,733.90
5506,0003,SANTANDER,ANA,SAQUE,2022-02-03T03:45:56,123.31
4582,0002,CAIXA,CARLOS,SAQUE,2022-02-08T20:34:22,1191.73
9279,0009,CAIXA,MARCOS,SAQUE,2022-02-03T00:03:23,1161.56
2424,0001,ITAU,ANA,SAQUE,2022-02-10T07:41:21,848.29
1434,0009,CAIXA,PEDRO,SAQUE,2022-02-09T07:45:49,749.56
2679,0001,SANTANDER,LUCIA,DEPOSITO,2022-02-03T19:21:34,99.73
2824,0002,SANTANDER,LUCIA,SAQUE,2022-02-07T21:17:06,11.37
7912,0004,CAIXA,SANDRA,DEPOSITO,2022-02-04T12:29:09,1412.60
2679,0001,ITAU,MARIA,SAQUE,2022-02-03T18:34:29,1334.52
5506,0005,CAIXA,PEDRO,SAQUE,2022-02-04T02:13:47,568.92
2424,0005,ITAU,JOAO,SAQUE,2022-02-02T16:12:16,114.78
4582,0004,ITAU,JOAO,DEPOSITO,2022-02-02T19:05:13,771.57
4657,0003,CAIXA,PEDRO,SAQUE,2022-02-02T00:17:52,1328.86
2679,0005,CAIXA,MARCOS,SAQUE,2022-02-02T20:00:54,291.39
1488,0003,ITAU,CARLOS,SAQUE,2022-02-03T09:01:34,1494.93
4657,0008,ITAU,JOAO,DEPOSITO,2022-02-08T12:38:06,1070.73
1488,0007,CAIXA,CARLOS,DEPOSITO,2022-02-03T13:01:40,1488.65
2824,0006,SANTANDER,MARIA,SAQUE,2022-02-07T12:13:04,429.24
4582,0009,ITAU,CARLOS,DEPOSITO,2022-02-09T07:16:48,1000.81
2679,0007,CAIXA,FELIPE,DEPOSITO,2022-02-07T19:15:43,712.13
2424,0008,CAIXA,ANA,DEPOSITO,2022-02-04T00:05:07,56.81
9279,0008,ITAU,CARLOS,SAQUE,2022-02-10T14:11:43,1409.92
2424,0000,SANTANDER,CARLOS,SAQUE,2022-02-06T14:57:17,1150.21
1488,0000,CAIXA,MARIA,SAQUE,2022-02-01T19:02:18,502.93
2824,0006,SANTANDER,FELIPE,SAQUE,2022-02-09T12:45:49,1210.82
2424,0009,ITAU,FELIPE,DEPOSITO,2022-02-02T18:47:16,1353.60
4582,0003,CAIXA,SANDRA,SAQUE,2022-02-03T22:33:16,563.48
4657,0006,SANTANDER,ANA,DEPOSITO,2022-02-03T09:01:33,1039.81
5506,0001,CAIXA,FELIPE,SAQUE,2022-02-07T09:33:42,1460.97
2824,0007,SANTANDER,LUCIA,SAQUE,2022-02-05T15:45:45,44.03
2824,0002,SANTANDER,ANA,SAQUE,2022-02-06T10:15:30,31.17
9279,0004,ITAU,FELIPE,SAQUE,2022-02-07T05:46:55,465.51
1488,0000,CAIXA,FELIPE,SAQUE,2022-02-07T21:55:50,1439.18
9279,0006,ITAU,ANA,SAQUE,2022-02-08T02:42:39,1048.92
5506,0008,ITAU,ANA,SAQUE,2022-02-07T23:10:57,89.98
1488,0001,CAIXA,MARIA,DEPOSITO,2022-02-03T00:01:22,1003.38
4657,0005,SANTANDER,SANDRA,DEPOSITO,2022-02-10T09:54:36,686.39
2679,0009,ITAU,JULIA,DEPOSITO,2022-02-07T12:40:42,810.15
4657,0004,CAIXA,SANDRA,SAQUE,2022-02-05T10:26:18,1246.93
1434,0000,SANTANDER,MARIA,DEPOSITO,2022-02-09T14:05:53,1126.22
2824,0001,ITAU,CARLOS,SAQUE,2022-02-06T08:05:10,1497.67
5506,0005,SANTANDER,PEDRO,DEPOSITO,2022-02-01T23:13:34,54.96
5506,0000,SANTANDER,ANA,SAQUE,2022-02-05T12:32:51,748.32
9279,0009,CAIXA,LUCIA,DEPOSITO,2022-02-06T18:58:13,758.14
2824,0004,SANTANDER,MARIA,DEPOSITO,2022-02-09T09:34:23,196.15
5506,0007,CAIXA,LUCIA,DEPOSITO,2022-02-02T19:49:11,641.04
2824,0002,SANTANDER,ANA,DEPOSITO,2022-02-09T11:25:07,95.37
1488,0000,CAIXA,MARCOS,DEPOSITO,2022-02-07T02:21:26,1244.70
2424,0002,ITAU,CARLOS,DEPOSITO,2022-02-02T08:55:27,1012.65
1434,0005,CAIXA,JOAO,DEPOSITO,2022-02-08T05:11:19,1122.33
9279,0001,ITAU,FELIPE,SAQUE,2022-02-05T08:03:14,1329.01
2679,0006,ITAU,MARCOS,SAQUE,2022-02-03T06:17:06,439.99
5506,0002,SANTANDER,JULIA,SAQUE,2022-02-07T04:20:54,739.93
2679,0003,ITAU,LUCIA,SAQUE,2022-02-05T20:03:27,1361.83
5506,0001,SANTANDER,MARIA,SAQUE,2022-02-02T10:04:45,1116.65
2679,0009,SANTANDER,CARLOS,DEPOSITO,2022-02-06T02:51:01,1290.81
1488,0004,SANTANDER,LUCIA,DEPOSITO,2022-02-10T03:27:39,636.66
5506,0002,CAIXA,CARLOS,DEPOSITO,2022-02-05T14:00:33,519.04
1488,0006,CAIXA,CARLOS,DEPOSITO,2022-02-01T22:59:36,1296.79
7912,0000,SANTANDER,MARIA,SAQUE,2022-02-03T08:40:07,1476.39
2424,0002,CAIXA,FELIPE,DEPOSITO,2022-02-08T10:53:36,566.06
2424,0009,SANTANDER,ANA,DEPOSITO,2022-02-08T20:52:07,1423.71
2824,0003,SANTANDER,JOAO,SAQUE,2022-02-07T19:17:50,873.80
1434,0004,ITAU,SANDRA,SAQUE,2022-02-02T02:55:56,1111.89
4582,0000,CAIXA,LUCIA,SAQUE,2022-02-08T16:42:50,251.43
7912,0001,CAIXA,PEDRO,SAQUE,2022-02-03T07:27:21,860.35
4582,0002,ITAU,FELIPE,SAQUE,2022-02-03T22:33:38,383.16
4582,0002,SANTANDER,MARCOS,SAQUE,2022-02-09T19:22:11,614.00
1434,0002,CAIXA,CARLOS,DEPOSITO,2022-02-10T05:27:50,1459.81
4582,0003,SANTANDER,JULIA,SAQUE,2022-02-09T08:47:31,373.14
2424,0005,ITAU,MARIA,DEPOSITO,2022-02-01T03:23:06,1220.33
2424,0008,ITAU,PEDRO,DEPOSITO,2022-02-05T07:32:36,625.71
1434,0000,ITAU,MARIA,SAQUE,2022-02-05T20:09:14,687.61
2824,0007,CAIXA,SANDRA,SAQUE,2022-02-01T02:38:17,1202.58
9279,0006,ITAU,LUCIA,DEPOSITO,2022-02-03T00:30:27,1284.17
7912,0008,SANTANDER,PEDRO,DEPOSITO,2022-02-07T10:39:03,469.72
7912,0006,SANTANDER,CARLOS,DEPOSITO,2022-02-05T00:43:18,1124.74
7912,0007,ITAU,CARLOS,DEPOSITO,2022-02-07T08:03:21,182.74
1434,0001,CAIXA,JULIA,DEPOSITO,2022-02-06T07:07:39,1033.23
5506,0006,CAIXA,CARLOS,DEPOSITO,2022-02-07T21:50:30,995.36
2679,0002,SANTANDER,FELIPE,DEPOSITO,2022-02-03T01:44:25,149.89
2424,0004,SANTANDER,MARCOS,DEPOSITO,2022-02-03T14:59:55,1216.21
1434,0000,SANTANDER,CARLOS,DEPOSITO,2022-02-09T19:49:18,594.50
2424,0001,CAIXA,ANA,DEPOSITO,2022-02-03T00:13:18,978.57
1488,0008,CAIXA,JULIA,SAQUE,2022-02-03T10:09:45,511.07
2824,0007,ITAU,LUCIA,DEPOSITO,2022-02-08T09:12:42,1005.09
1488,0002,CAIXA,MARCOS,SAQUE,2022-02-08T18:27:07,335.87
5506,0005,CAIXA,PEDRO,DEPOSITO,2022-02-10T01:31:48,1068.64
1434,0001,ITAU,MARCOS,SAQUE,2022-02-02T06:40:51,627.68
9279,0003,ITAU,PEDRO,DEPOSITO,2022-02-07T04:06:57,560.04
2424,0001,ITAU,MARCOS,DEPOSITO,2022-02-10T11:12:31,197.44
4657,0003,SANTANDER,JOAO,SAQUE,2022-02-08T09:54:54,1195.27
4582,0002,SANTANDER,ANA,DEPOSITO,2022-02-03T03:23:29,766.44
9279,0004,SANTANDER,FELIPE,SAQUE,2022-02-06T10:45:14,884.78
4657,0004,SANTANDER,SANDRA,DEPOSITO,2022-02-09T21:31:22,376.68
2679,0005,ITAU,MARCOS,SAQUE,2022-02-02T18:11:33,1260.33
5506,0000,CAIXA,CARLOS,DEPOSITO,2022-02-09T01:01:34,1261.12
1434,0000,CAIXA,SANDRA,DEPOSITO,2022-02-02T16:15:45,1335.16
2824,0001,SANTANDER,JOAO,SAQUE,2022-02-10T02:59:54,292.67
1488,0003,CAIXA,MARCOS,SAQUE,2022-02-02T00:28:16,1296.53
4582,0009,ITAU,CARLOS,SAQUE,2022-02-01T06:53:15,941.75
9279,0003,ITAU,MARIA,SAQUE,2022-02-10T03:02:14,1083.19
5506,0009,ITAU,ANA,DEPOSITO,2022-02-08T23:45:44,850.84
2824,0002,ITAU,CARLOS,DEPOSITO,2022-02-08T02:47:27,1386.29
2679,0001,CAIXA,MARCOS,DEPOSITO,2022-02-02T08:59:28,628.45
9279,0003,ITAU,PEDRO,SAQUE,2022-02-07T12:46:29,61.16
4582,0006,CAIXA,MARCOS,DEPOSITO,2022-02-02T18:49:48,11.07
4582,0009,CAIXA,PEDRO,DEPOSITO,2022-02-03T00:05:55,1415.82
1488,0008,ITAU,CARLOS,SAQUE,2022-02-06T06:56:10,1280.12
2824,0000,CAIXA,LUCIA,DEPOSITO,2022-02-03T19:12:24,973.83
4582,0008,CAIXA,PEDRO,SAQUE,2022-02-06T22:46:55,548.78
5506,0008,SANTANDER,FELIPE,DEPOSITO,2022-02-09T02:08:41,527.79
5506,0000,SANTANDER,PEDRO,SAQUE,2022-02-01T11:59:17,738.79
2424,0000,CAIXA,MARCOS,DEPOSITO,2022-02-02T00:12:01,905.54
5506,0000,SANTANDER,SANDRA,DEPOSITO,2022-02-10T02:25:12,889.61
4582,0001,CAIXA,JULIA,SAQUE,2022-02-04T00:18:57,1121.93
7912,0001,ITAU,JULIA,SAQUE,2022-02-01T19:01:37,805.36
2424,0004,ITAU,FELIPE,DEPOSITO,2022-02-03T05:23:11,1451.74
2679,0007,CAIXA,MARIA,SAQUE,2022-02-10T12:30:55,1476.81
4582,0002,SANTANDER,LUCIA,SAQUE,2022-02-04T19:10:52,778.36
9279,0007,ITAU,CARLOS,DEPOSITO,2022-02-08T11:18:09,1249.65
4582,0007,SANTANDER,LUCIA,DEPOSITO,2022-02-09T05:41:22,1375.38
1488,0000,CAIXA,PEDRO,SAQUE,2022-02-06T10:33:11,393.87
1434,0006,CAIXA,MARCOS,SAQUE,2022-02-05T23:09:06,373.58
1434,0003,SANTANDER,LUCIA,SAQUE,2022-02-02T09:21:05,165.91
1488,0005,ITAU,SANDRA,SAQUE,2022-02-07T10:37:33,751.74
2679,0000,CAIXA,PEDRO,DEPOSITO,2022-02-02T14:45:06,531.73
4657,0009,CAIXA,ANA,SAQUE,2022-02-02T08:15:35,949.09
2824,0007,CAIXA,LUCIA,DEPOSITO,2022-02-08T09:11:45,1135.99
4657,0005,SANTANDER,JOAO,DEPOSITO,2022-02-04T12:25:58,996.13
1434,0007,CAIXA,SANDRA,SAQUE,2022-02-10T01:08:55,935.96
9279,0004,SANTANDER,PEDRO,DEPOSITO,2022-02-07T16:02:01,377.88
2424,0005,CAIXA,CARLOS,SAQUE,2022-02-08T18:23:53,64.05
1488,0000,ITAU,JULIA,SAQUE,2022-02-01T22:47:04,1345.45
9279,0000,SANTANDER,PEDRO,SAQUE,2022-02-07T13:33:40,829.67
1488,0004,ITAU,PEDRO,DEPOSITO,2022-02-07T06:47:53,796.79
9279,0007,ITAU,ANA,DEPOSITO,2022-02-09T09:20:53,954.12
4582,0008,ITAU,CARLOS,SAQUE,2022-02-03T02:41:28,371.11
5506,0002,ITAU,MARIA,SAQUE,2022-02-07T18:33:53,843.27
2679,0004,ITAU,PEDRO,DEPOSITO,2022-02-06T18:57:50,125.74
9279,0008,ITAU,MARIA,SAQUE,2022-02-06T00:20:53,1245.52
2679,0003,CAIXA,SANDRA,DEPOSITO,2022-02-10T13:56:12,1481.43
7912,0003,SANTANDER,ANA,DEPOSITO,2022-02-01T19:18:05,1313.11
2679,0009,ITAU,MARIA,SAQUE,2022-02-05T10:13:48,412.03
2424,0008,SANTANDER,PEDRO,DEPOSITO,2022-02-01T05:52:09,321.73
7912,0000,CAIXA,JULIA,SAQUE,2022-02-08T21:30:02,175.04
9279,0002,ITAU,MARCOS,DEPOSITO,2022-02-05T05:35:37,573.23
9279,0000,CAIXA,CARLOS,SAQUE,2022-02-06T02:44:27,868.52
5506,0006,SANTANDER,MARIA,DEPOSITO,2022-02-04T20:08:53,1044.63
2824,0000,CAIXA,MARIA,DEPOSITO,2022-02-09T19:34:10,539.61
7912,0004,CAIXA,JULIA,DEPOSITO,2022-02-05T00:12:55,1474.82
5506,0002,ITAU,SANDRA,DEPOSITO,2022-02-07T09:44:15,1063.72
1488,0006,CAIXA,FELIPE,SAQUE,2022-02-06T20:50:01,1106.36
2824,0004,SANTANDER,MARIA,DEPOSITO,2022-02-06T06:42:26,486.45
2679,0007,CAIXA,LUCIA,SAQUE,2022-02-06T02:35:44,99.82
4657,0009,ITAU,JULIA,DEPOSITO,2022-02-03T15:07:16,760.97
7912,0008,SANTANDER,JOAO,SAQUE,2022-02-01T19:43:32,492.18
2824,0001,SANTANDER,JULIA,SAQUE,2022-02-08T16:18:54,86.91
2679,0009,ITAU,PEDRO,DEPOSITO,2022-02-10T12:32:09,1282.62
7912,0000,SANTANDER,PEDRO,SAQUE,2022-02-05T10:49:31,939.27
5506,0008,CAIXA,MARCOS,DEPOSITO,2022-02-04T22:22:00,515.11
4582,0006,ITAU,ANA,SAQUE,2022-02-07T16:31:17,296.64
4657,0003,CAIXA,JOAO,DEPOSITO,2022-02-05T16:03:35,701.34
2679,0004,CAIXA,CARLOS,DEPOSITO,2022-02-09T10:29:41,1075.73
7912,0006,CAIXA,MARCOS,SAQUE,2022-02-09T20:46:55,727.29
5506,0000,SANTANDER,MARCOS,DEPOSITO,2022-02-07T20:11:22,321.59
7912,0004,CAIXA,JULIA,SAQUE,2022-02-09T12:32:47,1130.63
1434,0005,ITAU,FELIPE,DEPOSITO,2022-02-10T18:05:57,1377.83
7912,0006,ITAU,SANDRA,SAQUE,2022-02-10T17:25:03,144.51
2424,0005,SANTANDER,JULIA,DEPOSITO,2022-02-10T08:42:37,1301.89
2679,0001,SANTANDER,PEDRO,SAQUE,2022-02-02T05:42:17,1302.64
1434,0005,SANTANDER,MARIA,SAQUE,2022-02-07T15:08:06,424.53
4582,0007,ITAU,JULIA,DEPOSITO,2022-02-10T09:09:23,137.45
7912,0003,ITAU,MARIA,SAQUE,2022-02-03T13:13:47,344.74
2824,0009,ITAU,CARLOS,SAQUE,2022-02-09T04:35:13,294.27
2679,0004,SANTANDER,JOAO,SAQUE,2022-02-10T06:00:24,873.56
2679,0009,CAIXA,MARCOS,DEPOSITO,2022-02-10T17:07:56,645.68
5506,0007,CAIXA,CARLOS,DEPOSITO,2022-02-02T21:07:56,147.64
2679,0001,SANTANDER,CARLOS,DEPOSITO,2022-02-06T00:52:11,1277.15
4582,0003,CAIXA,JOAO,DEPOSITO,2022-02-05T18:42:00,454.10
5506,0003,SANTANDER,ANA,DEPOSITO,2022-02-03T03:36:36,40.22
1488,0004,ITAU,ANA,SAQUE,2022-02-09T03:36:32,598.64
2679,0000,SANTANDER,FELIPE,SAQUE,2022-02-01T06:53:05,311.51
2424,0005,CAIXA,LUCIA,DEPOSITO,2022-02-10T02:51:51,708.94
2424,0000,CAIXA,LUCIA,DEPOSITO,2022-02-09T14:16:30,1417.58
9279,0000,CAIXA,LUCIA,SAQUE,2022-02-09T04:30:54,1176.51
2824,0006,CAIXA,FELIPE,DEPOSITO,2022-02-03T23:51:58,655.33
4657,0004,SANTANDER,LUCIA,DEPOSITO,2022-02-01T19:52:49,1414.75
7912,0003,SANTANDER,PEDRO,SAQUE,2022-02-10T05:03:14,652.98
4582,0003,CAIXA,MARIA,SAQUE,2022-02-04T14:35:36,465.98
7912,0005,CAIXA,MARIA,SAQUE,2022-02-05T16:18:01,926.83
4582,0003,SANTANDER,MARIA,DEPOSITO,2022-02-02T08:24:48,1148.07
2424,0007,CAIXA,JULIA,SAQUE,2022-02-05T17:32:57,128.90
2824,0004,CAIXA,LUCIA,DEPOSITO,2022-02-01T03:52:44,1300.79
5506,0006,CAIXA,LUCIA,DEPOSITO,2022-02-08T12:29:35,668.87
2424,0005,SANTANDER,SANDRA,DEPOSITO,2022-02-09T19:32:04,1364.43
2424,0008,CAIXA,JOAO,DEPOSITO,2022-02-06T03:23:00,1446.96
1488,0005,ITAU,JULIA,SAQUE,2022-02-06T19:10:40,485.98
2824,0005,ITAU,CARLOS,SAQUE,2022-02-03T05:51:11,93.41
2824,0007,SANTANDER,JULIA,DEPOSITO,2022-02-10T02:22:25,526.35
9279,0005,CAIXA,FELIPE,DEPOSITO,2022-02-01T06:33:15,966.94
4582,0001,CAIXA,JULIA,SAQUE,2022-02-04T01:07:49,45.73
2824,0003,SANTANDER,LUCIA,SAQUE,2022-02-02T05:33:25,656.24
4657,0008,ITAU,PEDRO,DEPOSITO,2022-02-10T12:10:48,989.02
5506,0000,CAIXA,JOAO,SAQUE,2022-02-04T22:21:57,866.62
7912,0000,CAIXA,FELIPE,DEPOSITO,2022-02-07T18:59:36,848.73
7912,0003,CAIXA,ANA,DEPOSITO,2022-02-10T14:09:37,18.62
7912,0007,CAIXA,JULIA,DEPOSITO,2022-02-09T00:27:43,541.24
2424,0003,ITAU,SANDRA,SAQUE,2022-02-06T10:23:44,216.65
7912,0001,ITAU,FELIPE,DEPOSITO,2022-02-06T07:22:24,631.41
7912,0000,CAIXA,MARIA,DEPOSITO,2022-02-03T20:29:47,721.07
2824,0006,ITAU,SANDRA,DEPOSITO,2022-02-08T09:05:08,355.21
7912,0008,SANTANDER,PEDRO,DEPOSITO,2022-02-10T02:10:46,554.41
1488,0003,ITAU,SANDRA,SAQUE,2022-02-10T15:42:40,1222.98
1488,0008,CAIXA,JULIA,SAQUE,2022-02-10T07:04:36,450.57
1434,0009,SANTANDER,CARLOS,SAQUE,2022-02-08T07:43:41,392.77
1488,0006,ITAU,ANA,SAQUE,2022-02-01T07:40:28,1108.69
2824,0003,SANTANDER,JULIA,SAQUE,2022-02-02T06:03:53,964.44
2679,0001,ITAU,PEDRO,DEPOSITO,2022-02-01T15:43:41,890.27
2679,0008,CAIXA,MARIA,DEPOSITO,2022-02-04T09:25:53,1133.38
4657,0003,ITAU,FELIPE,SAQUE,2022-02-04T21:49:52,880.98
4582,0009,ITAU,PEDRO,SAQUE,2022-02-02T08:36:42,737.46
1434,0006,CAIXA,MARCOS,SAQUE,2022-02-06T19:08:36,440.52
2824,0007,ITAU,FELIPE,DEPOSITO,2022-02-06T23:11:36,712.78
2679,0000,CAIXA,PEDRO,SAQUE,2022-02-07T11:50:55,541.25
1488,0008,SANTANDER,CARLOS,SAQUE,2022-02-06T23:52:28,1014.57
9279,0005,ITAU,JOAO,SAQUE,2022-02-01T03:31:30,613.24
2824,0008,SANTANDER,CARLOS,SAQUE,2022-02-10T09:38:28,1097.12
2679,0007,ITAU,FELIPE,DEPOSITO,2022-02-02T08:51:34,19.95
5506,0005,CAIXA,CARLOS,DEPOSITO,2022-02-02T22:54:23,756.60
1434,0006,SANTANDER,SANDRA,SAQUE,2022-02-03T16:59:34,17.07
1434,0001,SANTANDER,FELIPE,SAQUE,2022-02-05T21:24:56,37.14
2424,0003,SANTANDER,MARCOS,SAQUE,2022-02-06T07:30:13,207.27
4657,0004,ITAU,JULIA,DEPOSITO,2022-02-10T01:47:58,333.37
5506,0005,SANTANDER,CARLOS,SAQUE,2022-02-06T16:03:34,789.63
9279,0004,SANTANDER,JULIA,DEPOSITO,2022-02-04T01:11:42,380.26
4582,0006,CAIXA,ANA,DEPOSITO,2022-02-03T18:14:10,1136.24
2424,0007,CAIXA,MARIA,DEPOSITO,2022-02-02T17:36:18,903.13
2679,0008,ITAU,JULIA,SAQUE,2022-02-08T08:52:57,290.43
1434,0009,SANTANDER,JOAO,DEPOSITO,2022-02-04T04:03:55,148.56
9279,0006,CAIXA,JOAO,SAQUE,2022-02-04T09:25:03,1467.63
1434,0009,ITAU,MARCOS,SAQUE,2022-02-10T07:42:30,65.04
1434,0000,SANTANDER,SANDRA,SAQUE,2022-02-01T21:51:28,693.64
1488,0009,SANTANDER,CARLOS,SAQUE,2022-02-06T13:22:33,866.70
2824,0007,SANTANDER,FELIPE,DEPOSITO,2022-02-10T11:20:19,998.35
2679,0009,ITAU,MARCOS,DEPOSITO,2022-02-05T23:01:47,1363.70
9279,0001,SANTANDER,LUCIA,DEPOSITO,2022-02-02T09:59:24,447.07
9279,0005,ITAU,SANDRA,SAQUE,2022-02-01T11:19:36,1336.71
2424,0009,CAIXA,JULIA,SAQUE,2022-02-01T22:00:14,996.02
7912,0006,SANTANDER,FELIPE,SAQUE,2022-02-06T16:50:04,487.21
4582,0000,CAIXA,PEDRO,SAQUE,2022-02-02T12:40:21,1147.16
2424,0008,ITAU,MARIA,SAQUE,2022-02-09T18:01:33,1495.13
7912,0003,ITAU,ANA,SAQUE,2022-02-06T21:02:54,498.26
4657,0005,SANTANDER,JULIA,DEPOSITO,2022-02-08T05:01:33,1263.11
2824,0009,CAIXA,JULIA,SAQUE,2022-02-03T02:02:20,1368.58
4582,0003,SANTANDER,SANDRA,DEPOSITO,2022-02-05T23:51:55,940.54
5506,0001,ITAU,FELIPE,SAQUE,2022-02-07T21:16:54,1019.31
2824,0006,SANTANDER,MARCOS,DEPOSITO,2022-02-10T17:35:49,101.95
5506,0009,SANTANDER,CARLOS,DEPOSITO,2022-02-04T23:33:11,194.73
2424,0009,SANTANDER,MARCOS,DEPOSITO,2022-02-02T13:59:44,744.64
4582,0007,ITAU,JOAO,DEPOSITO,2022-02-04T19:03:22,413.77
2424,0007,ITAU,JOAO,DEPOSITO,2022-02-05T13:44:44,1178.67
2824,0007,SANTANDER,PEDRO,DEPOSITO,2022-02-06T05:14:47,85.87
2679,0005,ITAU,SANDRA,SAQUE,2022-02-06T01:50:34,246.77
7912,0008,ITAU,JULIA,SAQUE,2022-02-04T19:04:44,1126.25
9279,0009,CAIXA,JOAO,SAQUE,2022-02-09T17:14:28,1492.39
4657,0009,SANTANDER,SANDRA,DEPOSITO,2022-02-05T15:16:21,1345.23
2824,0008,CAIXA,PEDRO,SAQUE,2022-02-04T23:47:49,617.72
1488,0008,ITAU,MARIA,SAQUE,2022-02-09T14:38:18,1256.11
7912,0001,CAIXA,LUCIA,SAQUE,2022-02-08T05:03:41,289.40
9279,0008,ITAU,SANDRA,DEPOSITO,2022-02-09T12:00:14,1196.18
4582,0002,SANTANDER,JULIA,SAQUE,2022-02-05T22:58:55,300.61
4582,0005,SANTANDER,JOAO,DEPOSITO,2022-02-04T05:00:18,1053.95
1488,0002,SANTANDER,CARLOS,DEPOSITO,2022-02-02T13:18:51,79.64
9279,0007,SANTANDER,CARLOS,SAQUE,2022-02-02T21:06:12,702.62
9279,0002,SANTANDER,FELIPE,DEPOSITO,2022-02-08T01:45:56,1323.21
4582,0004,SANTANDER,CARLOS,DEPOSITO,2022-02-05T00:59:21,1114.52
1434,0007,CAIXA,ANA,SAQUE,2022-02-09T20:00:48,244.35
4657,0008,CAIXA,JOAO,DEPOSITO,2022-02-08T17:19:32,772.46
9279,0007,ITAU,CARLOS,SAQUE,2022-02-03T03:00:48,602.48
2424,0006,CAIXA,MARIA,SAQUE,2022-02-01T23:01:33,377.40
2824,0008,ITAU,FELIPE,SAQUE,2022-02-06T04:43:18,770.31
2424,0008,CAIXA,MARIA,SAQUE,2022-02-04T12:27:15,90.73
1434,0007,SANTANDER,ANA,DEPOSITO,2022-02-06T09:02:28,1026.26
5506,0007,CAIXA,FELIPE,SAQUE,2022-02-09T14:50:22,1067.94
2824,0007,CAIXA,ANA,SAQUE,2022-02-03T23:17:17,1366.33
7912,0007,CAIXA,SANDRA,SAQUE,2022-02-02T17:26:07,347.39
5506,0000,CAIXA,CARLOS,SAQUE,2022-02-06T00:20:04,664.19
7912,0000,ITAU,LUCIA,SAQUE,2022-02-08T19:01:46,359.12
1488,0001,ITAU,FELIPE,SAQUE,2022-02-04T10:56:02,1466.98
2679,0007,SANTANDER,ANA,SAQUE,2022-02-06T17:55:55,1371.10
4582,0001,SANTANDER,JULIA,DEPOSITO,2022-02-07T09:20:59,367.24
9279,0003,CAIXA,PEDRO,DEPOSITO,2022-02-05T16:14:33,182.46
5506,0005,SANTANDER,JULIA,SAQUE,2022-02-05T02:52:07,451.95
4582,0001,CAIXA,FELIPE,SAQUE,2022-02-06T10:23:23,187.52
1434,0001,ITAU,MARIA,SAQUE,2022-02-02T23:39:38,22.51
2824,0000,ITAU,JULIA,SAQUE,2022-02-10T18:28:59,802.09
1434,0009,CAIXA,ANA,DEPOSITO,2022-02-09T06:18:12,522.07
2679,0004,CAIXA,JULIA,SAQUE,2022-02-04T22:42:29,987.14
4582,0007,SANTANDER,ANA,SAQUE,2022-02-06T07:35:56,377.30
5506,0002,SANTANDER,ANA,SAQUE,2022-02-01T20:25:04,1001.61
4657,0009,ITAU,SANDRA,SAQUE,2022-02-05T11:53:35,1045.23
4657,0005,SANTANDER,MARCOS,SAQUE,2022-02-03T17:33:23,886.06
5506,0003,CAIXA,PEDRO,SAQUE,2022-02-04T03:15:19,1150.19
2424,0005,ITAU,LUCIA,DEPOSITO,2022-02-07T01:32:57,940.37
2424,0000,CAIXA,PEDRO,SAQUE,2022-02-02T04:04:11,631.15
2424,0001,ITAU,CARLOS,DEPOSITO,2022-02-09T13:57:31,486.57
2824,0008,ITAU,ANA,DEPOSITO,2022-02-09T06:44:43,199.98
4657,0000,CAIXA,JULIA,DEPOSITO,2022-02-01T02:47:48,1470.54
4657,0009,CAIXA,FELIPE,DEPOSITO,2022-02-06T11:02:54,878.46
1434,0000,ITAU,JULIA,SAQUE,2022-02-07T19:54:43,74.90
4657,0005,SANTANDER,MARCOS,SAQUE,2022-02-10T08:42:56,835.17
1488,0007,CAIXA,JULIA,DEPOSITO,2022-02-08T09:17:11,736.42
1434,0009,ITAU,LUCIA,DEPOSITO,2022-02-07T15:55:00,492.21
4582,0006,ITAU,MARIA,DEPOSITO,2022-02-04T08:05:17,824.29
2679,0002,CAIXA,JOAO,DEPOSITO,2022-02-01T11:48:10,516.48
1488,0001,CAIXA,LUCIA,SAQUE,2022-02-09T16:57:22,571.22
1434,0007,CAIXA,JULIA,SAQUE,2022-02-08T06:19:32,1217.43
4657,0004,CAIXA,ANA,DEPOSITO,2022-02-01T22:02:34,1169.06
4657,0005,SANTANDER,CARLOS,SAQUE,2022-02-02T18:01:36,632.85
2824,0005,CAIXA,CARLOS,SAQUE,2022-02-10T12:03:23,1245.90
5506,0009,CAIXA,FELIPE,DEPOSITO,2022-02-09T21:00:00,1061.42
9279,0000,CAIXA,PEDRO,SAQUE,2022-02-01T17:06:59,1168.22
5506,0009,ITAU,JULIA,SAQUE,2022-02-09T11:08:31,881.33
7912,0007,ITAU,ANA,SAQUE,2022-02-08T02:39:37,16.70
2424,0001,SANTANDER,PEDRO,DEPOSITO,2022-02-04T05:44:32,1088.75
2424,0004,SANTANDER,MARIA,SAQUE,2022-02-02T13:02:31,1076.00
1434,0009,SANTANDER,MARCOS,DEPOSITO,2022-02-04T13:13:33,324.51
1434,0004,SANTANDER,LUCIA,SAQUE,2022-02-07T04:06:41,360.33
2679,0004,ITAU,FELIPE,SAQUE,2022-02-01T13:35:21,413.30
7912,0006,ITAU,SANDRA,SAQUE,2022-02-02T16:00:47,293.15
2679,0008,SANTANDER,MARCOS,DEPOSITO,2022-02-09T21:59:05,1489.89
4657,0006,CAIXA,JOAO,DEPOSITO,2022-02-06T02:27:13,1376.11
5506,0008,SANTANDER,SANDRA,SAQUE,2022-02-10T13:04:34,1223.97
4582,0001,CAIXA,MARIA,SAQUE,2022-02-10T03:20:41,186.67
2679,0006,SANTANDER,PEDRO,DEPOSITO,2022-02-01T12:37:12,475.32
9279,0003,CAIXA,JOAO,SAQUE,2022-02-09T06:47:53,1262.19
2424,0009,SANTANDER,MARIA,DEPOSITO,2022-02-01T06:30:54,888.37
5506,0009,SANTANDER,MARIA,SAQUE,2022-02-03T05:52:35,923.70
7912,0006,SANTANDER,ANA,SAQUE,2022-02-03T01:38:21,659.03
9279,0001,ITAU,JULIA,DEPOSITO,2022-02-03T04:46:50,133.53
1434,0001,SANTANDER,JOAO,DEPOSITO,2022-02-08T12:39:00,803.31
7912,0003,ITAU,MARCOS,DEPOSITO,2022-02-10T14:17:00,249.89
4582,0004,ITAU,FELIPE,SAQUE,2022-02-09T07:33:35,750.73
7912,0004,CAIXA,SANDRA,SAQUE,2022-02-01T07:15:31,550.65
5506,0006,SANTANDER,SANDRA,SAQUE,2022-02-03T19:06:32,408.51
4657,0007,CAIXA,FELIPE,SAQUE,2022-02-08T15:03:24,1047.81
4657,0003,SANTANDER,PEDRO,DEPOSITO,2022-02-10T00:27:25,1425.17
4582,0004,SANTANDER,CARLOS,SAQUE,2022-02-08T19:40:38,1286.55
7912,0007,CAIXA,MARCOS,SAQUE,2022-02-08T22:13:34,711.33
2824,0007,CAIXA,FELIPE,DEPOSITO,2022-02-01T20:00:45,996.18
2679,0005,SANTANDER,PEDRO,SAQUE,2022-02-06T18:29:22,377.88
9279,0008,CAIXA,LUCIA,DEPOSITO,2022-02-06T12:16:57,967.19
2824,0005,ITAU,MARIA,DEPOSITO,2022-02-10T03:40:00,290.70
7912,0005,SANTANDER,MARIA,DEPOSITO,2022-02-08T13:30:26,891.29
9279,0008,ITAU,ANA,SAQUE,2022-02-07T01:33:25,1328.76
5506,0007,ITAU,MARCOS,SAQUE,2022-02-06T11:58:21,385.86
2824,0003,SANTANDER,FELIPE,SAQUE,2022-02-02T07:09:55,288.18
1488,0003,ITAU,CARLOS,DEPOSITO,2022-02-05T16:19:45,348.64
9279,0003,CAIXA,SANDRA,SAQUE,2022-02-07T13:42:01,1070.14
2824,0008,SANTANDER,JOAO,DEPOSITO,2022-02-01T06:42:02,1218.89
1434,0000,SANTANDER,SANDRA,DEPOSITO,2022-02-07T04:35:40,559.07
1488,0009,ITAU,MARCOS,DEPOSITO,2022-02-08T01:55:59,1321.89
4582,0005,SANTANDER,JULIA,SAQUE,2022-02-08T22:01:35,369.61
9279,0009,SANTANDER,JOAO,SAQUE,2022-02-06T04:20:13,131.01
4657,0003,CAIXA,CARLOS,SAQUE,2022-02-07T11:06:38,970.82
4657,0006,CAIXA,JULIA,SAQUE,2022-02-06T02:45:28,330.72
1434,0005,CAIXA,MARIA,SAQUE,2022-02-05T01:38:23,1172.60
9279,0005,ITAU,FELIPE,DEPOSITO,2022-02-05T03:45:44,1071.39
9279,0006,SANTANDER,MARIA,DEPOSITO,2022-02-04T11:52:43,140.20
1488,0003,CAIXA,MARCOS,SAQUE,2022-02-09T06:36:37,215.08
1434,0008,CAIXA,CARLOS,SAQUE,2022-02-07T21:59:59,445.17
7912,0005,ITAU,MARCOS,DEPOSITO,2022-02-07T19:26:44,1064.92
4657,0000,ITAU,LUCIA,DEPOSITO,2022-02-01T10:52:43,44.63
4582,0004,ITAU,JULIA,SAQUE,2022-02-08T07:44:09,1005.03
1434,0001,ITAU,MARIA,DEPOSITO,2022-02-05T00:16:50,489.50
9279,0002,CAIXA,JOAO,DEPOSITO,2022-02-05T21:53:09,851.94
5506,0003,CAIXA,LUCIA,DEPOSITO,2022-02-04T07:19:49,12.33
7912,0008,CAIXA,MARCOS,DEPOSITO,2022-02-09T02:01:47,416.62
7912,0009,SANTANDER,JOAO,SAQUE,2022-02-09T15:04:56,641.07
4657,0008,ITAU,JULIA,DEPOSITO,2022-02-05T06:40:46,1281.69
4657,0005,CAIXA,SANDRA,SAQUE,2022-02-05T02:45:49,241.38
5506,0006,SANTANDER,PEDRO,SAQUE,2022-02-03T22:32:51,316.45
9279,0008,SANTANDER,MARCOS,SAQUE,2022-02-09T08:06:49,1016.51
7912,0004,SANTANDER,PEDRO,SAQUE,2022-02-10T15:19:46,1355.77
4657,0007,SANTANDER,JULIA,SAQUE,2022-02-03T14:20:03,490.78
4582,0008,SANTANDER,SANDRA,SAQUE,2022-02-04T04:52:53,902.91
2424,0002,CAIXA,FELIPE,DEPOSITO,2022-02-01T10:47:15,1302.50
2424,0004,CAIXA,SANDRA,DEPOSITO,2022-02-04T07:02:54,727.24
9279,0005,CAIXA,CARLOS,SAQUE,2022-02-04T09:35:48,1250.46
2824,0006,SANTANDER,FELIPE,SAQUE,2022-02-03T03:41:29,188.36
4582,0006,ITAU,CARLOS,SAQUE,2022-02-04T01:27:00,755.67
5506,0005,SANTANDER,MARIA,DEPOSITO,2022-02-08T00:56:27,586.42
9279,0006,SANTANDER,MARIA,SAQUE,2022-02-05T16:42:25,1094.19
4657,0007,CAIXA,LUCIA,SAQUE,2022-02-10T07:14:52,1454.68
1434,0000,SANTANDER,MARCOS,DEPOSITO,2022-02-03T19:20:18,788.66
4657,0005,CAIXA,CARLOS,SAQUE,2022-02-06T03:01:47,1421.46
1434,0006,CAIXA,CARLOS,DEPOSITO,2022-02-09T13:18:19,397.86
2424,0005,SANTANDER,CARLOS,DEPOSITO,2022-02-08T01:01:30,169.90
1488,0009,ITAU,MARIA,SAQUE,2022-02-04T04:33:45,1050.07
5506,0004,SANTANDER,SANDRA,SAQUE,2022-02-08T10:21:31,104.81
1488,0004,ITAU,PEDRO,DEPOSITO,2022-02-05T20:48:58,101.88
2424,0000,ITAU,FELIPE,DEPOSITO,2022-02-02T00:35:11,544.47
4582,0000,CAIXA,MARCOS,SAQUE,2022-02-09T17:34:04,1306.49
5506,0006,CAIXA,FELIPE,DEPOSITO,2022-02-09T00:35:46,314.68
7912,0008,CAIXA,MARCOS,DEPOSITO,2022-02-05T12:22:35,910.48
2424,0008,SANTANDER,ANA,SAQUE,2022-02-07T16:34:56,875.31
2679,0009,CAIXA,MARCOS,DEPOSITO,2022-02-04T16:57:04,508.61
1434,0009,SANTANDER,LUCIA,SAQUE,2022-02-03T07:08:54,142.87
2679,0005,SANTANDER,SANDRA,DEPOSITO,2022-02-09T15:05:31,495.23
1488,0006,CAIXA,LUCIA,DEPOSITO,2022-02-08T01:14:57,988.72
2679,0009,ITAU,FELIPE,DEPOSITO,2022-02-05T20:00:32,1471.11
4657,0006,SANTANDER,MARCOS,SAQUE,2022-02-02T23:42:31,636.83
9279,0002,CAIXA,JULIA,SAQUE,2022-02-07T03:38:56,122.86
5506,0002,CAIXA,ANA,DEPOSITO,2022-02-03T04:25:14,794.19
4657,0008,SANTANDER,SANDRA,SAQUE,2022-02-10T05:23:20,1196.78
7912,0006,CAIXA,MARIA,SAQUE,2022-02-02T23:40:53,841.38
2679,0001,CAIXA,MARIA,SAQUE,2022-02-09T11:18:19,1325.54
1488,0007,CAIXA,MARCOS,DEPOSITO,2022-02-06T09:25:55,1305.74
7912,0009,ITAU,ANA,DEPOSITO,2022-02-09T17:54:56,824.94
9279,0003,CAIXA,PEDRO,SAQUE,2022-02-07T16:18:12,1426.28
5506,0009,CAIXA,MARCOS,DEPOSITO,2022-02-03T10:34:04,568.10
2424,0003,CAIXA,CARLOS,SAQUE,2022-02-02T23:43:18,731.79
5506,0001,ITAU,JOAO,SAQUE,2022-02-04T10:46:15,406.46
4657,0007,ITAU,MARCOS,DEPOSITO,2022-02-04T01:34:09,1346.33
2679,0003,ITAU,JULIA,SAQUE,2022-02-01T16:26:54,1091.70
2824,0001,ITAU,JULIA,SAQUE,2022-02-10T01:38:42,480.98
2679,0007,ITAU,MARIA,DEPOSITO,2022-02-04T23:19:07,979.26
2824,0000,SANTANDER,LUCIA,SAQUE,2022-02-07T01:20:53,734.86
2679,0003,SANTANDER,CARLOS,DEPOSITO,2022-02-06T12:09:27,886.53
2824,0004,SANTANDER,CARLOS,DEPOSITO,2022-02-10T14:58:37,1246.81
9279,0000,CAIXA,PEDRO,DEPOSITO,2022-02-06T11:28:51,358.62
9279,0009,ITAU,SANDRA,SAQUE,2022-02-03T11:57:01,1461.36
2679,0002,CAIXA,ANA,SAQUE,2022-02-03T03:41:19,1380.62
9279,0000,ITAU,FELIPE,SAQUE,2022-02-03T17:45:34,10.77
4582,0001,ITAU,JULIA,SAQUE,2022-02-04T21:19:37,374.86
4582,0000,SANTANDER,FELIPE,SAQUE,2022-02-08T18:35:02,22.92
1434,0004,ITAU,ANA,SAQUE,2022-02-06T21:22:50,49.37
9279,0008,ITAU,SANDRA,DEPOSITO,2022-02-08T05:12:56,411.83
5506,0009,ITAU,CARLOS,SAQUE,2022-02-07T13:14:06,33.95
9279,0006,SANTANDER,SANDRA,DEPOSITO,2022-02-04T16:54:16,664.23
2679,0003,SANTANDER,CARLOS,SAQUE,2022-02-06T10:36:33,315.43
1434,0001,CAIXA,JULIA,SAQUE,2022-02-07T05:28:02,1211.30
1434,0003,SANTANDER,MARIA,SAQUE,2022-02-02T11:04:31,183.54
1434,0004,ITAU,JOAO,SAQUE,2022-02-09T20:37:02,1437.56
7912,0001,SANTANDER,CARLOS,DEPOSITO,2022-02-04T23:20:23,1267.94
1488,0008,CAIXA,JOAO,SAQUE,2022-02-04T10:58:15,720.33
2824,0003,SANTANDER,ANA,DEPOSITO,2022-02-07T05:56:25,220.99
1434,0002,CAIXA,MARCOS,SAQUE,2022-02-01T23:16:19,581.40
1434,0003,ITAU,SANDRA,SAQUE,2022-02-07T01:37:33,504.84
4582,0007,SANTANDER,ANA,DEPOSITO,2022-02-01T13:53:17,1222.82
4657,0008,ITAU,SANDRA,DEPOSITO,2022-02-05T08:14:14,486.34
4582,0001,CAIXA,CARLOS,SAQUE,2022-02-04T12:55:36,830.29
2824,0005,SANTANDER,SANDRA,DEPOSITO,2022-02-04T10:50:56,861.76
9279,0002,ITAU,CARLOS,DEPOSITO,2022-02-10T01:27:20,1291.00
2424,0001,ITAU,PEDRO,DEPOSITO,2022-02-01T18:12:32,377.97
5506,0009,SANTANDER,PEDRO,SAQUE,2022-02-03T10:49:09,1317.15
2679,0005,CAIXA,MARIA,DEPOSITO,2022-02-02T23:39:29,859.78
9279,0003,SANTANDER,FELIPE,SAQUE,2022-02-07T11:06:46,1375.18
7912,0008,ITAU,MARIA,SAQUE,2022-02-07T18:53:05,761.33
9279,0008,ITAU,MARCOS,SAQUE,2022-02-08T05:21:31,378.85
2424,0007,CAIXA,SANDRA,DEPOSITO,2022-02-05T18:10:53,1302.78
5506,0007,ITAU,MARCOS,SAQUE,2022-02-05T01:01:14,759.83
4582,0008,CAIXA,JOAO,SAQUE,2022-02-09T02:50:45,1493.97
4582,0002,ITAU,ANA,SAQUE,2022-02-08T11:42:38,244.05
7912,0004,SANTANDER,MARCOS,DEPOSITO,2022-02-09T10:59:40,1068.90
2824,0004,ITAU,ANA,SAQUE,2022-02-05T06:46:01,780.02
4657,0001,SANTANDER,LUCIA,SAQUE,2022-02-09T05:27:11,935.52
5506,0006,CAIXA,MARCOS,DEPOSITO,2022-02-06T10:51:31,110.85
5506,0003,ITAU,JULIA,SAQUE,2022-02-08T19:46:56,255.24
2679,0000,ITAU,SANDRA,SAQUE,2022-02-07T05:29:01,1009.19
1488,0003,ITAU,MARCOS,SAQUE,2022-02-10T08:51:45,1070.64
1434,0008,ITAU,MARIA,DEPOSITO,2022-02-05T04:45:25,1115.06
4582,0008,CAIXA,CARLOS,DEPOSITO,2022-02-05T14:08:37,1306.94
4582,0004,CAIXA,LUCIA,SAQUE,2022-02-03T09:24:05,132.29
7912,0003,ITAU,CARLOS,SAQUE,2022-02-10T13:08:06,280.69
9279,0007,ITAU,MARIA,SAQUE,2022-02-07T19:06:23,825.79
2679,0005,ITAU,MARCOS,SAQUE,2022-02-07T23:52:29,344.35
9279,0002,SANTANDER,JOAO,DEPOSITO,2022-02-03T18:57:32,472.17
1488,0009,ITAU,PEDRO,DEPOSITO,2022-02-06T06:12:22,1307.49
2424,0003,SANTANDER,JULIA,SAQUE,2022-02-01T11:48:18,800.74
2679,0002,SANTANDER,JULIA,DEPOSITO,2022-02-06T05:53:59,1466.89
2424,0001,CAIXA,MARCOS,DEPOSITO,2022-02-05T21:02:57,306.44
9279,0001,SANTANDER,CARLOS,DEPOSITO,2022-02-06T20:23:27,1402.12
5506,0000,ITAU,SANDRA,SAQUE,2022-02-04T01:01:22,678.86
9279,0008,CAIXA,LUCIA,SAQUE,2022-02-10T06:38:57,1415.73
4582,0005,SANTANDER,ANA,SAQUE,2022-02-04T15:37:49,1466.06
5506,0001,CAIXA,JULIA,DEPOSITO,2022-02-07T15:32:58,48.43
2679,0000,SANTANDER,MARCOS,DEPOSITO,2022-02-06T23:11:42,324.73
7912,0000,ITAU,MARCOS,DEPOSITO,2022-02-01T08:17:33,79.23
9279,0000,CAIXA,LUCIA,SAQUE,2022-02-01T19:21:26,137.61
2679,0002,SANTANDER,PEDRO,DEPOSITO,2022-02-01T06:06:26,615.04
2424,0004,ITAU,FELIPE,DEPOSITO,2022-02-05T12:54:38,521.48
9279,0001,ITAU,PEDRO,SAQUE,2022-02-04T10:20:14,34.80
5506,0003,SANTANDER,LUCIA,DEPOSITO,2022-02-04T20:56:19,1308.81
4582,0004,CAIXA,LUCIA,DEPOSITO,2022-02-06T21:11:35,203.88
2824,0009,SANTANDER,SANDRA,DEPOSITO,2022-02-05T18:04:00,1391.01
5506,0003,ITAU,SANDRA,DEPOSITO,2022-02-08T23:09:56,504.73
2424,0000,SANTANDER,PEDRO,SAQUE,2022-02-03T17:27:21,324.64
2679,0002,SANTANDER,ANA,DEPOSITO,2022-02-05T00:49:04,463.56
2824,0005,SANTANDER,LUCIA,DEPOSITO,2022-02-01T20:55:00,361.21
1434,0007,ITAU,JOAO,SAQUE,2022-02-04T02:16:01,608.05
2679,0007,SANTANDER,LUCIA,SAQUE,2022-02-08T06:26:20,541.88
5506,0002,SANTANDER,JULIA,SAQUE,2022-02-03T02:21:46,748.76
4582,0009,CAIXA,LUCIA,SAQUE,2022-02-06T09:32:03,173.14
4582,0009,CAIXA,JULIA,SAQUE,2022-02-07T03:05:38,324.03
2679,0002,ITAU,FELIPE,SAQUE,2022-02-07T13:25:49,1454.75
2824,0004,CAIXA,LUCIA,DEPOSITO,2022-02-07T17:00:15,1288.32
4582,0002,SANTANDER,FELIPE,DEPOSITO,2022-02-05T12:21:36,828.78
2424,0005,SANTANDER,JOAO,SAQUE,2022-02-06T01:10:54,399.05
1488,0004,ITAU,MARCOS,DEPOSITO,2022-02-05T07:48:02,176.44
9279,0004,ITAU,ANA,SAQUE,2022-02-07T03:53:54,609.63
1434,0000,SANTANDER,ANA,SAQUE,2022-02-10T16:43:01,1392.54
1434,0003,CAIXA,JOAO,SAQUE,2022-02-01T19:32:58,65.32
1488,0002,SANTANDER,MARCOS,DEPOSITO,2022-02-03T21:32:07,704.71
2824,0005,SANTANDER,MARCOS,DEPOSITO,2022-02-01T12:49:11,1399.93
2824,0008,ITAU,FELIPE,SAQUE,2022-02-10T10:22:20,1253.07
2824,0002,SANTANDER,CARLOS,SAQUE,2022-02-04T07:15:17,64.97
2679,0005,CAIXA,ANA,SAQUE,2022-02-05T06:35:00,399.24
2824,0002,CAIXA,CARLOS,SAQUE,2022-02-05T13:36:20,1095.32
9279,0003,ITAU,SANDRA,DEPOSITO,2022-02-09T22:48:28,1254.48
4582,0009,ITAU,JOAO,SAQUE,2022-02-02T17:25:36,1244.45
2424,0001,CAIXA,JULIA,DEPOSITO,2022-02-08T07:10:34,671.92
2424,0007,CAIXA,ANA,SAQUE,2022-02-06T20:30:46,1349.44
2824,0004,SANTANDER,MARCOS,SAQUE,2022-02-02T13:21:26,993.24
4657,0006,SANTANDER,JOAO,DEPOSITO,2022-02-06T08:53:37,1197.17
5506,0004,ITAU,PEDRO,SAQUE,2022-02-05T08:58:39,240.83
7912,0002,ITAU,JULIA,DEPOSITO,2022-02-06T07:24:41,223.63
5506,0001,ITAU,JULIA,SAQUE,2022-02-09T10:28:07,1408.89
5506,0005,SANTANDER,LUCIA,SAQUE,2022-02-02T16:41:41,417.02
2679,0007,CAIXA,MARIA,DEPOSITO,2022-02-07T15:43:15,558.01
7912,0008,ITAU,JOAO,DEPOSITO,2022-02-06T09:50:47,1048.71
4582,0005,CAIXA,ANA,SAQUE,2022-02-04T19:28:18,290.34
1488,0005,SANTANDER,SANDRA,DEPOSITO,2022-02-02T08:46:16,738.18
7912,0004,ITAU,MARCOS,DEPOSITO,2022-02-04T01:07:07,682.44
9279,0000,SANTANDER,MARCOS,SAQUE,2022-02-06T07:12:30,1374.68
2679,0002,CAIXA,SANDRA,SAQUE,2022-02-10T17:12:57,1368.17
9279,0000,CAIXA,JOAO,SAQUE,2022-02-06T12:06:10,810.77
1488,0002,ITAU,ANA,SAQUE,2022-02-08T11:56:14,410.04
7912,0004,SANTANDER,CARLOS,SAQUE,2022-02-07T02:14:45,526.40
4582,0001,ITAU,JULIA,SAQUE,2022-02-08T09:53:15,1066.88
2679,0006,ITAU,CARLOS,SAQUE,2022-02-08T22:18:15,1347.37
1488,0002,SANTANDER,LUCIA,DEPOSITO,2022-02-02T14:02:58,122.71
4582,0006,CAIXA,MARCOS,DEPOSITO,2022-02-04T18:10:36,518.90
5506,0002,CAIXA,JULIA,DEPOSITO,2022-02-02T07:44:54,292.22
2679,0007,ITAU,LUCIA,DEPOSITO,2022-02-04T11:31:06,603.04
4657,0009,ITAU,PEDRO,SAQUE,2022-02-01T19:04:54,211.41
4657,0001,SANTANDER,JULIA,SAQUE,2022-02-01T23:03:18,1433.00
5506,0008,ITAU,PEDRO,SAQUE,2022-02-02T05:32:45,820.82
4657,0007,CAIXA,JOAO,DEPOSITO,2022-02-08T02:58:26,1291.78
7912,0006,CAIXA,CARLOS,SAQUE,2022-02-06T04:29:52,28.35
4582,0005,SANTANDER,CARLOS,SAQUE,2022-02-05T21:46:51,98.81
2679,0009,ITAU,ANA,DEPOSITO,2022-02-07T02:06:55,473.30
2679,0005,SANTANDER,ANA,SAQUE,2022-02-10T13:48:58,166.10
7912,0002,ITAU,FELIPE,DEPOSITO,2022-02-06T03:12:29,512.65
9279,0009,CAIXA,JULIA,SAQUE,2022-02-05T00:11:52,59.42
1434,0003,ITAU,MARCOS,DEPOSITO,2022-02-09T16:38:01,598.08
2424,0003,SANTANDER,LUCIA,SAQUE,2022-02-03T07:40:10,967.43
1488,0004,CAIXA,CARLOS,SAQUE,2022-02-07T13:27:29,83.93
7912,0002,SANTANDER,FELIPE,SAQUE,2022-02-09T06:17:58,840.16
1488,0007,CAIXA,LUCIA,SAQUE,2022-02-06T19:17:45,1431.19
1488,0009,ITAU,MARCOS,DEPOSITO,2022-02-10T05:50:15,1386.06
4582,0007,SANTANDER,PEDRO,DEPOSITO,2022-02-02T23:15:25,908.13
9279,0007,CAIXA,CARLOS,DEPOSITO,2022-02-01T13:37:04,602.73
5506,0008,CAIXA,ANA,SAQUE,2022-02-07T07:42:37,743.73
9279,0006,CAIXA,JULIA,DEPOSITO,2022-02-03T03:05:50,104.04
1434,0006,ITAU,FELIPE,SAQUE,2022-02-02T22:33:52,1409.53
5506,0000,ITAU,ANA,SAQUE,2022-02-03T04:57:57,1009.23
1488,0003,CAIXA,FELIPE,SAQUE,2022-02-09T06:59:07,893.06
2824,0006,CAIXA,JOAO,SAQUE,2022-02-05T13:13:55,1158.58
1434,0000,SANTANDER,FELIPE,SAQUE,2022-02-05T11:14:43,1183.24
1434,0005,CAIXA,JULIA,DEPOSITO,2022-02-08T17:21:16,95.57
1434,0003,ITAU,JOAO,SAQUE,2022-02-06T01:50:00,332.86
5506,0007,SANTANDER,MARCOS,SAQUE,2022-02-08T20:04:42,545.62
4582,0007,CAIXA,MARIA,DEPOSITO,2022-02-05T11:12:19,814.10
1434,0007,CAIXA,MARCOS,SAQUE,2022-02-08T13:49:47,1454.27
4657,0002,ITAU,PEDRO,DEPOSITO,2022-02-02T20:16:24,671.26
1488,0002,SANTANDER,MARIA,DEPOSITO,2022-02-03T15:06:33,431.30
4582,0002,SANTANDER,CARLOS,SAQUE,2022-02-02T11:44:43,404.32
1488,0006,SANTANDER,CARLOS,DEPOSITO,2022-02-08T14:07:30,145.05
7912,0005,SANTANDER,ANA,DEPOSITO,2022-02-06T08:43:58,1275.32
2824,0005,SANTANDER,LUCIA,DEPOSITO,2022-02-05T19:01:53,125.12
4657,0000,ITAU,CARLOS,DEPOSITO,2022-02-05T16:31:37,354.34
4657,0008,ITAU,JULIA,DEPOSITO,2022-02-01T04:22:00,293.55
2824,0001,SANTANDER,MARCOS,DEPOSITO,2022-02-08T03:38:17,907.08
1434,0009,SANTANDER,JOAO,DEPOSITO,2022-02-02T10:10:24,508.33
4582,0007,SANTANDER,LUCIA,DEPOSITO,2022-02-09T16:49:28,901.04
5506,0005,SANTANDER,CARLOS,SAQUE,2022-02-03T21:53:16,1198.91
9279,0004,ITAU,PEDRO,SAQUE,2022-02-02T03:26:35,901.17
4582,0005,CAIXA,MARIA,DEPOSITO,2022-02-03T23:56:37,402.96
4582,0004,SANTANDER,ANA,SAQUE,2022-02-02T06:35:06,723.62
1434,0005,ITAU,MARIA,SAQUE,2022-02-04T15:58:35,42.34
4657,0000,CAIXA,MARIA,SAQUE,2022-02-04T13:50:56,666.05
5506,0006,ITAU,LUCIA,SAQUE,2022-02-07T03:15:24,711.52
1434,0008,CAIXA,ANA,SAQUE,2022-02-08T15:51:38,1296.98
5506,0003,SANTANDER,MARIA,DEPOSITO,2022-02-02T13:38:09,596.71
2679,0006,ITAU,JULIA,DEPOSITO,2022-02-09T22:20:33,607.56
4657,0002,SANTANDER,MARCOS,DEPOSITO,2022-02-02T11:06:10,482.70
2679,0000,SANTANDER,ANA,SAQUE,2022-02-04T15:22:03,182.85
1488,0008,ITAU,JOAO,SAQUE,2022-02-01T23:45:15,665.00
2424,0004,CAIXA,MARCOS,SAQUE,2022-02-01T02:15:12,147.69
4582,0003,SANTANDER,MARIA,SAQUE,2022-02-04T22:34:01,1358.00
4657,0002,SANTANDER,MARCOS,DEPOSITO,2022-02-01T04:15:41,296.16
4657,0006,CAIXA,CARLOS,DEPOSITO,2022-02-05T18:48:09,697.64
9279,0006,CAIXA,LUCIA,DEPOSITO,2022-02-02T14:42:49,164.26
4657,0008,ITAU,PEDRO,DEPOSITO,2022-02-07T10:14:20,1000.35
1434,0004,SANTANDER,LUCIA,DEPOSITO,2022-02-06T19:01:45,1447.57
1434,0002,CAIXA,CARLOS,SAQUE,2022-02-01T20:38:03,28.20
2424,0007,CAIXA,MARIA,SAQUE,2022-02-10T13:37:11,1285.12
4657,0004,SANTANDER,MARCOS,DEPOSITO,2022-02-01T23:58:29,1279.18
2824,0002,ITAU,PEDRO,SAQUE,2022-02-03T04:20:48,1145.83
2424,0004,ITAU,JOAO,SAQUE,2022-02-04T15:02:28,482.48
2424,0000,ITAU,JOAO,DEPOSITO,2022-02-01T20:17:00,199.12
2824,0004,ITAU,FELIPE,DEPOSITO,2022-02-07T06:59:46,639.87
5506,0009,ITAU,PEDRO,SAQUE,2022-02-09T14:28:38,155.72
2424,0001,ITAU,PEDRO,SAQUE,2022-02-06T05:10:36,1379.83
5506,0006,ITAU,FELIPE,SAQUE,2022-02-04T04:59:10,437.07
1434,0001,ITAU,FELIPE,SAQUE,2022-02-04T08:50:08,1130.57
2824,0002,ITAU,CARLOS,DEPOSITO,2022-02-08T22:07:53,1170.90
4657,0006,CAIXA,PEDRO,SAQUE,2022-02-09T00:22:17,1470.80
1488,0002,CAIXA,JOAO,SAQUE,2022-02-10T16:07:38,1116.82
4582,0008,CAIXA,LUCIA,SAQUE,2022-02-09T09:18:24,819.55
4582,0002,CAIXA,CARLOS,SAQUE,2022-02-05T15:32:12,684.77
4657,0001,CAIXA,JULIA,DEPOSITO,2022-02-04T09:59:13,1476.05
1488,0006,SANTANDER,JOAO,SAQUE,2022-02-07T03:14:15,737.80
1434,0008,ITAU,PEDRO,SAQUE,2022-02-09T00:18:11,1478.74
2424,0003,SANTANDER,CARLOS,SAQUE,2022-02-09T03:44:49,61.30
9279,0001,ITAU,ANA,SAQUE,2022-02-02T00:22:39,1256.66
9279,0007,ITAU,JOAO,DEPOSITO,2022-02-03T16:30:14,1194.79
1434,0008,SANTANDER,FELIPE,SAQUE,2022-02-07T20:20:06,935.85
5506,0001,ITAU,LUCIA,SAQUE,2022-02-01T08:16:58,262.04
7912,0003,ITAU,SANDRA,SAQUE,2022-02-08T00:16:10,729.81
2424,0004,CAIXA,JULIA,SAQUE,2022-02-02T22:45:06,675.90
1434,0009,CAIXA,LUCIA,SAQUE,2022-02-10T01:55:45,1420.03
4657,0002,CAIXA,ANA,SAQUE,2022-02-08T19:10:55,124.68
2424,0005,CAIXA,MARIA,SAQUE,2022-02-09T11:04:15,62.50
4582,0004,CAIXA,MARCOS,DEPOSITO,2022-02-07T13:15:59,770.68
4657,0008,CAIXA,PEDRO,DEPOSITO,2022-02-02T21:48:43,1145.59
7912,0006,ITAU,MARIA,DEPOSITO,2022-02-02T21:21:14,1318.51
9279,0005,SANTANDER,FELIPE,DEPOSITO,2022-02-06T23:39:55,500.69
2424,0002,SANTANDER,LUCIA,DEPOSITO,2022-02-05T06:18:05,783.46
4657,0006,SANTANDER,ANA,SAQUE,2022-02-04T06:10:33,1051.96
1488,0005,ITAU,ANA,SAQUE,2022-02-07T02:08:47,982.54
2824,0005,ITAU,MARIA,SAQUE,2022-02-07T00:50:20,356.46
7912,0007,SANTANDER,JOAO,DEPOSITO,2022-02-04T03:40:42,27.68
4657,0001,CAIXA,SANDRA,DEPOSITO,2022-02-04T06:05:17,1345.61
1434,0000,ITAU,JULIA,SAQUE,2022-02-09T16:34:45,107.60
5506,0009,ITAU,MARIA,DEPOSITO,2022-02-09T03:03:53,1466.53
4582,0009,SANTANDER,MARIA,DEPOSITO,2022-02-08T20:47:53,1428.96
1434,0006,SANTANDER,MARIA,SAQUE,2022-02-09T15:46:14,746.61
1434,0001,SANTANDER,JOAO,DEPOSITO,2022-02-06T16:10:33,737.96
4657,0004,CAIXA,ANA,DEPOSITO,2022-02-08T16:40:27,785.65
1488,0001,ITAU,FELIPE,DEPOSITO,2022-02-02T02:52:19,878.66
4582,0002,ITAU,FELIPE,DEPOSITO,2022-02-03T14:31:35,366.68
4582,0005,SANTANDER,MARCOS,SAQUE,2022-02-10T08:54:01,289.71
2824,0002,ITAU,CARLOS,SAQUE,2022-02-10T12:10:40,1432.47
7912,0006,ITAU,PEDRO,DEPOSITO,2022-02-02T14:49:27,1235.94
5506,0008,ITAU,LUCIA,SAQUE,2022-02-07T10:38:22,1180.17
1488,0008,ITAU,SANDRA,SAQUE,2022-02-02T08:37:38,318.73
2679,0006,SANTANDER,JULIA,SAQUE,2022-02-06T10:08:20,847.17
2424,0003,ITAU,SANDRA,DEPOSITO,2022-02-02T10:36:07,194.60
4582,0009,CAIXA,ANA,SAQUE,2022-02-07T08:21:03,977.76
1434,0006,ITAU,PEDRO,SAQUE,2022-02-02T09:10:32,110.73
2679,0003,ITAU,MARCOS,SAQUE,2022-02-08T08:26:24,412.24
2824,0008,CAIXA,JULIA,DEPOSITO,2022-02-08T19:54:38,304.04
1488,0008,ITAU,PEDRO,DEPOSITO,2022-02-10T17:03:50,152.62
5506,0001,SANTANDER,JOAO,SAQUE,2022-02-04T19:16:52,599.58
4582,0001,ITAU,LUCIA,SAQUE,2022-02-01T06:32:16,1285.92
2679,0005,ITAU,MARIA,SAQUE,2022-02-07T05:58:27,978.52
2679,0007,CAIXA,JOAO,DEPOSITO,2022-02-10T13:00:38,1004.03
1488,0003,SANTANDER,JULIA,DEPOSITO,2022-02-10T03:23:31,851.33
2824,0008,SANTANDER,LUCIA,DEPOSITO,2022-02-07T13:54:27,1096.45
9279,0001,ITAU,SANDRA,DEPOSITO,2022-02-07T08:13:43,1442.68
2824,0002,SANTANDER,MARCOS,DEPOSITO,2022-02-06T06:13:30,1488.23
4582,0004,SANTANDER,PEDRO,DEPOSITO,2022-02-06T12:04:25,1117.82
2424,0006,ITAU,CARLOS,SAQUE,2022-02-09T03:03:42,100.67
2424,0002,ITAU,FELIPE,DEPOSITO,2022-02-01T22:13:04,863.88
4582,0009,ITAU,SANDRA,SAQUE,2022-02-03T18:14:15,512.07
2824,0007,ITAU,MARCOS,DEPOSITO,2022-02-03T09:31:37,1092.33
4582,0006,SANTANDER,MARCOS,SAQUE,2022-02-06T17:58:33,937.93
2679,0009,ITAU,SANDRA,DEPOSITO,2022-02-02T06:29:59,50.95
2679,0005,ITAU,LUCIA,DEPOSITO,2022-02-05T14:10:33,437.33
7912,0000,SANTANDER,MARCOS,DEPOSITO,2022-02-05T20:01:34,1211.61
2824,0008,ITAU,JOAO,DEPOSITO,2022-02-07T20:52:48,454.85
4582,0004,SANTANDER,ANA,SAQUE,2022-02-04T23:40:14,1319.83
2424,0008,CAIXA,ANA,DEPOSITO,2022-02-03T17:50:13,509.58
7912,0007,CAIXA,FELIPE,DEPOSITO,2022-02-06T13:15:09,46.10
1434,0007,ITAU,MARIA,SAQUE,2022-02-09T02:45:02,827.61
4657,0009,CAIXA,MARIA,SAQUE,2022-02-07T14:32:20,26.65
5506,0008,CAIXA,CARLOS,SAQUE,2022-02-06T08:55:27,423.74
2824,0000,ITAU,JULIA,DEPOSITO,2022-02-06T12:22:08,1238.31
5506,0002,SANTANDER,LUCIA,SAQUE,2022-02-08T19:17:48,397.85
4582,0009,ITAU,MARIA,SAQUE,2022-02-04T11:49:38,731.67
9279,0001,CAIXA,LUCIA,DEPOSITO,2022-02-08T22:15:08,1096.72
4657,0006,SANTANDER,SANDRA,DEPOSITO,2022-02-01T09:05:44,62.80
2679,0007,SANTANDER,FELIPE,SAQUE,2022-02-05T07:46:53,1310.96
2824,0004,SANTANDER,MARCOS,DEPOSITO,2022-02-04T04:19:22,860.66
4582,0007,SANTANDER,JOAO,SAQUE,2022-02-01T16:22:25,18.28
2824,0001,SANTANDER,LUCIA,DEPOSITO,2022-02-06T02:11:53,446.40
1488,0000,CAIXA,SANDRA,SAQUE,2022-02-10T16:45:43,583.72
2424,0007,SANTANDER,JULIA,SAQUE,2022-02-05T11:19:31,533.00
2424,0005,SANTANDER,JULIA,DEPOSITO,2022-02-05T21:31:46,1290.92
2679,0007,CAIXA,MARCOS,SAQUE,2022-02-03T10:08:22,100.17
2679,0002,ITAU,MARCOS,SAQUE,2022-02-02T04:04:08,1110.33
5506,0007,CAIXA,FELIPE,SAQUE,2022-02-09T08:31:37,535.83
4582,0000,ITAU,FELIPE,SAQUE,2022-02-08T09:20:28,853.55
4657,0008,SANTANDER,FELIPE,SAQUE,2022-02-06T10:01:06,1410.72
9279,0004,ITAU,FELIPE,SAQUE,2022-02-06T22:12:13,1028.81
7912,0006,ITAU,FELIPE,DEPOSITO,2022-02-03T20:42:28,1039.26
7912,0001,SANTANDER,SANDRA,SAQUE,2022-02-01T18:57:43,608.98
2824,0000,SANTANDER,CARLOS,DEPOSITO,2022-02-04T04:04:16,625.81
2679,0009,ITAU,SANDRA,SAQUE,2022-02-10T07:46:30,431.46
2679,0006,ITAU,JOAO,SAQUE,2022-02-09T03:34:44,135.16
1488,0008,CAIXA,JULIA,DEPOSITO,2022-02-10T18:49:44,1301.55
2824,0008,CAIXA,ANA,SAQUE,2022-02-09T08:59:18,1413.17
5506,0009,ITAU,SANDRA,DEPOSITO,2022-02-06T15:22:04,1173.90
2824,0007,ITAU,JOAO,SAQUE,2022-02-08T01:38:57,1457.40
2679,0000,SANTANDER,SANDRA,SAQUE,2022-02-10T07:40:34,582.89
2679,0003,SANTANDER,PEDRO,DEPOSITO,2022-02-04T14:19:44,970.10
1488,0008,SANTANDER,JULIA,DEPOSITO,2022-02-06T20:54:41,969.59
9279,0006,SANTANDER,MARCOS,SAQUE,2022-02-08T00:45:02,1206.18
7912,0001,ITAU,JULIA,DEPOSITO,2022-02-04T09:57:24,489.23
4657,0004,ITAU,SANDRA,DEPOSITO,2022-02-06T14:30:00,1283.95
9279,0004,SANTANDER,JULIA,SAQUE,2022-02-06T08:51:38,466.85
1434,0002,CAIXA,CARLOS,DEPOSITO,2022-02-02T01:51:58,1041.19
7912,0001,CAIXA,PEDRO,SAQUE,2022-02-04T03:49:13,253.89
1434,0008,ITAU,SANDRA,DEPOSITO,2022-02-06T08:51:50,178.70
5506,0009,ITAU,JULIA,SAQUE,2022-02-06T12:26:17,636.49
1488,0009,CAIXA,LUCIA,SAQUE,2022-02-06T09:06:33,1270.12
2824,0008,SANTANDER,CARLOS,SAQUE,2022-02-04T18:21:10,79.15
9279,0008,ITAU,MARCOS,DEPOSITO,2022-02-05T09:37:23,414.82
4582,0002,SANTANDER,ANA,SAQUE,2022-02-10T04:30:33,1494.07
4582,0009,CAIXA,MARIA,SAQUE,2022-02-04T12:17:01,391.51
7912,0001,SANTANDER,SANDRA,SAQUE,2022-02-05T00:23:56,692.85
2679,0000,SANTANDER,PEDRO,SAQUE,2022-02-04T07:53:51,394.92
9279,0004,CAIXA,MARIA,SAQUE,2022-02-09T00:43:48,1067.18
2824,0005,ITAU,CARLOS,DEPOSITO,2022-02-05T04:37:15,370.62
1488,0007,CAIXA,MARIA,DEPOSITO,2022-02-05T05:33:08,1499.53
9279,0005,CAIXA,MARCOS,DEPOSITO,2022-02-09T23:48:32,710.93
2679,0003,SANTANDER,ANA,SAQUE,2022-02-05T01:20:08,589.72
2424,0004,ITAU,LUCIA,SAQUE,2022-02-02T23:59:46,1263.83
2679,0007,CAIXA,PEDRO,SAQUE,2022-02-08T11:48:25,1388.44
2824,0003,ITAU,ANA,SAQUE,2022-02-04T19:17:27,658.42
4582,0007,SANTANDER,SANDRA,SAQUE,2022-02-05T11:03:23,302.85
5506,0006,SANTANDER,SANDRA,SAQUE,2022-02-06T08:01:34,1204.93
7912,0000,SANTANDER,MARCOS,SAQUE,2022-02-04T04:40:26,1024.34
4657,0009,ITAU,FELIPE,SAQUE,2022-02-07T22:26:40,1490.69
1434,0001,ITAU,CARLOS,DEPOSITO,2022-02-06T06:51:13,1417.82
5506,0007,ITAU,MARCOS,DEPOSITO,2022-02-03T05:20:18,521.23
9279,0003,ITAU,CARLOS,DEPOSITO,2022-02-08T12:39:28,529.54
4582,0007,CAIXA,MARCOS,DEPOSITO,2022-02-06T21:23:40,320.16
2824,0009,ITAU,FELIPE,DEPOSITO,2022-02-10T04:24:39,331.48
2824,0006,ITAU,ANA,DEPOSITO,2022-02-06T21:59:57,1420.94
1434,0000,ITAU,CARLOS,DEPOSITO,2022-02-04T11:16:26,1139.26
1434,0001,CAIXA,JULIA,DEPOSITO,2022-02-05T16:35:01,144.53
7912,0009,SANTANDER,SANDRA,DEPOSITO,2022-02-09T12:18:49,185.80
4657,0003,ITAU,CARLOS,SAQUE,2022-02-01T21:57:02,68.75
2824,0004,SANTANDER,JULIA,SAQUE,2022-02-02T05:35:59,1490.31
7912,0007,ITAU,SANDRA,SAQUE,2022-02-02T02:00:37,152.87
2424,0004,CAIXA,PEDRO,DEPOSITO,2022-02-08T09:39:16,1489.24
2824,0006,CAIXA,CARLOS,SAQUE,2022-02-08T01:16:18,239.73
2824,0005,CAIXA,PEDRO,SAQUE,2022-02-09T06:58:29,542.30
9279,0006,SANTANDER,JULIA,SAQUE,2022-02-06T20:10:11,583.51
4582,0005,SANTANDER,JULIA,SAQUE,2022-02-04T01:03:35,90.03
9279,0009,ITAU,MARCOS,DEPOSITO,2022-02-02T01:11:54,1028.84
5506,0001,ITAU,FELIPE,SAQUE,2022-02-01T15:39:45,245.99
7912,0000,CAIXA,ANA,SAQUE,2022-02-08T10:41:57,670.84
2424,0003,CAIXA,JOAO,DEPOSITO,2022-02-02T19:54:57,1039.55
2679,0003,CAIXA,MARCOS,SAQUE,2022-02-04T00:10:19,887.88
2424,0008,ITAU,JOAO,DEPOSITO,2022-02-07T11:28:06,1203.99
2679,0004,CAIXA,JULIA,SAQUE,2022-02-07T03:06:27,725.39
2424,0005,CAIXA,FELIPE,DEPOSITO,2022-02-06T11:09:38,448.90
2824,0002,CAIXA,CARLOS,SAQUE,2022-02-10T04:21:28,477.11
2679,0007,ITAU,MARIA,SAQUE,2022-02-09T03:59:58,338.40
4582,0008,ITAU,LUCIA,SAQUE,2022-02-02T00:39:57,40.08
2824,0006,CAIXA,SANDRA,DEPOSITO,2022-02-10T12:00:06,210.63
2424,0001,SANTANDER,PEDRO,SAQUE,2022-02-03T06:31:57,93.78
1488,0001,SANTANDER,JULIA,DEPOSITO,2022-02-05T21:20:17,443.75
1488,0002,CAIXA,LUCIA,DEPOSITO,2022-02-05T13:52:26,877.84
5506,0003,SANTANDER,FELIPE,DEPOSITO,2022-02-09T19:35:55,1324.57
4657,0006,SANTANDER,MARIA,SAQUE,2022-02-03T19:42:09,669.95
4657,0008,SANTANDER,LUCIA,DEPOSITO,2022-02-09T18:35:39,1088.61
5506,0004,ITAU,SANDRA,DEPOSITO,2022-02-06T13:27:39,147.49
9279,0006,SANTANDER,MARCOS,DEPOSITO,2022-02-02T08:17:08,20.15
4582,0002,ITAU,PEDRO,DEPOSITO,2022-02-06T22:13:02,1252.39
7912,0002,CAIXA,FELIPE,SAQUE,2022-02-06T02:36:08,852.86
2824,0007,ITAU,SANDRA,DEPOSITO,2022-02-03T00:29:29,1379.82
5506,0000,CAIXA,CARLOS,DEPOSITO,2022-02-05T17:08:48,320.99
7912,0001,ITAU,SANDRA,SAQUE,2022-02-01T17:31:57,1390.54
4582,0000,SANTANDER,JOAO,DEPOSITO,2022-02-09T20:21:12,518.67
4582,0007,SANTANDER,FELIPE,DEPOSITO,2022-02-09T17:15:08,1246.77
1488,0002,CAIXA,MARIA,DEPOSITO,2022-02-04T22:05:12,133.53
2424,0007,ITAU,FELIPE,SAQUE,2022-02-08T16:45:41,920.76
2824,0008,SANTANDER,MARCOS,SAQUE,2022-02-03T09:35:36,904.63
2824,0003,SANTANDER,SANDRA,SAQUE,2022-02-05T01:26:15,631.54
4582,0000,ITAU,CARLOS,DEPOSITO,2022-02-05T08:01:16,482.07
4582,0004,CAIXA,ANA,SAQUE,2022-02-04T06:05:54,607.06
9279,0001,SANTANDER,JOAO,SAQUE,2022-02-10T13:23:27,1137.74
4657,0002,SANTANDER,FELIPE,DEPOSITO,2022-02-07T03:26:18,752.98
2679,0007,ITAU,JULIA,DEPOSITO,2022-02-05T13:36:03,580.20
5506,0008,ITAU,SANDRA,SAQUE,2022-02-05T02:18:24,1010.03
2679,0004,SANTANDER,JULIA,DEPOSITO,2022-02-10T01:03:26,608.23
4657,0000,SANTANDER,LUCIA,SAQUE,2022-02-04T14:28:24,413.54
2424,0008,CAIXA,ANA,SAQUE,2022-02-10T04:10:29,1150.97
4657,0001,ITAU,LUCIA,DEPOSITO,2022-02-01T14:48:06,1052.97
2424,0005,SANTANDER,PEDRO,SAQUE,2022-02-09T01:43:45,1006.93
4582,0000,ITAU,JULIA,SAQUE,2022-02-06T11:29:24,1317.87
2679,0002,SANTANDER,JOAO,DEPOSITO,2022-02-07T22:12:29,622.36
2679,0002,SANTANDER,ANA,DEPOSITO,2022-02-05T17:24:15,673.47
2824,0006,SANTANDER,LUCIA,DEPOSITO,2022-02-02T00:45:28,649.47
1434,0008,SANTANDER,MARIA,SAQUE,2022-02-03T19:48:51,239.70
2824,0002,SANTANDER,CARLOS,DEPOSITO,2022-02-04T21:13:47,1027.92
9279,0004,ITAU,FELIPE,SAQUE,2022-02-10T18:06:06,66.26
2679,0007,ITAU,FELIPE,SAQUE,2022-02-02T10:23:28,528.32
2679,0000,SANTANDER,MARCOS,SAQUE,2022-02-03T06:14:15,834.86
2424,0008,SANTANDER,MARIA,SAQUE,2022-02-07T12:18:53,660.83
4657,0009,CAIXA,LUCIA,SAQUE,2022-02-02T16:19:01,647.53
2824,0009,ITAU,ANA,DEPOSITO,2022-02-03T21:49:53,834.32
1434,0005,ITAU,JOAO,DEPOSITO,2022-02-08T19:04:40,25.90
5506,0009,SANTANDER,MARIA,DEPOSITO,2022-02-03T05:33:49,684.19
2824,0007,CAIXA,JULIA,DEPOSITO,2022-02-06T17:12:19,302.46
4582,0001,CAIXA,SANDRA,DEPOSITO,2022-02-10T10:28:40,264.16
9279,0004,CAIXA,SANDRA,SAQUE,2022-02-09T10:30:37,1214.12
7912,0001,SANTANDER,JULIA,DEPOSITO,2022-02-09T05:35:15,145.00
4657,0007,CAIXA,ANA,DEPOSITO,2022-02-06T02:57:17,802.85
4582,0002,SANTANDER,JULIA,DEPOSITO,2022-02-07T01:04:34,231.60
1488,0008,ITAU,ANA,DEPOSITO,2022-02-05T22:05:00,1105.48
5506,0009,ITAU,PEDRO,SAQUE,2022-02-08T14:24:26,1391.35
4657,0004,CAIXA,MARIA,DEPOSITO,2022-02-05T16:25:24,593.22
5506,0003,SANTANDER,CARLOS,DEPOSITO,2022-02-06T00:18:44,1474.02
7912,0001,ITAU,PEDRO,SAQUE,2022-02-01T17:55:30,1285.26
4582,0009,ITAU,CARLOS,SAQUE,2022-02-02T20:07:22,290.13
4582,0003,ITAU,ANA,SAQUE,2022-02-05T10:49:54,1310.91
2679,0008,ITAU,CARLOS,SAQUE,2022-02-06T10:01:07,37.33
1488,0000,ITAU,JULIA,SAQUE,2022-02-07T14:09:44,1367.93
2424,0001,CAIXA,LUCIA,DEPOSITO,2022-02-06T09:23:06,963.19
1434,0006,ITAU,JOAO,SAQUE,2022-02-04T00:14:46,1488.53
5506,0004,ITAU,LUCIA,SAQUE,2022-02-03T19:40:21,651.59
2824,0009,CAIXA,JULIA,SAQUE,2022-02-05T17:53:17,1332.50
4582,0000,SANTANDER,PEDRO,SAQUE,2022-02-10T18:10:47,565.71
2679,0006,ITAU,MARCOS,DEPOSITO,2022-02-04T21:48:36,956.82
2679,0009,ITAU,JOAO,SAQUE,2022-02-07T00:24:06,31.99
4657,0006,ITAU,ANA,SAQUE,2022-02-05T13:22:40,643.92
4582,0002,CAIXA,LUCIA,SAQUE,2022-02-10T17:40:36,1382.49
2824,0008,ITAU,JULIA,SAQUE,2022-02-05T01:44:55,1374.18
9279,0000,ITAU,JULIA,DEPOSITO,2022-02-03T06:30:30,817.49
5506,0007,SANTANDER,CARLOS,DEPOSITO,2022-02-07T04:07:48,770.68
4582,0001,CAIXA,ANA,SAQUE,2022-02-03T07:37:31,478.95
4582,0002,ITAU,ANA,SAQUE,2022-02-05T13:48:17,118.72
4657,0008,CAIXA,MARIA,DEPOSITO,2022-02-02T01:34:36,386.81
5506,0007,CAIXA,JULIA,SAQUE,2022-02-10T11:44:03,1012.01
4657,0003,CAIXA,MARIA,DEPOSITO,2022-02-08T15:22:13,320.31
4657,0000,ITAU,JOAO,DEPOSITO,2022-02-05T10:37:08,774.19
9279,0000,CAIXA,ANA,DEPOSITO,2022-02-01T03:02:18,1451.98
4657,0001,SANTANDER,LUCIA,SAQUE,2022-02-05T14:56:13,1105.11
7912,0008,SANTANDER,SANDRA,DEPOSITO,2022-02-10T10:51:52,332.24
2679,0009,CAIXA,SANDRA,DEPOSITO,2022-02-05T17:33:22,1179.04
1434,0006,ITAU,JOAO,SAQUE,2022-02-06T17:40:18,346.93
1488,0009,ITAU,SANDRA,DEPOSITO,2022-02-03T05:59:22,1014.83
2424,0007,SANTANDER,CARLOS,DEPOSITO,2022-02-03T11:58:06,556.78
1488,0008,ITAU,FELIPE,DEPOSITO,2022-02-02T13:56:57,459.49
5506,0003,ITAU,SANDRA,SAQUE,2022-02-02T17:58:13,927.32
1434,0000,ITAU,SANDRA,DEPOSITO,2022-02-05T19:30:25,1341.44
5506,0006,ITAU,CARLOS,SAQUE,2022-02-06T06:37:09,319.27
2824,0001,SANTANDER,JOAO,SAQUE,2022-02-08T07:44:40,1042.55
2679,0009,SANTANDER,JULIA,DEPOSITO,2022-02-10T05:45:21,558.56
4657,0003,SANTANDER,FELIPE,SAQUE,2022-02-03T21:52:34,578.40
1488,0006,CAIXA,SANDRA,SAQUE,2022-02-10T13:35:36,1317.34
7912,0006,ITAU,LUCIA,DEPOSITO,2022-02-04T11:59:50,305.73
2424,0007,ITAU,PEDRO,DEPOSITO,2022-02-08T00:07:05,164.43
7912,0008,ITAU,MARIA,DEPOSITO,2022-02-09T17:58:36,919.77
1488,0003,SANTANDER,JOAO,DEPOSITO,2022-02-04T20:29:09,46.13
4582,0008,CAIXA,CARLOS,SAQUE,2022-02-06T18:12:21,777.49
9279,0001,SANTANDER,ANA,SAQUE,2022-02-03T00:45:13,73.81
2424,0003,ITAU,JULIA,SAQUE,2022-02-03T13:05:15,1429.02
1488,0003,ITAU,MARIA,DEPOSITO,2022-02-06T23:30:56,1456.75
1434,0008,ITAU,JULIA,DEPOSITO,2022-02-01T14:39:58,309.86
4582,0008,SANTANDER,FELIPE,DEPOSITO,2022-02-07T03:43:32,448.96
1434,0003,CAIXA,FELIPE,SAQUE,2022-02-01T03:01:15,216.53
7912,0003,CAIXA,CARLOS,DEPOSITO,2022-02-07T11:42:40,611.61
2424,0007,ITAU,FELIPE,SAQUE,2022-02-08T01:16:41,821.22
2679,0002,ITAU,CARLOS,SAQUE,2022-02-07T04:57:10,1281.74
5506,0005,CAIXA,MARCOS,DEPOSITO,2022-02-03T01:41:49,474.25
2424,0003,ITAU,JOAO,SAQUE,2022-02-01T08:51:46,490.56
4657,0009,CAIXA,MARCOS,DEPOSITO,2022-02-04T13:14:52,243.61
4582,0003,ITAU,MARCOS,SAQUE,2022-02-02T14:00:41,22.50
4582,0009,CAIXA,JULIA,DEPOSITO,2022-02-09T21:13:52,403.96
9279,0003,CAIXA,MARIA,SAQUE,2022-02-07T12:40:27,393.54
1488,0006,SANTANDER,LUCIA,SAQUE,2022-02-07T13:37:42,1347.10
9279,0005,SANTANDER,CARLOS,SAQUE,2022-02-09T11:40:07,813.39
2679,0007,SANTANDER,LUCIA,DEPOSITO,2022-02-01T22:33:16,158.94
1434,0009,SANTANDER,CARLOS,SAQUE,2022-02-04T23:21:09,453.49
9279,0003,ITAU,JOAO,DEPOSITO,2022-02-07T12:49:08,964.11
5506,0006,SANTANDER,PEDRO,SAQUE,2022-02-08T21:12:41,790.82
2679,0008,ITAU,FELIPE,DEPOSITO,2022-02-07T11:16:09,633.22
9279,0003,CAIXA,JOAO,DEPOSITO,2022-02-04T23:18:39,507.11
1488,0002,SANTANDER,FELIPE,DEPOSITO,2022-02-06T10:08:23,951.29
5506,0004,ITAU,ANA,DEPOSITO,2022-02-09T04:51:15,1262.69
2824,0006,ITAU,JOAO,SAQUE,2022-02-04T10:21:08,895.36
9279,0006,CAIXA,FELIPE,SAQUE,2022-02-03T00:25:15,1464.29
9279,0004,SANTANDER,LUCIA,SAQUE,2022-02-08T13:42:35,977.43
9279,0003,SANTANDER,ANA,DEPOSITO,2022-02-01T06:10:55,796.54
4657,0001,SANTANDER,CARLOS,SAQUE,2022-02-10T08:37:04,1346.35
7912,0002,CAIXA,MARCOS,SAQUE,2022-02-05T18:34:54,615.36
2424,0001,CAIXA,SANDRA,SAQUE,2022-02-04T22:18:51,771.39
2824,0005,SANTANDER,ANA,SAQUE,2022-02-09T03:29:42,1355.41
1434,0005,CAIXA,MARIA,SAQUE,2022-02-03T04:55:41,608.83
7912,0004,SANTANDER,SANDRA,DEPOSITO,2022-02-03T01:17:07,1491.02
4582,0002,SANTANDER,SANDRA,SAQUE,2022-02-09T04:08:28,75.07
9279,0006,CAIXA,JOAO,DEPOSITO,2022-02-03T01:45:29,349.22
7912,0006,CAIXA,CARLOS,DEPOSITO,2022-02-08T13:33:38,1483.64
2824,0004,CAIXA,SANDRA,SAQUE,2022-02-05T10:24:49,215.36
2424,0002,ITAU,JULIA,SAQUE,2022-02-06T02:10:46,288.21
2824,0003,ITAU,PEDRO,SAQUE,2022-02-07T02:55:31,608.15
4657,0000,CAIXA,JULIA,SAQUE,2022-02-08T23:57:06,309.15
5506,0007,CAIXA,ANA,SAQUE,2022-02-03T21:36:55,227.03
7912,0004,SANTANDER,CARLOS,DEPOSITO,2022-02-02T00:33:56,87.91
1434,0004,ITAU,JOAO,SAQUE,2022-02-01T12:41:22,958.68
4582,0007,CAIXA,JOAO,DEPOSITO,2022-02-02T02:26:27,854.18
1434,0001,SANTANDER,FELIPE,SAQUE,2022-02-09T04:04:58,594.42
4582,0007,ITAU,MARIA,SAQUE,2022-02-04T02:30:35,1403.88
9279,0000,CAIXA,MARCOS,SAQUE,2022-02-02T16:02:42,1282.78
7912,0005,SANTANDER,ANA,DEPOSITO,2022-02-04T21:47:02,1367.89
4582,0008,ITAU,JULIA,SAQUE,2022-02-03T11:37:19,1032.91
5506,0004,CAIXA,ANA,DEPOSITO,2022-02-05T21:40:53,623.38
2679,0004,ITAU,FELIPE,DEPOSITO,2022-02-01T19:18:49,1126.73
2824,0007,CAIXA,FELIPE,SAQUE,2022-02-09T04:56:20,148.88
2424,0000,ITAU,ANA,SAQUE,2022-02-01T08:37:57,59.95
2824,0006,SANTANDER,ANA,SAQUE,2022-02-10T15:55:27,1490.98
5506,0005,SANTANDER,SANDRA,SAQUE,2022-02-06T02:39:02,1146.55
2824,0008,SANTANDER,MARIA,DEPOSITO,2022-02-03T10:09:12,1272.58
4582,0005,CAIXA,JOAO,DEPOSITO,2022-02-06T01:52:46,131.72
2679,0008,SANTANDER,MARIA,SAQUE,2022-02-07T18:07:43,296.45
7912,0007,SANTANDER,MARIA,SAQUE,2022-02-07T22:18:26,1385.33
2679,0005,ITAU,FELIPE,SAQUE,2022-02-03T01:45:40,1323.59
1488,0007,CAIXA,LUCIA,DEPOSITO,2022-02-04T09:50:18,605.06
9279,0000,SANTANDER,PEDRO,DEPOSITO,2022-02-07T02:16:33,908.61
7912,0009,CAIXA,JOAO,DEPOSITO,2022-02-09T19:05:57,349.57
2424,0008,CAIXA,JOAO,SAQUE,2022-02-07T11:05:57,1021.87
9279,0005,SANTANDER,JOAO,DEPOSITO,2022-02-06T19:42:17,449.45
7912,0003,ITAU,CARLOS,SAQUE,2022-02-06T22:08:43,1371.13
2424,0008,CAIXA,JOAO,DEPOSITO,2022-02-01T05:03:26,848.75
9279,0003,SANTANDER,FELIPE,DEPOSITO,2022-02-08T00:47:26,57.97
1434,0009,ITAU,JOAO,DEPOSITO,2022-02-03T02:10:00,924.28
4657,0005,CAIXA,FELIPE,SAQUE,2022-02-02T16:17:24,957.72
1434,0008,ITAU,ANA,SAQUE,2022-02-05T07:38:49,539.69
4582,0001,CAIXA,ANA,SAQUE,2022-02-01T22:54:09,778.42
4657,0001,CAIXA,MARIA,SAQUE,2022-02-07T23:30:01,849.99
2424,0001,ITAU,JOAO,DEPOSITO,2022-02-05T08:15:21,404.10
2824,0007,CAIXA,ANA,DEPOSITO,2022-02-04T07:21:02,437.36
2424,0006,ITAU,MARCOS,DEPOSITO,2022-02-01T07:57:04,776.03
1488,0001,SANTANDER,PEDRO,SAQUE,2022-02-04T15:16:45,919.42
4582,0008,ITAU,JULIA,SAQUE,2022-02-08T14:30:04,1286.76
4657,0002,ITAU,FELIPE,DEPOSITO,2022-02-01T23:27:06,789.34
2679,0002,SANTANDER,CARLOS,SAQUE,2022-02-02T05:39:59,959.71
2679,0009,ITAU,JOAO,SAQUE,2022-02-07T19:20:58,1154.57
5506,0007,SANTANDER,MARCOS,SAQUE,2022-02-01T19:03:28,87.26
4582,0004,ITAU,LUCIA,SAQUE,2022-02-09T20:15:22,1421.03
7912,0000,CAIXA,CARLOS,DEPOSITO,2022-02-05T23:57:41,286.40
7912,0007,SANTANDER,PEDRO,DEPOSITO,2022-02-06T14:02:29,646.84
4582,0008,CAIXA,SANDRA,DEPOSITO,2022-02-07T01:08:03,390.45
9279,0008,CAIXA,SANDRA,DEPOSITO,2022-02-07T08:42:52,666.98
1488,0009,CAIXA,MARIA,DEPOSITO,2022-02-08T23:56:07,1053.55
2424,0009,ITAU,SANDRA,SAQUE,2022-02-03T10:56:24,1255.35
4657,0009,CAIXA,JULIA,SAQUE,2022-02-04T08:04:10,549.30
1434,0005,CAIXA,PEDRO,SAQUE,2022-02-09T19:17:23,684.04
1434,0007,ITAU,ANA,SAQUE,2022-02-10T02:19:27,1214.77
1434,0001,ITAU,CARLOS,SAQUE,2022-02-08T09:48:42,165.94
9279,0002,SANTANDER,MARCOS,SAQUE,2022-02-07T16:22:11,675.04
4657,0008,CAIXA,MARIA,DEPOSITO,2022-02-03T13:44:26,297.67
2824,0008,SANTANDER,PEDRO,DEPOSITO,2022-02-03T16:10:58,1191.54
4657,0008,SANTANDER,CARLOS,DEPOSITO,2022-02-06T05:18:29,928.23
4582,0007,ITAU,MARIA,DEPOSITO,2022-02-01T08:02:04,222.32
1434,0001,CAIXA,MARCOS,SAQUE,2022-02-08T12:00:16,468.46
4657,0005,SANTANDER,MARCOS,DEPOSITO,2022-02-05T08:20:26,1154.99
2424,0006,ITAU,PEDRO,DEPOSITO,2022-02-10T14:54:34,1313.13
9279,0004,CAIXA,SANDRA,DEPOSITO,2022-02-03T16:56:26,503.05
1434,0005,CAIXA,PEDRO,DEPOSITO,2022-02-06T18:18:41,1097.97
2424,0005,ITAU,MARCOS,SAQUE,2022-02-10T17:12:08,1016.53
4657,0001,ITAU,CARLOS,SAQUE,2022-02-02T03:58:23,482.72
4582,0008,SANTANDER,JOAO,DEPOSITO,2022-02-02T17:07:26,813.20
2824,0000,CAIXA,MARCOS,DEPOSITO,2022-02-04T20:31:42,1102.03
4657,0009,CAIXA,SANDRA,SAQUE,2022-02-10T18:54:15,1215.73
1434,0004,ITAU,SANDRA,SAQUE,2022-02-04T22:00:43,993.04
1434,0005,SANTANDER,JOAO,DEPOSITO,2022-02-01T03:56:30,833.77
1488,0004,CAIXA,MARCOS,DEPOSITO,2022-02-06T13:18:08,1267.26
5506,0002,CAIXA,MARIA,DEPOSITO,2022-02-01T19:13:07,974.11
4582,0006,ITAU,ANA,SAQUE,2022-02-02T12:38:07,142.12
9279,0001,CAIXA,JULIA,SAQUE,2022-02-01T07:36:41,684.87
5506,0004,SANTANDER,FELIPE,SAQUE,2022-02-10T02:09:51,423.96
9279,0004,ITAU,FELIPE,SAQUE,2022-02-09T22:11:51,1210.97
1488,0000,ITAU,FELIPE,SAQUE,2022-02-04T08:49:48,91.34
5506,0001,SANTANDER,FELIPE,DEPOSITO,2022-02-05T20:20:03,1480.99
2424,0001,CAIXA,CARLOS,SAQUE,2022-02-06T04:12:38,697.54
9279,0008,SANTANDER,MARCOS,DEPOSITO,2022-02-08T05:20:49,1090.43
2679,0001,CAIXA,FELIPE,DEPOSITO,2022-02-06T08:16:44,512.97
1434,0000,SANTANDER,LUCIA,DEPOSITO,2022-02-01T17:58:23,369.54
4582,0004,ITAU,ANA,DEPOSITO,2022-02-06T23:25:40,472.82
1488,0007,SANTANDER,CARLOS,SAQUE,2022-02-06T16:54:39,338.25
4582,0008,CAIXA,PEDRO,SAQUE,2022-02-08T07:48:42,255.72
7912,0009,ITAU,JULIA,DEPOSITO,2022-02-06T03:48:18,956.07
9279,0002,ITAU,LUCIA,SAQUE,2022-02-01T18:27:15,176.03
4582,0006,SANTANDER,CARLOS,SAQUE,2022-02-08T09:59:35,191.42
2824,0002,ITAU,MARCOS,DEPOSITO,2022-02-01T19:09:50,504.17
1488,0002,CAIXA,MARCOS,SAQUE,2022-02-06T07:33:25,670.17
1434,0009,SANTANDER,SANDRA,SAQUE,2022-02-01T11:29:47,624.49
4657,0005,ITAU,LUCIA,SAQUE,2022-02-06T04:29:02,414.01
9279,0003,CAIXA,SANDRA,DEPOSITO,2022-02-09T05:06:34,37.41
2679,0003,CAIXA,JOAO,SAQUE,2022-02-07T22:08:02,683.95
5506,0009,SANTANDER,ANA,SAQUE,2022-02-06T14:42:04,1168.75
7912,0008,SANTANDER,JULIA,SAQUE,2022-02-06T07:34:31,811.46
4582,0007,CAIXA,JULIA,DEPOSITO,2022-02-03T22:20:55,1408.83
9279,0001,CAIXA,MARCOS,DEPOSITO,2022-02-04T05:03:04,1350.08
1488,0004,SANTANDER,MARIA,DEPOSITO,2022-02-03T10:43:02,182.33
2424,0008,CAIXA,ANA,DEPOSITO,2022-02-05T01:29:39,107.80
7912,0003,ITAU,JULIA,DEPOSITO,2022-02-07T14:07:43,422.76
4657,0006,SANTANDER,JOAO,SAQUE,2022-02-08T11:30:55,469.79
1434,0000,CAIXA,FELIPE,SAQUE,2022-02-01T18:23:13,1190.27
1434,0004,CAIXA,ANA,DEPOSITO,2022-02-05T14:56:33,994.39
1488,0002,CAIXA,PEDRO,SAQUE,2022-02-02T03:05:00,1475.25
4657,0006,SANTANDER,SANDRA,DEPOSITO,2022-02-07T07:25:00,553.22
1434,0007,SANTANDER,SANDRA,DEPOSITO,2022-02-06T10:16:56,49.24
4582,0001,CAIXA,CARLOS,SAQUE,2022-02-04T06:19:32,429.32
1488,0009,SANTANDER,JULIA,DEPOSITO,2022-02-08T10:16:09,499.63
4657,0009,CAIXA,ANA,SAQUE,2022-02-02T05:13:06,843.99
1434,0007,ITAU,ANA,SAQUE,2022-02-07T13:53:48,1186.51
2424,0003,ITAU,SANDRA,SAQUE,2022-02-01T16:39:08,1436.25
2424,0004,ITAU,JOAO,SAQUE,2022-02-06T07:01:13,1291.60
7912,0009,SANTANDER,FELIPE,SAQUE,2022-02-09T09:34:02,1141.27
4582,0003,ITAU,ANA,DEPOSITO,2022-02-06T18:38:21,619.75
4582,0000,CAIXA,MARIA,SAQUE,2022-02-04T11:41:18,836.01
5506,0008,ITAU,MARCOS,SAQUE,2022-02-08T05:46:19,1070.42
1488,0002,SANTANDER,JOAO,DEPOSITO,2022-02-01T19:11:52,59.89
1434,0003,CAIXA,FELIPE,SAQUE,2022-02-05T07:19:31,147.62
2824,0009,SANTANDER,CARLOS,DEPOSITO,2022-02-09T09:58:55,1162.03
1434,0000,CAIXA,MARCOS,SAQUE,2022-02-02T07:22:44,403.31
4657,0009,CAIXA,MARIA,DEPOSITO,2022-02-05T11:47:44,279.91
1488,0006,SANTANDER,LUCIA,DEPOSITO,2022-02-05T23:37:36,24.93
9279,0008,ITAU,SANDRA,DEPOSITO,2022-02-06T11:08:49,1475.13
7912,0004,CAIXA,JULIA,SAQUE,2022-02-09T07:51:56,870.11
5506,0001,SANTANDER,ANA,DEPOSITO,2022-02-10T02:39:55,929.33
7912,0002,ITAU,PEDRO,SAQUE,2022-02-10T15:34:09,391.54
5506,0008,SANTANDER,JULIA,DEPOSITO,2022-02-04T21:21:50,184.61
5506,0002,ITAU,SANDRA,SAQUE,2022-02-09T05:53:13,1170.23
7912,0006,SANTANDER,SANDRA,SAQUE,2022-02-04T02:27:05,1474.18
1434,0008,ITAU,MARIA,DEPOSITO,2022-02-03T16:55:26,761.32
5506,0005,CAIXA,FELIPE,SAQUE,2022-02-03T02:41:19,486.23
7912,0002,CAIXA,PEDRO,DEPOSITO,2022-02-04T03:14:13,425.35
1434,0004,SANTANDER,PEDRO,SAQUE,2022-02-06T22:38:53,1198.54
1488,0006,SANTANDER,CARLOS,DEPOSITO,2022-02-07T01:03:34,832.04
5506,0001,CAIXA,LUCIA,DEPOSITO,2022-02-04T05:32:31,636.27
2679,0005,CAIXA,JULIA,DEPOSITO,2022-02-04T18:52:46,1498.54
2679,0005,CAIXA,JOAO,DEPOSITO,2022-02-09T07:47:29,719.03
2679,0008,CAIXA,CARLOS,DEPOSITO,2022-02-05T07:15:09,554.32
9279,0007,SANTANDER,ANA,DEPOSITO,2022-02-10T04:18:05,1302.26
1488,0004,ITAU,ANA,SAQUE,2022-02-06T16:57:45,1304.71
7912,0005,SANTANDER,JULIA,DEPOSITO,2022-02-07T14:56:29,557.11
4657,0004,SANTANDER,ANA,DEPOSITO,2022-02-09T03:36:46,1406.25
1488,0005,CAIXA,MARIA,DEPOSITO,2022-02-05T13:53:29,104.64
2824,0002,SANTANDER,MARCOS,DEPOSITO,2022-02-03T16:43:32,1482.43
2424,0003,CAIXA,MARCOS,SAQUE,2022-02-10T06:37:17,1388.06
1488,0008,CAIXA,CARLOS,DEPOSITO,2022-02-02T04:14:09,1106.80
5506,0006,CAIXA,SANDRA,SAQUE,2022-02-01T11:07:51,21.77
7912,0006,CAIXA,ANA,DEPOSITO,2022-02-09T15:16:54,1199.16
9279,0001,ITAU,SANDRA,SAQUE,2022-02-05T02:14:29,1203.57
5506,0002,ITAU,MARCOS,SAQUE,2022-02-04T14:01:25,412.05
7912,0007,CAIXA,MARIA,SAQUE,2022-02-03T03:19:43,240.48
2824,0005,CAIXA,PEDRO,SAQUE,2022-02-04T04:46:24,1159.70
4582,0008,ITAU,SANDRA,SAQUE,2022-02-07T08:54:59,191.82
2424,0009,CAIXA,JULIA,SAQUE,2022-02-09T22:23:59,76.10
2424,0003,ITAU,PEDRO,SAQUE,2022-02-01T12:51:12,516.41
2424,0005,CAIXA,JULIA,DEPOSITO,2022-02-01T22:39:32,928.37
7912,0008,CAIXA,JULIA,SAQUE,2022-02-09T12:14:29,31.92
4582,0006,SANTANDER,MARIA,SAQUE,2022-02-02T08:54:49,1194.54
5506,0004,ITAU,PEDRO,DEPOSITO,2022-02-08T08:25:09,546.84
1434,0000,ITAU,MARIA,DEPOSITO,2022-02-05T17:44:39,1033.01
2679,0003,CAIXA,ANA,DEPOSITO,2022-02-07T17:27:13,485.46
2679,0003,SANTANDER,SANDRA,DEPOSITO,2022-02-07T17:50:08,1019.27
9279,0002,SANTANDER,LUCIA,DEPOSITO,2022-02-01T03:09:01,146.73
2424,0007,ITAU,SANDRA,DEPOSITO,2022-02-03T13:36:43,1371.99
2679,0003,SANTANDER,CARLOS,DEPOSITO,2022-02-05T03:17:23,766.31
7912,0002,ITAU,JOAO,SAQUE,2022-02-07T00:13:38,322.04
9279,0008,SANTANDER,ANA,SAQUE,2022-02-09T18:02:58,1289.74
1434,0002,CAIXA,PEDRO,DEPOSITO,2022-02-01T23:15:26,1165.91
2679,0000,CAIXA,JULIA,DEPOSITO,2022-02-03T21:56:30,1203.54
1434,0008,SANTANDER,PEDRO,DEPOSITO,2022-02-06T18:41:38,1159.00
4657,0003,ITAU,CARLOS,SAQUE,2022-02-07T19:50:39,273.10
1434,0002,CAIXA,FELIPE,SAQUE,2022-02-03T02:29:01,426.12
5506,0009,CAIXA,PEDRO,DEPOSITO,2022-02-05T18:39:18,193.33
4582,0005,CAIXA,MARCOS,SAQUE,2022-02-03T17:21:34,587.60
2679,0002,SANTANDER,PEDRO,DEPOSITO,2022-02-07T00:37:10,208.07
7912,0008,SANTANDER,LUCIA,SAQUE,2022-02-04T01:18:34,274.82
5506,0009,ITAU,JULIA,DEPOSITO,2022-02-07T13:21:36,1310.60
4657,0004,SANTANDER,LUCIA,SAQUE,2022-02-04T06:19:25,335.78
4657,0003,CAIXA,ANA,SAQUE,2022-02-05T21:30:30,259.52
4657,0007,ITAU,FELIPE,DEPOSITO,2022-02-03T19:42:08,866.44
5506,0002,ITAU,FELIPE,SAQUE,2022-02-03T06:46:38,906.93
4582,0002,ITAU,CARLOS,DEPOSITO,2022-02-07T16:19:06,242.59
2679,0002,CAIXA,MARCOS,DEPOSITO,2022-02-07T22:51:43,273.17
2824,0004,CAIXA,JOAO,DEPOSITO,2022-02-10T06:10:09,121.38
2424,0007,SANTANDER,CARLOS,DEPOSITO,2022-02-03T22:53:55,1299.31
4582,0000,SANTANDER,MARCOS,DEPOSITO,2022-02-02T23:44:32,1342.78
5506,0006,ITAU,LUCIA,DEPOSITO,2022-02-03T13:43:00,656.52
7912,0004,ITAU,PEDRO,SAQUE,2022-02-05T23:15:29,50.56
2824,0004,ITAU,MARIA,DEPOSITO,2022-02-08T01:55:20,63.14
4657,0001,ITAU,MARCOS,DEPOSITO,2022-02-05T11:52:48,62.89
1434,0004,SANTANDER,PEDRO,DEPOSITO,2022-02-01T10:38:02,989.71
7912,0000,ITAU,PEDRO,DEPOSITO,2022-02-08T04:55:20,1298.77
5506,0009,CAIXA,MARCOS,SAQUE,2022-02-03T12:47:46,149.11
1434,0007,ITAU,CARLOS,SAQUE,2022-02-03T22:58:49,512.78
5506,0008,SANTANDER,CARLOS,DEPOSITO,2022-02-07T08:49:15,994.79
5506,0003,ITAU,PEDRO,DEPOSITO,2022-02-08T05:22:28,911.47
4657,0004,ITAU,LUCIA,DEPOSITO,2022-02-04T17:01:21,1195.16
2824,0004,CAIXA,CARLOS,SAQUE,2022-02-02T05:02:37,547.26
4582,0007,ITAU,PEDRO,DEPOSITO,2022-02-05T11:44:42,409.31
5506,0003,CAIXA,SANDRA,SAQUE,2022-02-05T13:54:49,1155.12
7912,0007,ITAU,JOAO,SAQUE,2022-02-04T13:51:23,1291.92
4582,0005,ITAU,JULIA,DEPOSITO,2022-02-08T08:13:04,1146.54
4657,0009,CAIXA,ANA,DEPOSITO,2022-02-05T07:28:24,151.43
1434,0002,SANTANDER,JULIA,DEPOSITO,2022-02-01T06:42:11,614.89
4657,0009,ITAU,MARIA,DEPOSITO,2022-02-05T06:09:33,690.09
4582,0000,SANTANDER,CARLOS,SAQUE,2022-02-05T09:17:50,715.01
7912,0003,CAIXA,FELIPE,SAQUE,2022-02-09T02:52:47,974.78
2424,0001,SANTANDER,JOAO,DEPOSITO,2022-02-09T06:22:22,1102.72
4582,0005,ITAU,JULIA,SAQUE,2022-02-03T02:03:26,1179.03
1488,0004,CAIXA,JOAO,SAQUE,2022-02-01T10:47:47,129.70
2824,0002,SANTANDER,MARIA,DEPOSITO,2022-02-05T15:47:08,433.61
9279,0002,CAIXA,JOAO,DEPOSITO,2022-02-09T17:05:57,1086.65
1488,0002,SANTANDER,SANDRA,SAQUE,2022-02-05T04:17:11,1407.12
4582,0007,ITAU,MARIA,SAQUE,2022-02-07T21:11:12,539.14
1434,0001,SANTANDER,SANDRA,DEPOSITO,2022-02-09T19:29:20,1470.29
2824,0005,SANTANDER,MARCOS,DEPOSITO,2022-02-06T05:48:16,1461.08
4657,0007,CAIXA,ANA,SAQUE,2022-02-08T17:21:31,312.66
2679,0002,SANTANDER,LUCIA,DEPOSITO,2022-02-01T18:36:20,399.00
1488,0004,ITAU,CARLOS,SAQUE,2022-02-02T22:02:17,668.51
2424,0007,ITAU,MARCOS,SAQUE,2022-02-01T19:21:06,177.40
1488,0002,ITAU,ANA,SAQUE,2022-02-05T00:10:30,263.00
7912,0003,ITAU,JOAO,DEPOSITO,2022-02-03T08:24:33,680.66
9279,0001,SANTANDER,SANDRA,SAQUE,2022-02-01T22:16:08,455.76
1434,0007,SANTANDER,LUCIA,DEPOSITO,2022-02-06T12:54:48,588.67
4657,0008,ITAU,JULIA,SAQUE,2022-02-07T19:22:26,836.16
2424,0009,CAIXA,SANDRA,DEPOSITO,2022-02-08T12:03:19,324.82
2679,0005,CAIXA,FELIPE,DEPOSITO,2022-02-10T08:24:22,1143.65
7912,0007,SANTANDER,CARLOS,SAQUE,2022-02-02T09:52:07,656.76
9279,0004,SANTANDER,JOAO,SAQUE,2022-02-06T01:09:50,423.89
4582,0003,SANTANDER,MARCOS,SAQUE,2022-02-05T02:28:27,579.80
2824,0006,CAIXA,MARIA,DEPOSITO,2022-02-02T00:44:35,1119.57
1434,0009,ITAU,SANDRA,DEPOSITO,2022-02-01T06:38:32,540.71
2679,0001,CAIXA,JULIA,SAQUE,2022-02-02T20:06:41,188.51
7912,0001,CAIXA,MARIA,DEPOSITO,2022-02-07T12:05:35,383.82
2679,0004,SANTANDER,MARIA,DEPOSITO,2022-02-03T08:10:16,26.70
1434,0003,ITAU,SANDRA,DEPOSITO,2022-02-02T13:41:00,809.72
1434,0007,SANTANDER,MARIA,DEPOSITO,2022-02-03T13:51:03,799.82
1488,0007,CAIXA,PEDRO,DEPOSITO,2022-02-07T00:31:19,1456.43
2679,0003,SANTANDER,JULIA,DEPOSITO,2022-02-03T20:12:43,1219.66
9279,0008,SANTANDER,LUCIA,DEPOSITO,2022-02-08T19:44:06,1109.06
1434,0002,CAIXA,SANDRA,DEPOSITO,2022-02-01T21:04:32,1047.12
4657,0009,SANTANDER,LUCIA,SAQUE,2022-02-07T00:42:10,28.93
2824,0001,CAIXA,LUCIA,SAQUE,2022-02-04T15:30:21,1467.62
4657,0000,ITAU,JOAO,DEPOSITO,2022-02-08T06:15:50,1276.00
1488,0003,CAIXA,JULIA,SAQUE,2022-02-06T19:13:55,1199.74
5506,0001,SANTANDER,JOAO,DEPOSITO,2022-02-09T11:36:13,183.50
9279,0009,ITAU,MARCOS,SAQUE,2022-02-08T08:42:03,916.34
1488,0005,CAIXA,SANDRA,SAQUE,2022-02-06T01:12:21,278.28
1488,0008,ITAU,MARCOS,DEPOSITO,2022-02-04T07:07:38,259.42
5506,0004,SANTANDER,PEDRO,DEPOSITO,2022-02-01T13:49:47,860.75
4657,0006,SANTANDER,MARIA,DEPOSITO,2022-02-04T07:26:39,1386.64
2679,0006,ITAU,PEDRO,DEPOSITO,2022-02-05T21:46:48,1340.25
2679,0002,CAIXA,SANDRA,SAQUE,2022-02-09T12:34:38,583.13
4657,0009,ITAU,CARLOS,DEPOSITO,2022-02-09T20:05:39,1399.58
7912,0006,SANTANDER,MARCOS,DEPOSITO,2022-02-04T08:09:45,248.61
1488,0008,ITAU,PEDRO,SAQUE,2022-02-09T02:47:41,383.03
2679,0000,ITAU,JULIA,DEPOSITO,2022-02-02T00:00:40,110.40
9279,0002,SANTANDER,JOAO,DEPOSITO,2022-02-09T06:24:03,290.78
4657,0000,SANTANDER,JULIA,DEPOSITO,2022-02-01T21:08:15,626.94
2824,0008,CAIXA,CARLOS,DEPOSITO,2022-02-03T13:47:49,47.51
4657,0000,SANTANDER,MARCOS,DEPOSITO,2022-02-04T20:58:53,1102.15
1488,0002,CAIXA,MARIA,SAQUE,2022-02-06T13:46:03,1307.52
1434,0005,SANTANDER,FELIPE,SAQUE,2022-02-05T01:17:11,772.67
4582,0007,CAIXA,CARLOS,DEPOSITO,2022-02-09T21:36:06,715.39
4582,0002,SANTANDER,JULIA,SAQUE,2022-02-03T10:42:04,343.15
4657,0004,SANTANDER,JULIA,SAQUE,2022-02-10T00:24:42,716.14
2824,0002,CAIXA,CARLOS,DEPOSITO,2022-02-01T15:51:14,783.43
7912,0000,SANTANDER,SANDRA,DEPOSITO,2022-02-09T05:32:07,1129.07
7912,0004,ITAU,CARLOS,DEPOSITO,2022-02-10T13:47:42,838.06
4582,0003,SANTANDER,MARCOS,DEPOSITO,2022-02-05T16:03:32,400.83
2824,0009,ITAU,PEDRO,SAQUE,2022-02-02T00:52:10,1253.40
7912,0009,CAIXA,FELIPE,DEPOSITO,2022-02-02T17:02:10,293.08
1488,0007,CAIXA,PEDRO,DEPOSITO,2022-02-01T04:03:43,465.24
4657,0004,SANTANDER,JULIA,DEPOSITO,2022-02-02T10:42:02,423.00
9279,0006,CAIXA,MARCOS,SAQUE,2022-02-03T07:57:24,390.06
9279,0005,CAIXA,CARLOS,DEPOSITO,2022-02-03T22:12:46,313.16
2679,0002,CAIXA,ANA,SAQUE,2022-02-10T13:33:44,1216.65
1434,0005,SANTANDER,FELIPE,SAQUE,2022-02-03T14:32:44,524.58
4657,0006,SANTANDER,JULIA,DEPOSITO,2022-02-03T05:02:22,60.93
1488,0006,CAIXA,MARCOS,DEPOSITO,2022-02-08T23:54:18,618.05
2679,0008,SANTANDER,JOAO,DEPOSITO,2022-02-06T20:01:44,1371.67
1434,0007,SANTANDER,LUCIA,DEPOSITO,2022-02-04T20:19:18,771.24
2824,0003,CAIXA,ANA,SAQUE,2022-02-09T09:49:18,1370.90
1488,0009,ITAU,FELIPE,DEPOSITO,2022-02-01T10:54:53,514.37
2679,0003,CAIXA,CARLOS,SAQUE,2022-02-03T04:40:08,810.17
1434,0003,SANTANDER,PEDRO,SAQUE,2022-02-03T18:34:48,918.28
2679,0005,ITAU,SANDRA,DEPOSITO,2022-02-01T18:56:54,1413.23
5506,0006,CAIXA,MARCOS,DEPOSITO,2022-02-08T00:45:06,418.10
1434,0003,CAIXA,MARIA,DEPOSITO,2022-02-06T04:56:10,1243.03
7912,0007,SANTANDER,ANA,DEPOSITO,2022-02-10T12:12:11,1420.17
4657,0002,SANTANDER,ANA,SAQUE,2022-02-06T02:46:30,1223.19
2424,0008,CAIXA,CARLOS,DEPOSITO,2022-02-01T17:14:11,354.49
2424,0008,ITAU,LUCIA,DEPOSITO,2022-02-04T11:29:12,1021.97
7912,0003,ITAU,FELIPE,SAQUE,2022-02-02T00:39:22,1058.59
4582,0003,ITAU,JOAO,SAQUE,2022-02-03T00:14:58,661.91
2824,0003,SANTANDER,CARLOS,DEPOSITO,2022-02-06T12:07:41,434.60
2679,0003,SANTANDER,CARLOS,DEPOSITO,2022-02-06T12:46:48,328.96
9279,0008,SANTANDER,FELIPE,SAQUE,2022-02-02T15:56:25,1390.74
1434,0001,CAIXA,LUCIA,SAQUE,2022-02-03T08:55:18,1461.60
1434,0007,SANTANDER,FELIPE,DEPOSITO,2022-02-07T23:49:51,617.38
2424,0009,CAIXA,MARIA,SAQUE,2022-02-09T13:24:45,444.75
2424,0006,CAIXA,JOAO,DEPOSITO,2022-02-06T03:01:57,1437.48
2424,0002,CAIXA,PEDRO,SAQUE,2022-02-05T14:18:37,1114.59
9279,0008,CAIXA,JOAO,SAQUE,2022-02-06T22:26:38,339.93
1434,0000,SANTANDER,MARCOS,SAQUE,2022-02-09T10:29:12,848.66
2679,0006,SANTANDER,JULIA,DEPOSITO,2022-02-07T14:08:06,626.86
7912,0006,CAIXA,JOAO,SAQUE,2022-02-07T22:49:44,816.58
2824,0001,ITAU,CARLOS,DEPOSITO,2022-02-04T08:21:04,430.25
9279,0007,ITAU,ANA,SAQUE,2022-02-05T19:40:19,1250.58
1434,0001,CAIXA,FELIPE,SAQUE,2022-02-03T04:30:04,1219.90
4657,0007,ITAU,JULIA,DEPOSITO,2022-02-10T07:10:34,1370.58
1434,0000,ITAU,MARCOS,SAQUE,2022-02-03T01:14:10,320.40
2824,0002,CAIXA,PEDRO,DEPOSITO,2022-02-07T01:03:50,462.99
4582,0003,CAIXA,ANA,SAQUE,2022-02-07T17:58:47,920.31
4582,0003,SANTANDER,CARLOS,SAQUE,2022-02-02T13:04:58,485.34
9279,0003,ITAU,FELIPE,SAQUE,2022-02-01T02:59:30,1377.73
7912,0009,SANTANDER,SANDRA,DEPOSITO,2022-02-03T22:31:02,1020.84
5506,0009,SANTANDER,LUCIA,DEPOSITO,2022-02-10T17:27:47,1017.61
2424,0001,SANTANDER,ANA,SAQUE,2022-02-01T21:18:23,1353.65
2679,0004,ITAU,MARIA,SAQUE,2022-02-04T17:50:55,485.82
9279,0007,SANTANDER,ANA,DEPOSITO,2022-02-09T09:45:24,1459.09
5506,0008,ITAU,CARLOS,DEPOSITO,2022-02-05T04:21:52,1308.46
2424,0007,ITAU,JULIA,SAQUE,2022-02-08T00:46:21,182.54
4657,0001,ITAU,CARLOS,SAQUE,2022-02-06T00:56:20,1243.79
7912,0000,SANTANDER,FELIPE,SAQUE,2022-02-01T08:09:59,573.91
1434,0002,CAIXA,MARIA,SAQUE,2022-02-09T14:40:39,905.23
2424,0009,SANTANDER,FELIPE,SAQUE,2022-02-10T07:12:43,327.25
5506,0000,SANTANDER,MARIA,SAQUE,2022-02-10T16:48:22,505.28
7912,0004,ITAU,LUCIA,SAQUE,2022-02-04T08:14:55,839.33
2679,0005,CAIXA,MARIA,DEPOSITO,2022-02-07T10:58:47,360.85
4582,0003,CAIXA,JOAO,SAQUE,2022-02-05T15:57:07,886.69
2679,0007,SANTANDER,FELIPE,SAQUE,2022-02-07T08:50:07,1139.12
2424,0006,SANTANDER,FELIPE,SAQUE,2022-02-03T10:17:56,962.74
7912,0004,ITAU,JULIA,SAQUE,2022-02-02T08:45:53,397.55
4582,0005,ITAU,SANDRA,DEPOSITO,2022-02-08T12:29:16,1301.20
2824,0000,ITAU,SANDRA,DEPOSITO,2022-02-08T09:02:58,1319.97
2824,0001,SANTANDER,FELIPE,DEPOSITO,2022-02-03T11:33:41,136.30
7912,0001,SANTANDER,MARCOS,DEPOSITO,2022-02-06T20:34:58,1380.35
4582,0004,CAIXA,CARLOS,SAQUE,2022-02-04T02:46:43,205.37
1488,0008,CAIXA,PEDRO,SAQUE,2022-02-07T11:33:34,529.20
4582,0000,ITAU,FELIPE,SAQUE,2022-02-10T15:28:15,172.65
2424,0008,CAIXA,PEDRO,SAQUE,2022-02-06T22:51:31,733.67
7912,0000,CAIXA,MARIA,DEPOSITO,2022-02-09T19:40:04,1117.64
1434,0004,SANTANDER,CARLOS,SAQUE,2022-02-02T01:16:10,335.00
4657,0005,ITAU,MARIA,SAQUE,2022-02-08T03:47:42,1171.40
4582,0005,CAIXA,SANDRA,SAQUE,2022-02-09T05:15:02,508.38
2679,0003,ITAU,SANDRA,SAQUE,2022-02-03T13:19:56,1354.21
4657,0006,CAIXA,CARLOS,SAQUE,2022-02-04T11:18:34,611.49
2679,0003,SANTANDER,CARLOS,SAQUE,2022-02-10T09:21:47,735.49
2679,0008,CAIXA,JULIA,SAQUE,2022-02-01T04:28:12,907.76
2824,0002,CAIXA,CARLOS,DEPOSITO,2022-02-02T01:01:23,851.62
1434,0000,CAIXA,PEDRO,SAQUE,2022-02-10T03:20:57,880.29
9279,0000,ITAU,LUCIA,SAQUE,2022-02-04T05:56:41,1187.03
2824,0000,SANTANDER,MARCOS,DEPOSITO,2022-02-05T11:37:20,684.57
4582,0009,SANTANDER,ANA,SAQUE,2022-02-01T20:39:40,845.47
2679,0008,SANTANDER,JOAO,SAQUE,2022-02-03T01:36:12,1242.55
1434,0006,CAIXA,LUCIA,SAQUE,2022-02-02T04:24:56,483.23
1488,0008,CAIXA,FELIPE,SAQUE,2022-02-01T04:13:05,578.93
2679,0009,CAIXA,ANA,DEPOSITO,2022-02-06T02:39:10,350.30
5506,0003,SANTANDER,FELIPE,DEPOSITO,2022-02-08T22:28:04,844.15
9279,0001,ITAU,MARCOS,SAQUE,2022-02-09T19:41:13,10.63
1434,0006,CAIXA,FELIPE,DEPOSITO,2022-02-09T05:55:46,867.82
1434,0008,CAIXA,ANA,SAQUE,2022-02-06T13:42:19,596.60
9279,0008,ITAU,JOAO,SAQUE,2022-02-02T04:53:19,1223.56
9279,0003,SANTANDER,JULIA,SAQUE,2022-02-06T00:27:46,280.13
1488,0003,SANTANDER,FELIPE,SAQUE,2022-02-10T17:48:34,1354.03
7912,0004,ITAU,PEDRO,DEPOSITO,2022-02-03T11:43:55,370.27
2824,0004,SANTANDER,JOAO,SAQUE,2022-02-08T11:46:55,461.71
4582,0001,ITAU,MARIA,SAQUE,2022-02-06T13:53:49,854.86
2824,0009,CAIXA,CARLOS,SAQUE,2022-02-04T02:27:32,410.85
9279,0004,ITAU,MARIA,SAQUE,2022-02-02T09:49:28,163.75
7912,0003,CAIXA,LUCIA,DEPOSITO,2022-02-09T14:10:04,1273.29
2679,0007,ITAU,PEDRO,SAQUE,2022-02-03T01:43:23,1377.65
1488,0004,SANTANDER,SANDRA,DEPOSITO,2022-02-05T09:35:51,1236.00
2679,0004,CAIXA,LUCIA,SAQUE,2022-02-05T22:25:27,953.15
1434,0005,ITAU,CARLOS,DEPOSITO,2022-02-02T01:17:19,67.14
7912,0000,ITAU,PEDRO,DEPOSITO,2022-02-04T22:10:33,1180.60
9279,0001,CAIXA,JOAO,DEPOSITO,2022-02-08T19:42:40,1392.50
2424,0002,CAIXA,JOAO,DEPOSITO,2022-02-07T08:45:36,698.63
1434,0006,ITAU,ANA,SAQUE,2022-02-09T22:12:24,679.11
1434,0000,ITAU,PEDRO,DEPOSITO,2022-02-06T09:03:23,1245.16
5506,0008,SANTANDER,LUCIA,DEPOSITO,2022-02-04T04:48:17,831.60
7912,0009,CAIXA,CARLOS,DEPOSITO,2022-02-09T19:01:10,627.11
4657,0007,ITAU,MARIA,DEPOSITO,2022-02-04T12:02:28,1099.72
9279,0006,CAIXA,FELIPE,SAQUE,2022-02-08T23:35:47,103.86
1488,0000,CAIXA,ANA,SAQUE,2022-02-02T19:02:01,559.22
2824,0004,CAIXA,CARLOS,SAQUE,2022-02-05T11:32:08,1054.70
1488,0003,SANTANDER,FELIPE,DEPOSITO,2022-02-01T20:01:25,1229.13
2824,0000,CAIXA,CARLOS,SAQUE,2022-02-06T08:58:12,1016.37
2679,0009,ITAU,LUCIA,DEPOSITO,2022-02-10T05:37:04,1310.31
1488,0001,ITAU,JULIA,DEPOSITO,2022-02-09T08:03:22,1339.99
2424,0005,CAIXA,MARIA,SAQUE,2022-02-05T05:57:25,1240.07
4657,0006,CAIXA,CARLOS,DEPOSITO,2022-02-07T06:59:14,749.79
1488,0000,ITAU,JOAO,SAQUE,2022-02-01T23:21:09,1194.68
5506,0007,SANTANDER,MARCOS,SAQUE,2022-02-07T04:36:03,931.47
5506,0001,SANTANDER,JULIA,DEPOSITO,2022-02-01T17:10:46,1008.12
2424,0009,ITAU,CARLOS,SAQUE,2022-02-01T19:24:44,126.34
5506,0009,SANTANDER,CARLOS,DEPOSITO,2022-02-10T13:56:36,152.61
4582,0006,ITAU,PEDRO,SAQUE,2022-02-03T23:32:01,241.75
1434,0000,SANTANDER,MARIA,SAQUE,2022-02-03T20:28:30,574.09
4582,0007,CAIXA,ANA,DEPOSITO,2022-02-04T04:07:42,1035.05
4582,0008,CAIXA,ANA,DEPOSITO,2022-02-05T09:28:21,170.12
1488,0009,ITAU,MARCOS,DEPOSITO,2022-02-05T05:47:15,32.49
1488,0005,CAIXA,LUCIA,DEPOSITO,2022-02-08T18:45:56,1140.92
4582,0001,CAIXA,SANDRA,DEPOSITO,2022-02-02T19:30:35,1321.10
2424,0005,CAIXA,MARIA,SAQUE,2022-02-09T21:12:55,1063.22
5506,0008,CAIXA,JOAO,SAQUE,2022-02-10T18:08:16,563.49
1434,0000,ITAU,PEDRO,DEPOSITO,2022-02-08T09:32:42,895.50
4657,0003,CAIXA,FELIPE,DEPOSITO,2022-02-05T08:21:38,871.75
9279,0003,ITAU,JULIA,SAQUE,2022-02-07T17:24:13,1145.17
5506,0008,ITAU,JULIA,DEPOSITO,2022-02-07T22:54:53,1021.49
1488,0007,CAIXA,JULIA,DEPOSITO,2022-02-07T09:05:55,909.96
1434,0003,SANTANDER,FELIPE,SAQUE,2022-02-08T17:56:01,1222.30
2824,0001,SANTANDER,CARLOS,DEPOSITO,2022-02-10T05:37:15,1250.54
9279,0007,ITAU,ANA,SAQUE,2022-02-05T15:57:31,1021.58
2679,0008,SANTANDER,ANA,SAQUE,2022-02-07T13:43:04,158.12
1434,0003,ITAU,JULIA,SAQUE,2022-02-01T17:39:51,1235.58
7912,0007,SANTANDER,ANA,DEPOSITO,2022-02-09T03:12:37,733.60
1488,0009,ITAU,CARLOS,DEPOSITO,2022-02-04T13:50:36,1331.14
9279,0008,ITAU,CARLOS,SAQUE,2022-02-04T03:19:07,1380.20
2824,0000,ITAU,SANDRA,DEPOSITO,2022-02-04T16:51:21,71.74
9279,0002,CAIXA,MARCOS,DEPOSITO,2022-02-08T01:19:47,956.82
4582,0006,SANTANDER,SANDRA,DEPOSITO,2022-02-03T06:46:40,189.98
4657,0004,CAIXA,MARCOS,DEPOSITO,2022-02-08T23:07:02,919.53
2424,0004,CAIXA,JOAO,DEPOSITO,2022-02-02T02:08:24,1340.88
9279,0009,ITAU,CARLOS,SAQUE,2022-02-01T10:35:48,730.29
5506,0005,CAIXA,MARIA,DEPOSITO,2022-02-06T04:30:56,670.02
1488,0007,CAIXA,LUCIA,DEPOSITO,2022-02-09T09:31:31,168.53
2679,0006,ITAU,LUCIA,DEPOSITO,2022-02-02T01:24:42,1107.40
4582,0007,SANTANDER,FELIPE,SAQUE,2022-02-07T23:45:07,245.92
2424,0000,ITAU,JOAO,DEPOSITO,2022-02-05T17:42:18,1212.93
7912,0003,CAIXA,LUCIA,SAQUE,2022-02-04T16:32:00,46.06
1488,0005,SANTANDER,PEDRO,DEPOSITO,2022-02-02T18:57:29,602.75
4657,0007,SANTANDER,CARLOS,SAQUE,2022-02-06T20:12:50,1478.38
1488,0008,SANTANDER,LUCIA,SAQUE,2022-02-06T14:23:45,101.35
2679,0002,ITAU,JULIA,DEPOSITO,2022-02-02T13:42:07,117.88
4582,0003,CAIXA,LUCIA,SAQUE,2022-02-08T11:12:34,249.80
4582,0002,CAIXA,JOAO,SAQUE,2022-02-07T13:21:37,934.77
2424,0000,SANTANDER,FELIPE,SAQUE,2022-02-05T06:32:16,100.82
9279,0001,SANTANDER,CARLOS,SAQUE,2022-02-05T13:58:15,813.64
1488,0004,CAIXA,SANDRA,DEPOSITO,2022-02-09T23:09:36,1330.74
2824,0008,CAIXA,MARCOS,SAQUE,2022-02-10T04:39:06,953.51
1434,0009,CAIXA,FELIPE,DEPOSITO,2022-02-10T07:44:15,1229.33
2424,0001,ITAU,PEDRO,SAQUE,2022-02-07T15:21:41,798.59
5506,0006,ITAU,PEDRO,DEPOSITO,2022-02-04T14:16:31,811.69
2679,0005,ITAU,JOAO,DEPOSITO,2022-02-08T12:18:51,46.96
2424,0008,SANTANDER,MARCOS,DEPOSITO,2022-02-02T22:55:31,13.20
1434,0004,SANTANDER,MARIA,SAQUE,2022-02-03T13:01:28,675.54
5506,0002,ITAU,FELIPE,SAQUE,2022-02-02T18:43:38,324.12
1488,0007,ITAU,MARCOS,DEPOSITO,2022-02-08T18:57:04,1232.09
2424,0006,CAIXA,MARIA,DEPOSITO,2022-02-03T05:08:52,143.70
2824,0003,CAIXA,PEDRO,DEPOSITO,2022-02-01T17:30:42,820.68
4657,0005,SANTANDER,LUCIA,SAQUE,2022-02-02T01:07:35,1322.01
1488,0007,SANTANDER,JULIA,DEPOSITO,2022-02-09T14:35:32,460.85
4657,0002,ITAU,MARIA,SAQUE,2022-02-02T15:02:53,1384.66
4657,0007,CAIXA,MARCOS,DEPOSITO,2022-02-07T08:32:43,1056.53
9279,0004,SANTANDER,JULIA,DEPOSITO,2022-02-09T02:11:23,1447.19
7912,0004,SANTANDER,PEDRO,SAQUE,2022-02-05T03:19:41,201.76
9279,0007,SANTANDER,PEDRO,SAQUE,2022-02-01T05:44:01,180.67
2824,0004,CAIXA,JULIA,SAQUE,2022-02-06T08:15:24,793.71
5506,0009,SANTANDER,JOAO,DEPOSITO,2022-02-03T22:36:35,443.33
2824,0005,SANTANDER,CARLOS,SAQUE,2022-02-06T18:00:19,295.23
2679,0009,CAIXA,ANA,SAQUE,2022-02-05T16:43:41,694.46
1434,0001,ITAU,MARCOS,SAQUE,2022-02-03T18:29:40,1218.75
7912,0006,CAIXA,CARLOS,SAQUE,2022-02-09T21:18:28,60.67
4582,0009,SANTANDER,MARCOS,DEPOSITO,2022-02-09T07:05:47,158.77
5506,0002,CAIXA,LUCIA,SAQUE,2022-02-02T00:25:40,1196.07
1488,0005,ITAU,SANDRA,SAQUE,2022-02-08T17:56:09,1095.31
7912,0001,CAIXA,LUCIA,SAQUE,2022-02-07T01:11:54,736.62
5506,0009,CAIXA,SANDRA,SAQUE,2022-02-02T04:44:07,122.20
2679,0000,ITAU,MARIA,DEPOSITO,2022-02-10T12:38:16,352.85
1434,0007,SANTANDER,CARLOS,DEPOSITO,2022-02-09T09:08:34,1386.86
2424,0004,ITAU,ANA,DEPOSITO,2022-02-09T12:41:59,488.16
2679,0007,SANTANDER,PEDRO,DEPOSITO,2022-02-08T01:46:32,1455.87
2824,0009,ITAU,FELIPE,DEPOSITO,2022-02-03T12:21:31,401.96
4582,0003,SANTANDER,CARLOS,DEPOSITO,2022-02-07T11:43:30,489.38
2824,0000,ITAU,MARCOS,DEPOSITO,2022-02-02T20:19:15,433.72
2679,0008,CAIXA,CARLOS,SAQUE,2022-02-02T05:34:20,587.58
2824,0008,SANTANDER,JOAO,DEPOSITO,2022-02-06T00:39:50,40.68
1488,0000,CAIXA,ANA,DEPOSITO,2022-02-07T11:57:48,218.69
7912,0009,SANTANDER,MARCOS,DEPOSITO,2022-02-08T20:02:23,910.01
1434,0007,CAIXA,FELIPE,SAQUE,2022-02-07T21:15:00,1011.31
7912,0004,ITAU,JOAO,SAQUE,2022-02-10T16:05:18,404.57
4657,0005,SANTANDER,MARCOS,SAQUE,2022-02-03T19:07:09,1359.61
2679,0008,SANTANDER,JULIA,DEPOSITO,2022-02-10T09:57:00,204.65
4657,0009,SANTANDER,CARLOS,DEPOSITO,2022-02-04T04:41:25,406.27
2424,0001,CAIXA,JOAO,SAQUE,2022-02-06T18:17:46,1380.84
2424,0003,SANTANDER,ANA,DEPOSITO,2022-02-08T12:01:09,461.99
9279,0001,ITAU,FELIPE,SAQUE,2022-02-01T21:28:22,893.15
7912,0003,SANTANDER,MARCOS,DEPOSITO,2022-02-09T10:23:38,378.83
5506,0007,CAIXA,MARIA,SAQUE,2022-02-01T10:35:21,967.17
2824,0001,CAIXA,LUCIA,SAQUE,2022-02-06T10:08:36,1210.31
2824,0003,SANTANDER,JULIA,DEPOSITO,2022-02-06T04:17:04,732.20
1488,0002,ITAU,JULIA,SAQUE,2022-02-07T17:01:08,181.40
1488,0006,SANTANDER,MARCOS,SAQUE,2022-02-07T14:09:00,79.23
7912,0000,SANTANDER,SANDRA,SAQUE,2022-02-08T19:41:38,815.58
2679,0003,ITAU,ANA,SAQUE,2022-02-10T06:34:23,1240.90
1488,0000,ITAU,CARLOS,DEPOSITO,2022-02-05T12:17:19,998.41
2824,0004,ITAU,MARCOS,SAQUE,2022-02-05T08:52:06,1053.25
1434,0002,ITAU,JOAO,DEPOSITO,2022-02-10T09:06:04,163.77
1488,0009,CAIXA,FELIPE,SAQUE,2022-02-06T16:48:01,1013.64
1488,0001,CAIXA,FELIPE,DEPOSITO,2022-02-07T05:36:25,1244.19
4582,0002,ITAU,JOAO,SAQUE,2022-02-09T16:54:21,844.48
9279,0002,SANTANDER,MARCOS,SAQUE,2022-02-06T10:57:53,119.49
4582,0009,ITAU,CARLOS,SAQUE,2022-02-08T09:18:56,300.01
2824,0007,CAIXA,MARCOS,SAQUE,2022-02-08T00:05:46,414.40
2679,0009,CAIXA,LUCIA,DEPOSITO,2022-02-10T06:29:42,52.91
2424,0000,ITAU,ANA,DEPOSITO,2022-02-01T15:07:16,853.60
2824,0007,ITAU,SANDRA,SAQUE,2022-02-10T04:12:46,495.43
5506,0005,SANTANDER,SANDRA,DEPOSITO,2022-02-04T03:26:43,702.23
4582,0005,ITAU,MARIA,SAQUE,2022-02-07T10:55:05,1449.60
2424,0007,ITAU,JULIA,SAQUE,2022-02-03T06:03:46,487.17
4582,0002,CAIXA,JULIA,DEPOSITO,2022-02-07T16:28:23,553.93
4582,0007,SANTANDER,JULIA,DEPOSITO,2022-02-04T02:09:48,20.32
2424,0003,CAIXA,PEDRO,SAQUE,2022-02-07T17:10:24,811.74
7912,0007,ITAU,MARCOS,DEPOSITO,2022-02-09T01:03:55,1181.11
4657,0004,CAIXA,LUCIA,SAQUE,2022-02-07T16:04:40,115.08
1434,0008,SANTANDER,ANA,DEPOSITO,2022-02-09T16:11:56,315.55
4657,0001,CAIXA,CARLOS,DEPOSITO,2022-02-04T08:28:46,178.14
7912,0008,CAIXA,FELIPE,DEPOSITO,2022-02-10T12:52:39,673.56
1434,0000,ITAU,ANA,DEPOSITO,2022-02-09T12:23:32,1249.41
1488,0000,CAIXA,JULIA,SAQUE,2022-02-07T14:46:48,332.82
2679,0008,CAIXA,ANA,SAQUE,2022-02-08T03:47:47,308.35
4582,0009,ITAU,JOAO,SAQUE,2022-02-02T03:51:22,533.21
2679,0001,SANTANDER,PEDRO,DEPOSITO,2022-02-07T10:51:30,545.59
1488,0003,CAIXA,ANA,DEPOSITO,2022-02-09T00:49:01,401.19
4582,0001,SANTANDER,FELIPE,SAQUE,2022-02-08T08:49:09,131.65
7912,0009,SANTANDER,JULIA,SAQUE,2022-02-01T07:29:51,554.86
4582,0009,SANTANDER,FELIPE,SAQUE,2022-02-08T09:16:47,1082.17
7912,0007,ITAU,FELIPE,SAQUE,2022-02-05T01:33:26,707.34
2679,0002,ITAU,MARCOS,DEPOSITO,2022-02-04T06:46:27,419.51
2679,0000,SANTANDER,JULIA,DEPOSITO,2022-02-03T01:12:13,715.08
2824,0009,SANTANDER,JULIA,SAQUE,2022-02-06T22:57:59,808.69
2424,0005,CAIXA,LUCIA,DEPOSITO,2022-02-03T04:51:57,868.71
4582,0008,CAIXA,JULIA,SAQUE,2022-02-07T15:24:00,526.43
4582,0001,SANTANDER,ANA,DEPOSITO,2022-02-07T20:27:46,1244.07
2824,0006,CAIXA,LUCIA,DEPOSITO,2022-02-07T03:04:15,859.07
1434,0005,SANTANDER,MARIA,SAQUE,2022-02-02T20:52:13,489.05
2679,0007,CAIXA,MARIA,SAQUE,2022-02-06T04:54:51,1311.13
4582,0007,ITAU,JULIA,SAQUE,2022-02-08T08:47:47,642.28
2424,0005,SANTANDER,MARIA,DEPOSITO,2022-02-03T15:34:16,200.29
2824,0008,CAIXA,ANA,SAQUE,2022-02-09T09:11:52,934.81
4657,0009,CAIXA,LUCIA,DEPOSITO,2022-02-05T06:34:10,211.78
7912,0000,CAIXA,LUCIA,SAQUE,2022-02-06T12:43:17,1345.45
9279,0008,ITAU,JOAO,SAQUE,2022-02-05T10:49:04,85.42
2424,0006,ITAU,JOAO,SAQUE,2022-02-06T15:31:10,731.75
2679,0009,ITAU,JULIA,DEPOSITO,2022-02-02T16:33:04,506.62
4582,0007,CAIXA,SANDRA,DEPOSITO,2022-02-09T06:30:17,1289.40
2824,0002,CAIXA,CARLOS,DEPOSITO,2022-02-06T16:08:18,407.88
4582,0005,ITAU,LUCIA,SAQUE,2022-02-02T17:18:13,1335.17
9279,0001,SANTANDER,PEDRO,DEPOSITO,2022-02-07T22:16:32,480.89
2679,0005,CAIXA,PEDRO,DEPOSITO,2022-02-06T08:08:01,1476.29
5506,0001,SANTANDER,MARCOS,SAQUE,2022-02-06T12:58:10,522.89
5506,0004,CAIXA,ANA,SAQUE,2022-02-07T20:27:47,768.30
2424,0000,CAIXA,MARIA,DEPOSITO,2022-02-06T06:14:01,1089.83
2679,0008,ITAU,MARCOS,DEPOSITO,2022-02-04T20:21:12,990.19
5506,0001,SANTANDER,PEDRO,DEPOSITO,2022-02-03T05:17:09,86.40
1488,0000,SANTANDER,CARLOS,SAQUE,2022-02-04T02:42:57,517.45
2679,0000,SANTANDER,SANDRA,SAQUE,2022-02-04T07:25:42,212.99
2824,0001,ITAU,MARCOS,DEPOSITO,2022-02-02T12:32:30,437.10
9279,0007,SANTANDER,MARIA,SAQUE,2022-02-03T11:07:58,325.89
2679,0002,CAIXA,SANDRA,SAQUE,2022-02-01T21:13:21,976.65
9279,0001,CAIXA,CARLOS,DEPOSITO,2022-02-08T21:56:46,304.76
7912,0005,CAIXA,SANDRA,SAQUE,2022-02-04T11:28:41,495.28
7912,0000,ITAU,JULIA,DEPOSITO,2022-02-04T01:47:27,1001.11
4657,0002,CAIXA,SANDRA,SAQUE,2022-02-06T16:40:01,1272.25
9279,0008,SANTANDER,LUCIA,DEPOSITO,2022-02-05T16:01:42,1073.60
2679,0009,ITAU,PEDRO,SAQUE,2022-02-04T06:59:33,86.89
4657,0000,ITAU,SANDRA,SAQUE,2022-02-06T09:48:49,909.39
1488,0000,SANTANDER,CARLOS,SAQUE,2022-02-08T10:09:19,710.79
4657,0004,CAIXA,CARLOS,DEPOSITO,2022-02-06T03:49:12,1075.84
2824,0001,CAIXA,FELIPE,SAQUE,2022-02-05T17:40:48,1209.71
1434,0004,CAIXA,LUCIA,SAQUE,2022-02-10T16:01:41,291.69
9279,0009,CAIXA,MARIA,DEPOSITO,2022-02-09T12:18:34,1091.19
4657,0005,SANTANDER,LUCIA,DEPOSITO,2022-02-03T10:31:05,1290.72
2824,0007,ITAU,LUCIA,SAQUE,2022-02-07T00:50:38,484.65
5506,0003,SANTANDER,JULIA,SAQUE,2022-02-08T15:01:25,1390.39
7912,0004,CAIXA,CARLOS,SAQUE,2022-02-02T05:29:41,567.75
1488,0008,ITAU,FELIPE,DEPOSITO,2022-02-07T09:05:52,61.77
4657,0005,CAIXA,FELIPE,DEPOSITO,2022-02-04T19:31:44,529.34
7912,0006,ITAU,PEDRO,SAQUE,2022-02-09T18:52:42,498.40
2824,0001,SANTANDER,MARIA,DEPOSITO,2022-02-03T06:51:03,1447.29
2424,0005,CAIXA,MARCOS,DEPOSITO,2022-02-10T09:09:58,1376.42
4657,0000,CAIXA,MARCOS,SAQUE,2022-02-05T03:04:15,1159.48
4582,0005,ITAU,ANA,SAQUE,2022-02-07T02:30:40,309.73
7912,0003,CAIXA,FELIPE,SAQUE,2022-02-01T11:47:34,392.09
9279,0004,ITAU,FELIPE,DEPOSITO,2022-02-01T02:55:58,1443.81
2424,0007,ITAU,JOAO,SAQUE,2022-02-04T11:36:08,319.68
2424,0000,ITAU,CARLOS,DEPOSITO,2022-02-05T12:53:10,376.00
9279,0007,ITAU,CARLOS,DEPOSITO,2022-02-07T17:30:07,892.70
4657,0000,CAIXA,MARIA,DEPOSITO,2022-02-09T20:07:41,151.01
9279,0005,CAIXA,PEDRO,SAQUE,2022-02-02T05:51:29,1283.15
4582,0000,CAIXA,PEDRO,SAQUE,2022-02-05T12:39:27,1385.25
7912,0006,SANTANDER,JOAO,SAQUE,2022-02-01T17:02:03,262.51
2824,0007,SANTANDER,JOAO,SAQUE,2022-02-03T03:09:40,239.11
4657,0002,ITAU,MARIA,DEPOSITO,2022-02-06T00:14:09,77.73
2679,0009,ITAU,SANDRA,DEPOSITO,2022-02-05T12:34:28,16.36
1488,0000,ITAU,MARCOS,SAQUE,2022-02-03T02:11:31,1270.01
2424,0003,CAIXA,JULIA,SAQUE,2022-02-05T15:02:37,63.28
2424,0006,CAIXA,PEDRO,DEPOSITO,2022-02-05T10:17:06,508.36
2679,0000,ITAU,MARIA,DEPOSITO,2022-02-02T22:54:13,793.47
2424,0009,CAIXA,SANDRA,SAQUE,2022-02-10T16:15:32,452.66
5506,0008,CAIXA,LUCIA,DEPOSITO,2022-02-09T18:48:38,1312.60
9279,0009,CAIXA,PEDRO,DEPOSITO,2022-02-01T03:03:18,1362.09
1434,0000,ITAU,ANA,SAQUE,2022-02-01T02:22:36,948.20
4582,0002,SANTANDER,JOAO,SAQUE,2022-02-05T13:56:36,689.37
2424,0001,SANTANDER,MARIA,DEPOSITO,2022-02-09T07:59:10,506.39
2679,0004,CAIXA,JULIA,DEPOSITO,2022-02-05T00:11:48,971.83
2824,0005,ITAU,MARCOS,DEPOSITO,2022-02-03T03:23:21,254.07
1488,0002,CAIXA,JOAO,DEPOSITO,2022-02-05T22:23:52,37.03
9279,0002,CAIXA,FELIPE,DEPOSITO,2022-02-07T22:17:06,1241.66
1434,0002,CAIXA,PEDRO,SAQUE,2022-02-05T05:05:31,1140.61
4582,0005,CAIXA,FELIPE,SAQUE,2022-02-02T20:54:24,1473.25
1488,0005,CAIXA,CARLOS,DEPOSITO,2022-02-02T20:09:29,209.03
7912,0000,SANTANDER,CARLOS,DEPOSITO,2022-02-09T18:34:41,411.66
1434,0005,ITAU,JOAO,DEPOSITO,2022-02-10T01:07:24,227.01
7912,0007,ITAU,JOAO,DEPOSITO,2022-02-03T21:30:23,43.32
2679,0009,ITAU,LUCIA,DEPOSITO,2022-02-06T12:27:52,294.12
5506,0007,CAIXA,JULIA,DEPOSITO,2022-02-03T22:46:29,404.49
1488,0001,ITAU,SANDRA,SAQUE,2022-02-09T18:06:16,855.09
9279,0004,ITAU,ANA,SAQUE,2022-02-02T12:02:56,1460.03
2679,0000,SANTANDER,SANDRA,SAQUE,2022-02-09T12:54:58,1342.46
2679,0009,SANTANDER,MARCOS,SAQUE,2022-02-10T09:40:51,435.96
2824,0007,CAIXA,MARCOS,SAQUE,2022-02-01T22:13:32,331.14
1434,0007,SANTANDER,PEDRO,DEPOSITO,2022-02-01T13:40:13,966.49
9279,0006,ITAU,PEDRO,DEPOSITO,2022-02-02T15:37:39,571.31
7912,0004,ITAU,MARIA,SAQUE,2022-02-09T20:59:04,710.13
7912,0000,SANTANDER,MARCOS,DEPOSITO,2022-02-08T05:16:28,649.69
1488,0003,CAIXA,SANDRA,SAQUE,2022-02-06T14:35:19,1064.46
7912,0002,SANTANDER,ANA,SAQUE,2022-02-07T04:26:37,299.42
7912,0005,CAIXA,CARLOS,DEPOSITO,2022-02-03T02:22:25,895.07
4657,0006,CAIXA,PEDRO,DEPOSITO,2022-02-10T15:08:26,787.85
5506,0009,ITAU,MARIA,DEPOSITO,2022-02-03T17:26:14,1085.59
1434,0000,ITAU,CARLOS,DEPOSITO,2022-02-01T10:04:37,733.16
2824,0001,ITAU,FELIPE,SAQUE,2022-02-03T04:07:33,455.95
2424,0008,CAIXA,ANA,DEPOSITO,2022-02-05T13:46:18,384.94
5506,0007,SANTANDER,LUCIA,DEPOSITO,2022-02-03T20:07:26,867.17
1488,0006,CAIXA,CARLOS,DEPOSITO,2022-02-08T12:49:14,1044.27
5506,0003,CAIXA,MARCOS,SAQUE,2022-02-03T11:24:08,178.28
2679,0009,SANTANDER,PEDRO,DEPOSITO,2022-02-06T12:13:42,1076.36
4582,0001,ITAU,SANDRA,DEPOSITO,2022-02-08T11:35:52,1099.73
5506,0009,SANTANDER,LUCIA,SAQUE,2022-02-06T22:33:02,517.01
7912,0006,ITAU,LUCIA,DEPOSITO,2022-02-06T21:01:50,524.59
2679,0004,ITAU,PEDRO,DEPOSITO,2022-02-01T03:23:56,18.46
2679,0000,SANTANDER,JULIA,SAQUE,2022-02-04T18:29:43,908.48
5506,0005,CAIXA,MARCOS,SAQUE,2022-02-08T17:37:34,704.90
5506,0004,SANTANDER,SANDRA,DEPOSITO,2022-02-04T02:47:57,410.63
7912,0008,CAIXA,LUCIA,SAQUE,2022-02-09T03:39:54,861.35
5506,0000,CAIXA,LUCIA,DEPOSITO,2022-02-02T16:00:51,506.08
5506,0001,CAIXA,FELIPE,DEPOSITO,2022-02-01T20:10:56,1121.53
7912,0004,CAIXA,CARLOS,DEPOSITO,2022-02-01T22:58:50,983.48
2679,0007,CAIXA,CARLOS,SAQUE,2022-02-08T21:55:17,637.11
5506,0009,SANTANDER,SANDRA,SAQUE,2022-02-10T01:20:04,1425.00
2424,0000,ITAU,JOAO,SAQUE,2022-02-03T12:27:32,62.75
7912,0007,SANTANDER,JOAO,SAQUE,2022-02-09T18:23:47,1142.00
1488,0005,SANTANDER,MARIA,SAQUE,2022-02-09T23:27:05,1277.02
4582,0006,SANTANDER,FELIPE,SAQUE,2022-02-04T17:00:05,1482.93
2824,0006,ITAU,FELIPE,SAQUE,2022-02-09T17:15:50,232.54
2679,0006,CAIXA,LUCIA,DEPOSITO,2022-02-06T01:52:59,509.37
7912,0005,SANTANDER,LUCIA,SAQUE,2022-02-02T00:49:20,368.75
2824,0008,CAIXA,ANA,SAQUE,2022-02-06T11:28:54,420.70
2424,0000,SANTANDER,MARCOS,DEPOSITO,2022-02-08T23:34:25,657.95
4582,0008,CAIXA,ANA,SAQUE,2022-02-03T21:53:22,944.61
4582,0002,CAIXA,LUCIA,SAQUE,2022-02-10T00:02:42,791.06
2679,0007,SANTANDER,LUCIA,DEPOSITO,2022-02-04T14:33:40,211.46
4657,0003,SANTANDER,CARLOS,SAQUE,2022-02-02T08:36:55,1414.24
1434,0002,ITAU,JOAO,DEPOSITO,2022-02-04T04:42:41,48.02
4657,0000,CAIXA,LUCIA,SAQUE,2022-02-03T10:07:05,262.63
1488,0007,CAIXA,ANA,DEPOSITO,2022-02-08T09:08:01,432.01
4657,0005,ITAU,CARLOS,SAQUE,2022-02-04T07:15:07,94.33
1488,0002,ITAU,LUCIA,SAQUE,2022-02-04T10:02:51,69.75
4657,0001,CAIXA,MARIA,SAQUE,2022-02-03T17:18:29,1180.91
2424,0004,ITAU,JULIA,SAQUE,2022-02-01T13:25:26,828.96
4657,0000,ITAU,CARLOS,SAQUE,2022-02-05T10:17:20,1450.33
5506,0004,ITAU,JOAO,DEPOSITO,2022-02-01T23:03:29,524.89
7912,0008,SANTANDER,SANDRA,SAQUE,2022-02-09T19:37:41,189.46
1488,0003,SANTANDER,LUCIA,DEPOSITO,2022-02-10T12:49:50,106.91
4657,0002,CAIXA,FELIPE,DEPOSITO,2022-02-02T13:40:38,1447.28
4657,0000,ITAU,CARLOS,DEPOSITO,2022-02-06T19:14:56,1298.88
2424,0002,CAIXA,MARIA,DEPOSITO,2022-02-01T12:30:38,402.23
9279,0005,SANTANDER,CARLOS,SAQUE,2022-02-04T04:17:50,25.52
4582,0008,ITAU,MARIA,DEPOSITO,2022-02-09T13:37:28,191.01
9279,0005,SANTANDER,MARCOS,DEPOSITO,2022-02-01T04:06:11,288.47
7912,0000,ITAU,LUCIA,SAQUE,2022-02-09T21:09:06,488.11
1434,0004,CAIXA,JULIA,SAQUE,2022-02-01T12:08:17,1081.62
1488,0004,ITAU,SANDRA,DEPOSITO,2022-02-03T21:09:19,483.23
1434,0009,ITAU,FELIPE,DEPOSITO,2022-02-08T03:42:26,1384.91
2824,0007,ITAU,FELIPE,DEPOSITO,2022-02-09T15:29:34,1416.44
1434,0008,CAIXA,SANDRA,DEPOSITO,2022-02-09T19:28:28,255.46
7912,0003,CAIXA,FELIPE,DEPOSITO,2022-02-10T16:54:48,996.03
1434,0000,CAIXA,MARCOS,SAQUE,2022-02-05T03:47:44,1102.14
2824,0001,ITAU,ANA,SAQUE,2022-02-03T09:56:11,404.39
7912,0008,ITAU,ANA,SAQUE,2022-02-08T21:53:55,645.30
2424,0000,CAIXA,JULIA,SAQUE,2022-02-05T20:46:19,941.77
7912,0009,CAIXA,FELIPE,DEPOSITO,2022-02-01T22:30:13,65.91
1488,0007,CAIXA,ANA,SAQUE,2022-02-04T09:03:18,231.14
2679,0006,CAIXA,CARLOS,SAQUE,2022-02-08T13:57:47,711.41
4582,0008,ITAU,CARLOS,SAQUE,2022-02-01T21:30:26,693.57
2679,0009,ITAU,JULIA,DEPOSITO,2022-02-01T17:46:01,384.65
1488,0002,SANTANDER,MARIA,DEPOSITO,2022-02-03T17:52:39,1076.63
1488,0004,SANTANDER,MARCOS,DEPOSITO,2022-02-03T06:36:28,91.60
4657,0008,ITAU,FELIPE,SAQUE,2022-02-01T06:47:56,967.97
7912,0004,CAIXA,SANDRA,SAQUE,2022-02-09T07:55:42,1102.91
2424,0009,SANTANDER,CARLOS,DEPOSITO,2022-02-07T21:51:44,1323.60
2679,0000,ITAU,FELIPE,DEPOSITO,2022-02-01T07:53:27,1277.78
9279,0004,SANTANDER,PEDRO,DEPOSITO,2022-02-03T06:40:38,1116.00
2424,0006,ITAU,PEDRO,SAQUE,2022-02-07T12:04:10,40.75
2424,0008,SANTANDER,PEDRO,SAQUE,2022-02-05T19:59:38,75.63
4582,0007,SANTANDER,LUCIA,SAQUE,2022-02-07T11:20:23,537.79
2424,0009,ITAU,LUCIA,DEPOSITO,2022-02-01T14:38:02,827.11
2679,0007,SANTANDER,MARIA,DEPOSITO,2022-02-08T06:06:05,1040.84
4657,0009,CAIXA,MARIA,SAQUE,2022-02-04T20:51:47,1392.91
1488,0004,ITAU,JOAO,DEPOSITO,2022-02-04T06:11:19,1267.89
7912,0009,CAIXA,CARLOS,DEPOSITO,2022-02-09T13:44:28,563.98
1434,0002,CAIXA,SANDRA,DEPOSITO,2022-02-02T04:57:11,665.92
1434,0003,ITAU,JULIA,DEPOSITO,2022-02-04T20:31:57,1115.54
4582,0006,ITAU,CARLOS,SAQUE,2022-02-08T11:44:41,787.60
4657,0002,SANTANDER,FELIPE,SAQUE,2022-02-07T22:13:23,669.25
4582,0000,ITAU,CARLOS,SAQUE,2022-02-01T08:52:41,505.93
4657,0001,SANTANDER,MARCOS,SAQUE,2022-02-03T12:04:46,966.11
5506,0007,CAIXA,MARIA,DEPOSITO,2022-02-08T14:54:50,1340.77
4582,0006,CAIXA,JULIA,DEPOSITO,2022-02-05T20:45:25,1236.63
2679,0004,SANTANDER,LUCIA,DEPOSITO,2022-02-04T14:53:39,642.51
1488,0001,ITAU,MARIA,SAQUE,2022-02-05T13:03:21,713.25
9279,0000,ITAU,MARIA,DEPOSITO,2022-02-09T13:36:42,395.48
4657,0005,ITAU,SANDRA,DEPOSITO,2022-02-07T09:00:28,749.74
4582,0006,SANTANDER,MARCOS,DEPOSITO,2022-02-09T18:24:48,1146.20
4582,0006,CAIXA,JULIA,DEPOSITO,2022-02-02T11:47:15,1285.81
2824,0002,SANTANDER,ANA,DEPOSITO,2022-02-03T23:48:19,759.14
9279,0003,CAIXA,LUCIA,DEPOSITO,2022-02-05T07:18:36,869.44
4657,0009,ITAU,MARIA,DEPOSITO,2022-02-05T22:11:27,1331.07
1434,0007,SANTANDER,MARCOS,SAQUE,2022-02-04T07:31:55,398.49
2424,0002,SANTANDER,PEDRO,SAQUE,2022-02-09T15:45:30,1119.84
9279,0005,SANTANDER,ANA,DEPOSITO,2022-02-06T17:53:46,1037.30
4582,0005,CAIXA,FELIPE,DEPOSITO,2022-02-10T13:26:17,517.31
2679,0000,SANTANDER,CARLOS,DEPOSITO,2022-02-03T06:32:47,1121.04
2679,0009,SANTANDER,MARIA,SAQUE,2022-02-02T04:36:20,881.24
1434,0006,ITAU,CARLOS,SAQUE,2022-02-08T16:04:09,1355.81
1488,0009,ITAU,SANDRA,SAQUE,2022-02-05T08:42:09,1469.05
2824,0003,SANTANDER,JULIA,DEPOSITO,2022-02-07T15:41:59,272.58
2824,0000,ITAU,CARLOS,DEPOSITO,2022-02-04T18:33:42,1179.49
4582,0009,ITAU,PEDRO,SAQUE,2022-02-05T16:07:11,1356.96
9279,0009,SANTANDER,JULIA,SAQUE,2022-02-03T18:58:03,663.15
2679,0006,CAIXA,MARCOS,SAQUE,2022-02-02T08:35:13,1133.09
4582,0005,SANTANDER,JOAO,DEPOSITO,2022-02-01T06:45:56,1068.62
5506,0005,ITAU,SANDRA,DEPOSITO,2022-02-07T14:34:15,967.00
4657,0001,ITAU,JOAO,SAQUE,2022-02-09T01:53:29,1089.42
9279,0004,CAIXA,ANA,DEPOSITO,2022-02-06T06:19:16,1135.69
2424,0004,SANTANDER,LUCIA,SAQUE,2022-02-01T07:50:30,75.89
2824,0005,CAIXA,JULIA,SAQUE,2022-02-03T00:43:00,758.04
1434,0006,CAIXA,MARIA,SAQUE,2022-02-02T16:11:29,547.19
2824,0000,CAIXA,MARIA,SAQUE,2022-02-01T14:11:01,1056.64
2679,0004,ITAU,MARIA,DEPOSITO,2022-02-08T01:21:36,1037.23
2424,0009,ITAU,JULIA,DEPOSITO,2022-02-05T15:54:24,1122.29
1434,0003,SANTANDER,JULIA,DEPOSITO,2022-02-04T15:47:25,1498.44
5506,0006,ITAU,LUCIA,DEPOSITO,2022-02-05T23:53:32,911.48
1488,0007,SANTANDER,JULIA,DEPOSITO,2022-02-05T06:27:10,1300.02
4657,0009,ITAU,LUCIA,SAQUE,2022-02-10T18:30:06,1339.12
4657,0001,ITAU,JOAO,SAQUE,2022-02-01T08:45:25,779.41
2824,0001,ITAU,JULIA,DEPOSITO,2022-02-03T23:38:05,1368.92
2824,0001,SANTANDER,ANA,DEPOSITO,2022-02-08T22:08:14,908.32
2679,0003,ITAU,FELIPE,DEPOSITO,2022-02-07T02:36:55,306.96
2824,0005,SANTANDER,JOAO,SAQUE,2022-02-09T16:27:17,1131.62
1488,0003,ITAU,LUCIA,SAQUE,2022-02-04T19:57:18,1206.13
4582,0007,SANTANDER,LUCIA,DEPOSITO,2022-02-09T06:12:44,896.30
5506,0007,ITAU,JULIA,SAQUE,2022-02-05T03:04:15,676.38
9279,0004,CAIXA,MARIA,DEPOSITO,2022-02-04T22:55:04,1457.98
1488,0006,SANTANDER,LUCIA,DEPOSITO,2022-02-06T13:50:53,594.77
9279,0000,ITAU,FELIPE,SAQUE,2022-02-04T03:50:43,279.34
1488,0005,CAIXA,MARIA,DEPOSITO,2022-02-10T00:03:27,1248.15
2824,0003,CAIXA,MARIA,SAQUE,2022-02-01T20:50:57,629.46
2824,0003,SANTANDER,ANA,SAQUE,2022-02-06T03:25:51,982.35
9279,0001,CAIXA,FELIPE,SAQUE,2022-02-09T12:38:26,795.97
2424,0002,SANTANDER,MARCOS,SAQUE,2022-02-10T08:10:50,312.42
2824,0002,CAIXA,CARLOS,DEPOSITO,2022-02-09T05:09:30,129.24
4582,0007,CAIXA,CARLOS,SAQUE,2022-02-09T21:28:09,48.22
2679,0006,CAIXA,SANDRA,DEPOSITO,2022-02-09T07:10:09,497.83
2679,0006,CAIXA,MARIA,SAQUE,2022-02-06T12:01:59,1245.19
5506,0000,ITAU,JULIA,SAQUE,2022-02-05T17:29:02,721.59
4657,0000,SANTANDER,ANA,DEPOSITO,2022-02-06T19:18:42,453.52
4582,0005,CAIXA,FELIPE,DEPOSITO,2022-02-09T01:57:08,683.04
2424,0001,ITAU,ANA,SAQUE,2022-02-10T18:25:21,1229.49
9279,0001,SANTANDER,SANDRA,DEPOSITO,2022-02-05T15:44:11,1370.50
5506,0000,ITAU,ANA,SAQUE,2022-02-04T03:26:35,561.05
1434,0006,CAIXA,PEDRO,SAQUE,2022-02-07T06:41:28,880.38
1488,0004,CAIXA,MARCOS,SAQUE,2022-02-05T01:59:28,934.06
1434,0000,SANTANDER,JOAO,DEPOSITO,2022-02-01T16:23:39,279.99
9279,0004,SANTANDER,LUCIA,SAQUE,2022-02-04T05:48:54,392.99
4582,0002,CAIXA,JULIA,DEPOSITO,2022-02-10T09:33:13,919.40
7912,0008,ITAU,MARCOS,SAQUE,2022-02-08T10:48:10,1161.04
7912,0003,SANTANDER,JOAO,DEPOSITO,2022-02-05T02:33:07,772.05
1488,0000,CAIXA,FELIPE,SAQUE,2022-02-07T08:53:13,1156.27
1434,0008,CAIXA,JOAO,DEPOSITO,2022-02-08T03:54:22,46.73
2824,0007,ITAU,PEDRO,SAQUE,2022-02-03T05:34:24,472.99
4582,0000,CAIXA,SANDRA,SAQUE,2022-02-07T14:06:15,1231.99
1434,0003,CAIXA,CARLOS,SAQUE,2022-02-08T16:57:54,1056.89
2424,0006,SANTANDER,SANDRA,DEPOSITO,2022-02-06T13:34:05,813.50
9279,0002,ITAU,ANA,SAQUE,2022-02-06T10:01:10,256.68
9279,0003,ITAU,MARIA,SAQUE,2022-02-03T10:27:49,829.31
7912,0002,CAIXA,MARIA,SAQUE,2022-02-05T23:40:05,192.66
4657,0006,CAIXA,MARCOS,DEPOSITO,2022-02-06T20:04:25,573.35
4582,0006,ITAU,JULIA,SAQUE,2022-02-04T15:04:36,304.26
4657,0004,ITAU,SANDRA,DEPOSITO,2022-02-06T03:05:09,602.72
2679,0009,CAIXA,JOAO,SAQUE,2022-02-07T16:59:40,929.82
7912,0002,CAIXA,CARLOS,SAQUE,2022-02-05T20:38:50,1321.04
7912,0005,SANTANDER,ANA,DEPOSITO,2022-02-07T23:58:21,474.91
2424,0008,ITAU,MARCOS,SAQUE,2022-02-07T18:53:23,981.86
4657,0000,CAIXA,MARCOS,DEPOSITO,2022-02-06T11:09:47,594.71
5506,0008,CAIXA,SANDRA,SAQUE,2022-02-02T19:08:49,695.78
7912,0009,CAIXA,MARIA,DEPOSITO,2022-02-04T21:58:31,296.50
2824,0002,ITAU,LUCIA,DEPOSITO,2022-02-03T09:10:34,1179.87
7912,0000,SANTANDER,MARCOS,DEPOSITO,2022-02-04T08:33:31,384.19
2679,0005,ITAU,FELIPE,DEPOSITO,2022-02-04T21:45:15,525.33
4657,0008,ITAU,FELIPE,DEPOSITO,2022-02-05T03:09:35,1241.71
2424,0008,SANTANDER,SANDRA,DEPOSITO,2022-02-01T09:40:13,681.91
1488,0002,SANTANDER,CARLOS,DEPOSITO,2022-02-02T12:09:50,1241.79
1488,0004,SANTANDER,JOAO,SAQUE,2022-02-03T11:18:45,373.25
1488,0001,ITAU,ANA,SAQUE,2022-02-01T04:27:31,490.37
4582,0002,ITAU,PEDRO,DEPOSITO,2022-02-02T03:53:07,1224.87
5506,0009,ITAU,MARIA,SAQUE,2022-02-06T13:30:08,1050.18
9279,0008,ITAU,JOAO,SAQUE,2022-02-10T08:19:25,1275.12
4582,0001,SANTANDER,PEDRO,DEPOSITO,2022-02-06T21:55:49,1057.29
7912,0007,ITAU,JULIA,DEPOSITO,2022-02-03T11:14:06,560.84
2424,0006,SANTANDER,JOAO,DEPOSITO,2022-02-05T14:07:32,501.33
1488,0004,CAIXA,MARCOS,DEPOSITO,2022-02-06T08:23:02,661.05
2679,0002,ITAU,JOAO,SAQUE,2022-02-08T02:54:00,1081.84
2424,0008,ITAU,CARLOS,DEPOSITO,2022-02-10T14:26:47,1129.87
4582,0000,ITAU,SANDRA,DEPOSITO,2022-02-05T15:54:20,954.30
7912,0002,ITAU,SANDRA,SAQUE,2022-02-08T11:43:09,228.76
1488,0001,ITAU,SANDRA,DEPOSITO,2022-02-04T06:35:42,406.87
4582,0009,CAIXA,CARLOS,SAQUE,2022-02-03T03:27:37,816.83
4657,0005,ITAU,PEDRO,SAQUE,2022-02-02T12:39:31,210.24
2679,0006,CAIXA,PEDRO,DEPOSITO,2022-02-08T13:16:52,1087.71
5506,0009,SANTANDER,SANDRA,DEPOSITO,2022-02-01T02:50:44,166.23
2424,0003,ITAU,JOAO,SAQUE,2022-02-02T00:59:44,1476.55
2824,0007,ITAU,CARLOS,DEPOSITO,2022-02-01T13:11:53,1425.53
4582,0002,CAIXA,MARIA,SAQUE,2022-02-07T09:47:29,1306.56
1488,0006,SANTANDER,PEDRO,DEPOSITO,2022-02-04T09:57:47,1231.96
7912,0002,CAIXA,LUCIA,SAQUE,2022-02-03T11:11:32,745.46
2824,0009,SANTANDER,FELIPE,DEPOSITO,2022-02-05T06:18:04,1365.93
9279,0009,CAIXA,SANDRA,DEPOSITO,2022-02-10T07:02:46,871.11
4582,0009,ITAU,FELIPE,SAQUE,2022-02-08T15:08:06,1265.25
2424,0001,CAIXA,PEDRO,SAQUE,2022-02-07T00:50:52,446.26
1434,0000,CAIXA,SANDRA,DEPOSITO,2022-02-05T13:27:43,36.92
4582,0002,SANTANDER,PEDRO,SAQUE,2022-02-08T00:07:30,47.34
5506,0006,CAIXA,JULIA,DEPOSITO,2022-02-02T02:01:00,170.05
1488,0009,SANTANDER,CARLOS,DEPOSITO,2022-02-04T15:08:33,939.86
9279,0006,ITAU,MARIA,DEPOSITO,2022-02-08T11:07:03,986.28
4582,0002,SANTANDER,LUCIA,DEPOSITO,2022-02-06T02:41:46,1276.88
4582,0001,ITAU,PEDRO,SAQUE,2022-02-08T17:48:05,310.18
7912,0000,CAIXA,ANA,SAQUE,2022-02-10T03:05:48,1448.20
1434,0008,ITAU,JULIA,DEPOSITO,2022-02-04T17:36:05,1297.59
5506,0001,SANTANDER,JOAO,SAQUE,2022-02-09T14:16:16,421.65
7912,0000,ITAU,FELIPE,SAQUE,2022-02-03T15:21:14,859.55
2824,0002,ITAU,MARIA,SAQUE,2022-02-09T05:53:30,1137.51
4657,0007,ITAU,SANDRA,DEPOSITO,2022-02-07T23:11:19,560.71
2424,0008,SANTANDER,JULIA,DEPOSITO,2022-02-10T10:07:52,1043.48
5506,0003,SANTANDER,LUCIA,SAQUE,2022-02-07T05:52:26,241.21
1434,0000,ITAU,JULIA,DEPOSITO,2022-02-03T09:11:02,399.13
2679,0003,CAIXA,SANDRA,DEPOSITO,2022-02-10T17:02:37,58.74
2679,0001,SANTANDER,ANA,SAQUE,2022-02-10T15:32:10,1162.76
4582,0006,SANTANDER,JULIA,DEPOSITO,2022-02-07T16:38:31,917.02
4657,0005,ITAU,LUCIA,DEPOSITO,2022-02-03T14:08:24,683.77
2824,0003,SANTANDER,MARIA,SAQUE,2022-02-09T10:25:26,854.64
9279,0003,ITAU,PEDRO,DEPOSITO,2022-02-07T09:42:05,690.80
1434,0001,CAIXA,PEDRO,SAQUE,2022-02-09T20:37:37,1462.83
4657,0003,ITAU,FELIPE,SAQUE,2022-02-01T18:46:57,31.24
4582,0007,SANTANDER,PEDRO,SAQUE,2022-02-01T11:50:47,121.70
4657,0005,CAIXA,JULIA,SAQUE,2022-02-09T01:30:32,463.59
4582,0009,SANTANDER,PEDRO,SAQUE,2022-02-02T08:15:00,764.44
1434,0004,ITAU,MARIA,DEPOSITO,2022-02-04T02:37:22,484.31
2824,0002,ITAU,MARIA,SAQUE,2022-02-04T09:11:38,652.73
1434,0006,CAIXA,SANDRA,SAQUE,2022-02-01T19:09:00,101.26
2824,0002,SANTANDER,ANA,DEPOSITO,2022-02-08T05:35:55,506.66
2679,0006,ITAU,CARLOS,DEPOSITO,2022-02-04T19:46:40,174.92
5506,0005,CAIXA,JOAO,DEPOSITO,2022-02-10T04:23:22,902.38
2424,0009,SANTANDER,CARLOS,DEPOSITO,2022-02-05T19:06:36,206.25
4582,0007,ITAU,JULIA,DEPOSITO,2022-02-08T19:40:00,1376.13
4582,0002,SANTANDER,FELIPE,DEPOSITO,2022-02-03T17:57:21,1067.32
2424,0008,ITAU,MARCOS,SAQUE,2022-02-05T13:28:47,512.52
1488,0004,CAIXA,ANA,DEPOSITO,2022-02-08T22:35:10,827.04
2824,0004,ITAU,JOAO,DEPOSITO,2022-02-04T19:35:48,447.21
1434,0007,SANTANDER,ANA,DEPOSITO,2022-02-04T06:56:35,1127.45
5506,0007,CAIXA,PEDRO,DEPOSITO,2022-02-08T12:51:25,520.68
2424,0003,ITAU,JOAO,DEPOSITO,2022-02-01T22:06:04,791.82
9279,0005,ITAU,CARLOS,DEPOSITO,2022-02-06T11:53:18,503.72
4657,0007,SANTANDER,LUCIA,SAQUE,2022-02-04T13:35:52,285.69
9279,0009,CAIXA,SANDRA,DEPOSITO,2022-02-05T07:59:19,1375.37
2679,0000,CAIXA,FELIPE,SAQUE,2022-02-02T04:37:19,515.96
2824,0006,CAIXA,MARIA,SAQUE,2022-02-06T05:38:40,259.52
1488,0005,CAIXA,MARIA,DEPOSITO,2022-02-06T23:02:40,215.21
9279,0005,CAIXA,JOAO,DEPOSITO,2022-02-07T10:51:50,404.09
7912,0009,ITAU,JULIA,DEPOSITO,2022-02-01T08:38:47,998.10
4657,0006,CAIXA,MARCOS,DEPOSITO,2022-02-10T11:48:36,582.10
5506,0008,CAIXA,JOAO,DEPOSITO,2022-02-08T16:10:25,58.80
2424,0005,CAIXA,FELIPE,DEPOSITO,2022-02-05T11:47:45,168.97
7912,0000,ITAU,MARIA,DEPOSITO,2022-02-01T19:42:19,100.23
1488,0002,SANTANDER,PEDRO,DEPOSITO,2022-02-02T11:02:36,32.66
4657,0000,ITAU,CARLOS,SAQUE,2022-02-03T07:57:16,1250.93
4582,0001,SANTANDER,MARCOS,SAQUE,2022-02-09T07:16:27,758.24
9279,0007,CAIXA,SANDRA,DEPOSITO,2022-02-06T21:26:42,1111.09
1434,0008,SANTANDER,ANA,SAQUE,2022-02-04T19:09:29,89.08
2679,0008,CAIXA,SANDRA,SAQUE,2022-02-10T00:28:44,922.74
2424,0000,ITAU,ANA,SAQUE,2022-02-08T06:25:30,610.24
2424,0000,CAIXA,FELIPE,DEPOSITO,2022-02-06T12:32:07,528.02
9279,0004,ITAU,SANDRA,SAQUE,2022-02-09T14:09:11,683.03
9279,0002,ITAU,PEDRO,SAQUE,2022-02-01T13:45:45,763.98
5506,0005,ITAU,SANDRA,SAQUE,2022-02-01T15:59:41,753.66
9279,0007,CAIXA,LUCIA,DEPOSITO,2022-02-10T15:41:31,108.41
5506,0009,CAIXA,JOAO,DEPOSITO,2022-02-09T13:53:40,201.59
1488,0003,ITAU,PEDRO,DEPOSITO,2022-02-02T18:22:42,976.93
4657,0004,SANTANDER,JOAO,DEPOSITO,2022-02-06T00:25:57,326.17
2424,0009,SANTANDER,SANDRA,SAQUE,2022-02-04T19:37:48,468.03
2679,0009,SANTANDER,LUCIA,SAQUE,2022-02-08T09:54:50,180.57
2679,0008,ITAU,FELIPE,DEPOSITO,2022-02-07T02:00:28,185.38
4657,0001,CAIXA,PEDRO,DEPOSITO,2022-02-07T02:11:30,1371.12
2824,0005,ITAU,MARIA,SAQUE,2022-02-05T23:17:07,25.59
5506,0003,CAIXA,CARLOS,DEPOSITO,2022-02-04T18:09:23,1088.61
9279,0002,SANTANDER,JOAO,SAQUE,2022-02-03T14:14:27,1113.74
2679,0007,SANTANDER,MARCOS,SAQUE,2022-02-01T09:36:40,526.13
2679,0000,CAIXA,MARCOS,DEPOSITO,2022-02-07T03:03:56,110.57
9279,0000,CAIXA,JOAO,SAQUE,2022-02-02T23:34:33,83.13
1488,0008,CAIXA,SANDRA,SAQUE,2022-02-04T19:28:04,263.28
2824,0000,CAIXA,PEDRO,SAQUE,2022-02-01T17:17:13,590.70
2679,0002,SANTANDER,CARLOS,SAQUE,2022-02-07T14:57:47,183.92
9279,0006,SANTANDER,FELIPE,DEPOSITO,2022-02-09T18:53:29,1112.34
9279,0003,CAIXA,MARCOS,SAQUE,2022-02-06T03:44:07,439.45
1488,0006,CAIXA,JOAO,SAQUE,2022-02-06T16:53:54,1053.39
5506,0000,ITAU,FELIPE,DEPOSITO,2022-02-07T02:25:17,483.29
5506,0001,CAIXA,PEDRO,SAQUE,2022-02-10T09:38:21,423.16
9279,0009,CAIXA,MARCOS,SAQUE,2022-02-01T10:48:09,958.79
4582,0000,CAIXA,LUCIA,SAQUE,2022-02-08T21:04:18,1341.22
4582,0002,SANTANDER,MARIA,SAQUE,2022-02-01T09:54:02,1453.38
4657,0005,SANTANDER,PEDRO,DEPOSITO,2022-02-04T06:27:45,1166.57
7912,0009,CAIXA,ANA,SAQUE,2022-02-02T09:40:50,885.75
7912,0000,ITAU,JULIA,SAQUE,2022-02-09T11:15:41,579.03
7912,0001,ITAU,MARIA,SAQUE,2022-02-08T22:10:42,519.48
5506,0004,SANTANDER,MARCOS,SAQUE,2022-02-07T12:59:21,440.19
2824,0006,SANTANDER,ANA,SAQUE,2022-02-02T23:26:41,468.97
7912,0007,ITAU,JOAO,DEPOSITO,2022-02-02T17:29:16,762.88
2424,0000,CAIXA,ANA,DEPOSITO,2022-02-01T03:07:19,420.05
5506,0005,CAIXA,CARLOS,DEPOSITO,2022-02-05T15:36:35,691.84
9279,0004,ITAU,LUCIA,DEPOSITO,2022-02-07T07:40:34,1089.03
9279,0005,SANTANDER,SANDRA,SAQUE,2022-02-03T21:37:56,682.61
4657,0009,SANTANDER,LUCIA,DEPOSITO,2022-02-03T00:55:45,864.63
5506,0007,SANTANDER,CARLOS,DEPOSITO,2022-02-01T19:20:25,1185.94
2424,0002,CAIXA,MARIA,DEPOSITO,2022-02-07T23:37:53,601.47
7912,0006,SANTANDER,MARIA,SAQUE,2022-02-05T08:23:59,416.07
4582,0007,CAIXA,JOAO,SAQUE,2022-02-10T02:25:16,117.56
9279,0004,CAIXA,ANA,DEPOSITO,2022-02-05T15:24:27,811.28
2424,0005,ITAU,LUCIA,SAQUE,2022-02-10T16:02:45,97.13
9279,0001,ITAU,ANA,DEPOSITO,2022-02-02T12:59:39,1256.40
7912,0009,SANTANDER,SANDRA,SAQUE,2022-02-10T16:58:49,714.44
1488,0002,SANTANDER,LUCIA,SAQUE,2022-02-05T09:06:04,789.29
4582,0008,ITAU,PEDRO,SAQUE,2022-02-03T06:22:34,1349.25
4582,0008,SANTANDER,JOAO,DEPOSITO,2022-02-09T09:33:41,127.22
2824,0009,CAIXA,ANA,DEPOSITO,2022-02-06T18:03:17,223.68
2824,0005,CAIXA,MARIA,DEPOSITO,2022-02-06T23:50:17,1103.47
2424,0008,CAIXA,CARLOS,DEPOSITO,2022-02-10T11:27:58,132.24
2679,0007,ITAU,JULIA,SAQUE,2022-02-07T04:30:19,1433.57
5506,0005,CAIXA,FELIPE,DEPOSITO,2022-02-01T11:43:53,1211.76
1488,0001,ITAU,SANDRA,DEPOSITO,2022-02-07T12:21:38,1418.02
4582,0000,SANTANDER,ANA,DEPOSITO,2022-02-05T03:47:39,703.53
7912,0000,SANTANDER,JULIA,DEPOSITO,2022-02-04T00:37:37,602.32
4582,0000,ITAU,JULIA,SAQUE,2022-02-06T01:26:46,827.84
5506,0001,CAIXA,ANA,SAQUE,2022-02-09T20:57:49,166.20
1488,0009,CAIXA,JOAO,DEPOSITO,2022-02-04T02:13:20,705.95
2424,0002,CAIXA,MARCOS,DEPOSITO,2022-02-04T16:50:42,207.09
2424,0002,ITAU,CARLOS,DEPOSITO,2022-02-09T05:04:08,474.69
5506,0000,SANTANDER,ANA,SAQUE,2022-02-08T22:58:52,996.37
1488,0008,SANTANDER,FELIPE,DEPOSITO,2022-02-04T07:20:05,1138.80
9279,0007,SANTANDER,LUCIA,DEPOSITO,2022-02-06T02:48:28,930.74
7912,0006,SANTANDER,LUCIA,DEPOSITO,2022-02-10T12:51:13,488.87
5506,0004,ITAU,ANA,SAQUE,2022-02-04T08:18:25,601.52
1434,0009,ITAU,JOAO,SAQUE,2022-02-02T02:51:37,1309.76
1488,0005,ITAU,CARLOS,SAQUE,2022-02-09T23:19:08,1131.57
4657,0002,SANTANDER,CARLOS,SAQUE,2022-02-10T07:36:34,911.75
1434,0005,CAIXA,JULIA,SAQUE,2022-02-05T07:21:07,179.94
4657,0004,CAIXA,MARCOS,DEPOSITO,2022-02-08T03:31:57,1196.81
1434,0005,SANTANDER,JOAO,DEPOSITO,2022-02-02T16:10:31,1146.51
5506,0008,SANTANDER,PEDRO,SAQUE,2022-02-06T11:09:03,115.33
9279,0005,ITAU,FELIPE,SAQUE,2022-02-09T08:03:10,613.77
1488,0004,SANTANDER,JOAO,SAQUE,2022-02-07T09:41:23,1262.57
1488,0000,ITAU,LUCIA,SAQUE,2022-02-03T17:05:34,882.11
9279,0003,ITAU,JULIA,DEPOSITO,2022-02-03T10:44:55,1102.29
1434,0005,SANTANDER,CARLOS,DEPOSITO,2022-02-08T18:54:40,534.01
4582,0003,ITAU,CARLOS,SAQUE,2022-02-07T08:52:32,579.99
4582,0007,ITAU,MARCOS,SAQUE,2022-02-03T23:35:10,631.45
4582,0009,ITAU,ANA,DEPOSITO,2022-02-05T12:17:26,731.96
1434,0005,CAIXA,CARLOS,DEPOSITO,2022-02-01T03:45:45,428.56
4657,0000,ITAU,LUCIA,DEPOSITO,2022-02-06T13:55:29,1343.23
9279,0005,SANTANDER,FELIPE,DEPOSITO,2022-02-04T14:10:47,1208.67
7912,0004,CAIXA,SANDRA,DEPOSITO,2022-02-08T17:50:44,872.39
2824,0005,SANTANDER,JULIA,SAQUE,2022-02-05T01:33:08,1312.31
1488,0004,CAIXA,CARLOS,DEPOSITO,2022-02-09T22:24:43,920.01
4582,0008,ITAU,SANDRA,DEPOSITO,2022-02-04T20:12:23,220.55
5506,0009,CAIXA,JULIA,DEPOSITO,2022-02-08T13:49:34,1175.15
2679,0007,CAIXA,FELIPE,SAQUE,2022-02-09T03:43:46,1381.05
4582,0000,ITAU,JULIA,DEPOSITO,2022-02-07T21:35:13,903.70
7912,0008,ITAU,SANDRA,DEPOSITO,2022-02-09T20:44:05,354.38
7912,0008,SANTANDER,JOAO,SAQUE,2022-02-02T15:05:34,500.67
1488,0005,CAIXA,SANDRA,SAQUE,2022-02-07T00:23:16,212.77
4657,0001,SANTANDER,MARCOS,DEPOSITO,2022-02-02T21:06:58,286.20
4657,0004,CAIXA,PEDRO,DEPOSITO,2022-02-10T12:27:14,486.93
1434,0008,SANTANDER,SANDRA,DEPOSITO,2022-02-03T08:14:35,1168.20
2424,0001,CAIXA,MARIA,DEPOSITO,2022-02-09T03:49:09,137.16
7912,0000,CAIXA,FELIPE,SAQUE,2022-02-05T22:18:21,16.28
2424,0004,CAIXA,MARIA,DEPOSITO,2022-02-08T03:20:27,344.86
7912,0009,SANTANDER,LUCIA,SAQUE,2022-02-05T00:22:51,1243.63
4657,0002,CAIXA,CARLOS,SAQUE,2022-02-06T21:35:05,1361.07
4582,0008,ITAU,FELIPE,DEPOSITO,2022-02-02T17:18:06,1369.72
2679,0000,SANTANDER,PEDRO,DEPOSITO,2022-02-02T03:30:46,878.60
2424,0006,SANTANDER,MARIA,SAQUE,2022-02-10T11:54:39,1291.95
4657,0004,SANTANDER,SANDRA,SAQUE,2022-02-10T15:32:54,1495.37
1434,0002,CAIXA,CARLOS,SAQUE,2022-02-08T14:17:34,539.24
4582,0005,ITAU,CARLOS,SAQUE,2022-02-06T00:20:33,882.10
1434,0009,SANTANDER,PEDRO,SAQUE,2022-02-04T19:19:28,419.36
4582,0000,ITAU,FELIPE,SAQUE,2022-02-09T04:15:51,359.40
2424,0005,SANTANDER,JOAO,DEPOSITO,2022-02-02T08:15:58,452.17
2824,0000,ITAU,PEDRO,DEPOSITO,2022-02-06T18:48:35,751.20
2824,0005,CAIXA,ANA,DEPOSITO,2022-02-03T08:15:01,157.16
4657,0009,ITAU,FELIPE,SAQUE,2022-02-07T07:34:43,295.78
9279,0001,ITAU,PEDRO,SAQUE,2022-02-02T08:22:26,671.20
2679,0006,CAIXA,LUCIA,DEPOSITO,2022-02-05T12:30:41,890.47
1488,0006,ITAU,JULIA,SAQUE,2022-02-10T00:20:11,31.97
1488,0001,ITAU,MARCOS,DEPOSITO,2022-02-04T21:34:29,46.35
1488,0000,ITAU,PEDRO,SAQUE,2022-02-09T23:15:55,978.78
4657,0004,ITAU,FELIPE,SAQUE,2022-02-08T10:26:35,1444.93
4657,0001,SANTANDER,PEDRO,SAQUE,2022-02-08T17:04:34,399.18
2679,0005,SANTANDER,PEDRO,DEPOSITO,2022-02-08T18:41:24,1405.81
2679,0009,ITAU,JOAO,DEPOSITO,2022-02-06T01:33:51,732.30
7912,0009,CAIXA,ANA,DEPOSITO,2022-02-07T15:12:25,603.11
4582,0005,CAIXA,SANDRA,SAQUE,2022-02-07T18:36:04,518.08
2679,0004,CAIXA,JOAO,SAQUE,2022-02-09T06:29:35,696.68
5506,0000,CAIXA,FELIPE,DEPOSITO,2022-02-03T05:21:24,646.56
5506,0006,CAIXA,SANDRA,DEPOSITO,2022-02-04T18:11:08,169.10
2679,0004,ITAU,CARLOS,SAQUE,2022-02-03T17:17:45,158.72
2424,0002,SANTANDER,PEDRO,SAQUE,2022-02-04T14:47:32,704.26
2824,0006,ITAU,FELIPE,SAQUE,2022-02-04T22:55:39,1240.79
1488,0004,SANTANDER,MARCOS,DEPOSITO,2022-02-09T04:43:09,731.31
9279,0007,SANTANDER,FELIPE,DEPOSITO,2022-02-04T05:43:34,752.25
7912,0002,SANTANDER,SANDRA,SAQUE,2022-02-02T00:50:38,1445.26
2424,0009,SANTANDER,JULIA,SAQUE,2022-02-09T03:13:13,1285.83
4582,0000,ITAU,ANA,SAQUE,2022-02-02T19:06:29,674.99
4657,0009,ITAU,JULIA,SAQUE,2022-02-03T11:00:07,262.86
9279,0001,CAIXA,CARLOS,SAQUE,2022-02-08T18:24:46,832.41
2824,0007,ITAU,JULIA,SAQUE,2022-02-07T01:13:29,1038.47
1488,0002,SANTANDER,SANDRA,DEPOSITO,2022-02-05T06:26:35,960.90
2424,0002,SANTANDER,MARIA,SAQUE,2022-02-04T05:58:10,1200.89
2824,0007,ITAU,FELIPE,SAQUE,2022-02-07T15:49:06,1061.94
9279,0001,SANTANDER,SANDRA,SAQUE,2022-02-05T16:22:49,197.29
4582,0009,SANTANDER,MARIA,SAQUE,2022-02-08T05:38:25,633.07
4582,0009,SANTANDER,FELIPE,SAQUE,2022-02-09T02:21:22,203.00
4582,0006,CAIXA,CARLOS,DEPOSITO,2022-02-09T23:05:03,618.94
2679,0005,ITAU,MARIA,SAQUE,2022-02-10T06:13:05,249.09
2424,0008,CAIXA,FELIPE,DEPOSITO,2022-02-08T14:35:04,231.37
2679,0001,CAIXA,PEDRO,SAQUE,2022-02-05T10:38:28,311.98
9279,0004,ITAU,SANDRA,DEPOSITO,2022-02-06T17:01:24,1308.46
1434,0005,ITAU,JULIA,SAQUE,2022-02-05T20:13:01,772.60
2424,0006,SANTANDER,MARIA,SAQUE,2022-02-09T11:44:44,347.61
4657,0008,ITAU,CARLOS,DEPOSITO,2022-02-02T06:20:03,758.86
5506,0009,SANTANDER,CARLOS,SAQUE,2022-02-08T19:36:40,1293.21
4582,0004,CAIXA,MARIA,DEPOSITO,2022-02-05T13:39:41,912.19
7912,0009,SANTANDER,SANDRA,SAQUE,2022-02-09T01:33:13,758.80
1434,0009,CAIXA,JULIA,SAQUE,2022-02-01T19:54:08,360.85
2824,0002,SANTANDER,MARCOS,DEPOSITO,2022-02-05T00:50:11,785.56
1434,0000,ITAU,SANDRA,DEPOSITO,2022-02-10T10:00:12,1054.20
4657,0000,ITAU,FELIPE,SAQUE,2022-02-09T15:23:10,1346.67
4582,0009,SANTANDER,FELIPE,SAQUE,2022-02-09T20:27:12,386.13
2679,0001,SANTANDER,MARCOS,SAQUE,2022-02-02T19:37:52,229.08
5506,0005,CAIXA,JOAO,DEPOSITO,2022-02-10T12:42:31,470.76
4582,0006,SANTANDER,MARCOS,SAQUE,2022-02-10T16:16:39,1487.81
4582,0008,CAIXA,JOAO,SAQUE,2022-02-03T21:30:48,652.20
4582,0009,ITAU,MARCOS,SAQUE,2022-02-09T04:24:06,487.50
1434,0000,ITAU,CARLOS,SAQUE,2022-02-02T06:46:20,1152.16
2824,0004,ITAU,MARCOS,DEPOSITO,2022-02-03T20:38:22,1241.58
4657,0008,ITAU,MARIA,DEPOSITO,2022-02-09T17:31:15,415.20
4582,0009,ITAU,JULIA,DEPOSITO,2022-02-02T18:37:38,849.75
1434,0007,ITAU,MARIA,DEPOSITO,2022-02-03T15:26:18,1138.02
4657,0000,SANTANDER,ANA,SAQUE,2022-02-10T14:10:24,76.70
4582,0001,SANTANDER,JOAO,SAQUE,2022-02-08T00:45:24,272.96
1488,0009,ITAU,MARIA,DEPOSITO,2022-02-07T04:54:01,368.55
2824,0001,SANTANDER,JOAO,SAQUE,2022-02-09T14:38:19,523.95
1488,0006,ITAU,JULIA,SAQUE,2022-02-05T17:24:40,432.49
5506,0002,CAIXA,PEDRO,SAQUE,2022-02-06T02:47:26,1327.63
1488,0007,CAIXA,LUCIA,DEPOSITO,2022-02-07T21:37:46,1072.29
4657,0004,ITAU,ANA,SAQUE,2022-02-01T14:04:41,142.90
2824,0009,ITAU,CARLOS,SAQUE,2022-02-10T01:26:24,995.61
1488,0000,ITAU,PEDRO,SAQUE,2022-02-07T22:56:41,961.85
1488,0006,SANTANDER,MARCOS,SAQUE,2022-02-08T16:12:50,1111.54
9279,0002,CAIXA,PEDRO,DEPOSITO,2022-02-09T15:00:57,1436.10
7912,0002,SANTANDER,ANA,DEPOSITO,2022-02-07T12:51:06,942.07
7912,0006,ITAU,LUCIA,SAQUE,2022-02-07T23:49:15,1001.08
2679,0002,CAIXA,JULIA,SAQUE,2022-02-08T18:59:00,697.35
7912,0006,CAIXA,FELIPE,DEPOSITO,2022-02-01T19:47:16,820.60
9279,0007,CAIXA,JULIA,DEPOSITO,2022-02-08T02:12:47,1332.11
1488,0001,SANTANDER,ANA,SAQUE,2022-02-04T22:16:16,680.10
1434,0006,SANTANDER,JOAO,SAQUE,2022-02-01T22:20:24,992.44
2424,0006,CAIXA,JOAO,SAQUE,2022-02-07T10:32:13,1044.01
7912,0006,CAIXA,SANDRA,SAQUE,2022-02-01T06:56:49,252.19
9279,0001,CAIXA,JOAO,DEPOSITO,2022-02-01T22:34:34,95.79
4582,0009,CAIXA,FELIPE,SAQUE,2022-02-08T10:57:20,487.96
9279,0005,CAIXA,LUCIA,DEPOSITO,2022-02-05T12:28:17,936.93
1434,0002,ITAU,CARLOS,DEPOSITO,2022-02-03T22:42:18,926.15
2679,0005,SANTANDER,CARLOS,SAQUE,2022-02-03T16:09:20,347.46
2824,0003,CAIXA,CARLOS,SAQUE,2022-02-10T07:45:24,1231.85
2424,0004,CAIXA,LUCIA,DEPOSITO,2022-02-08T02:00:25,1041.46
5506,0003,SANTANDER,SANDRA,DEPOSITO,2022-02-07T20:25:53,360.85
4657,0001,CAIXA,MARIA,DEPOSITO,2022-02-01T02:33:53,50.56
2824,0008,CAIXA,JOAO,SAQUE,2022-02-07T18:27:32,1162.95
5506,0002,CAIXA,ANA,DEPOSITO,2022-02-01T18:40:48,675.41
7912,0005,ITAU,JULIA,SAQUE,2022-02-03T09:04:50,30.74
4582,0005,SANTANDER,MARCOS,SAQUE,2022-02-08T12:26:18,499.03
1488,0005,ITAU,JOAO,DEPOSITO,2022-02-01T09:40:59,865.51
9279,0005,CAIXA,JOAO,DEPOSITO,2022-02-03T20:57:22,1087.43
1434,0008,ITAU,FELIPE,DEPOSITO,2022-02-10T05:14:32,1481.03
5506,0001,ITAU,SANDRA,SAQUE,2022-02-06T12:35:54,1228.15
4582,0008,CAIXA,ANA,SAQUE,2022-02-01T18:21:31,329.76
7912,0005,SANTANDER,CARLOS,DEPOSITO,2022-02-01T08:49:17,319.69
2679,0009,CAIXA,FELIPE,SAQUE,2022-02-06T09:21:08,586.82
2824,0004,ITAU,ANA,DEPOSITO,2022-02-07T00:33:20,1360.09
1434,0001,CAIXA,FELIPE,DEPOSITO,2022-02-05T12:14:23,328.99
2424,0005,ITAU,ANA,SAQUE,2022-02-05T08:10:21,1443.31
5506,0009,ITAU,SANDRA,DEPOSITO,2022-02-09T21:22:29,900.91
2824,0008,SANTANDER,SANDRA,SAQUE,2022-02-01T23:57:52,1313.47
9279,0003,CAIXA,PEDRO,SAQUE,2022-02-03T11:10:29,647.11
2679,0001,CAIXA,ANA,SAQUE,2022-02-04T15:10:41,1442.37
2424,0009,SANTANDER,CARLOS,SAQUE,2022-02-06T09:22:14,1492.76
5506,0002,CAIXA,MARIA,SAQUE,2022-02-01T03:23:52,734.29
2424,0008,CAIXA,CARLOS,SAQUE,2022-02-01T17:18:55,1412.18
4657,0002,SANTANDER,SANDRA,SAQUE,2022-02-05T04:17:05,1385.84
5506,0004,CAIXA,SANDRA,DEPOSITO,2022-02-02T18:06:00,476.39
2424,0000,SANTANDER,MARCOS,DEPOSITO,2022-02-03T02:21:20,472.51
2679,0007,SANTANDER,SANDRA,SAQUE,2022-02-01T15:36:19,929.82
2424,0006,CAIXA,CARLOS,SAQUE,2022-02-09T11:50:07,1260.50
4657,0004,ITAU,ANA,SAQUE,2022-02-04T16:14:16,57.18
7912,0007,CAIXA,MARCOS,SAQUE,2022-02-10T18:42:39,10.09
4657,0005,ITAU,SANDRA,DEPOSITO,2022-02-03T05:00:11,278.97
2824,0000,CAIXA,JULIA,DEPOSITO,2022-02-09T05:49:24,270.09
1488,0001,CAIXA,CARLOS,DEPOSITO,2022-02-05T16:12:16,1348.06
1434,0008,CAIXA,FELIPE,SAQUE,2022-02-04T06:51:37,772.13
1434,0001,SANTANDER,FELIPE,SAQUE,2022-02-02T16:24:44,1008.85
5506,0006,CAIXA,MARIA,DEPOSITO,2022-02-07T17:10:58,1097.89
2824,0009,CAIXA,PEDRO,SAQUE,2022-02-09T02:33:14,755.33
1488,0001,CAIXA,SANDRA,DEPOSITO,2022-02-05T07:17:45,655.55
9279,0001,ITAU,SANDRA,SAQUE,2022-02-07T18:19:47,223.30
4657,0003,ITAU,ANA,DEPOSITO,2022-02-01T14:57:27,861.30
1488,0002,ITAU,MARCOS,SAQUE,2022-02-06T15:21:16,1133.56
1488,0006,SANTANDER,FELIPE,SAQUE,2022-02-06T05:22:53,1341.59
5506,0007,SANTANDER,LUCIA,DEPOSITO,2022-02-01T17:45:51,1394.69
1434,0008,CAIXA,MARIA,SAQUE,2022-02-02T07:48:05,956.32
5506,0009,SANTANDER,JOAO,DEPOSITO,2022-02-09T15:23:48,51.72
2824,0001,CAIXA,MARIA,DEPOSITO,2022-02-09T05:56:30,399.97
2824,0005,ITAU,JOAO,DEPOSITO,2022-02-09T18:40:10,142.63
7912,0003,CAIXA,JULIA,SAQUE,2022-02-07T07:42:45,1222.33
9279,0003,SANTANDER,CARLOS,SAQUE,2022-02-01T12:35:31,414.44
5506,0000,ITAU,ANA,SAQUE,2022-02-09T15:45:31,500.14
1488,0008,SANTANDER,MARIA,DEPOSITO,2022-02-08T01:12:56,913.26
1434,0004,CAIXA,MARCOS,SAQUE,2022-02-06T11:04:21,1472.26
2424,0009,SANTANDER,LUCIA,SAQUE,2022-02-09T05:22:08,148.09
7912,0003,SANTANDER,FELIPE,DEPOSITO,2022-02-02T07:23:21,1143.05
5506,0001,CAIXA,JULIA,DEPOSITO,2022-02-08T09:07:58,576.02
4582,0004,CAIXA,MARIA,DEPOSITO,2022-02-10T00:46:44,731.72
1434,0002,SANTANDER,SANDRA,DEPOSITO,2022-02-06T03:13:18,1330.43
4582,0003,CAIXA,CARLOS,SAQUE,2022-02-06T08:47:10,901.07
4582,0005,CAIXA,ANA,SAQUE,2022-02-01T07:45:21,642.83
7912,0007,CAIXA,PEDRO,SAQUE,2022-02-09T01:45:25,1223.24
2424,0009,ITAU,JOAO,SAQUE,2022-02-09T16:27:05,1489.11
1434,0000,ITAU,MARIA,SAQUE,2022-02-04T06:05:35,316.19
2424,0006,ITAU,JULIA,SAQUE,2022-02-09T02:27:48,1391.66
2824,0009,CAIXA,MARCOS,SAQUE,2022-02-07T07:12:02,854.96
9279,0003,SANTANDER,FELIPE,DEPOSITO,2022-02-10T00:18:57,1101.25
4657,0002,CAIXA,LUCIA,DEPOSITO,2022-02-02T03:53:29,846.13
5506,0005,ITAU,PEDRO,DEPOSITO,2022-02-08T11:48:01,1196.59
2824,0002,CAIXA,PEDRO,DEPOSITO,2022-02-03T02:34:08,406.26
4657,0005,SANTANDER,MARCOS,DEPOSITO,2022-02-10T07:00:29,1007.06
1488,0006,CAIXA,JULIA,SAQUE,2022-02-06T03:20:19,1160.10
4582,0003,CAIXA,JULIA,SAQUE,2022-02-08T13:36:00,1141.60
7912,0007,CAIXA,FELIPE,DEPOSITO,2022-02-03T04:14:34,1015.85
2824,0003,SANTANDER,ANA,DEPOSITO,2022-02-04T19:00:04,1319.99
2679,0003,ITAU,PEDRO,SAQUE,2022-02-07T01:03:10,177.20
4657,0007,SANTANDER,CARLOS,SAQUE,2022-02-06T20:41:03,883.33
4582,0007,CAIXA,ANA,SAQUE,2022-02-08T06:17:42,1487.53
4657,0008,ITAU,ANA,SAQUE,2022-02-04T10:11:31,254.45
4657,0006,SANTANDER,FELIPE,DEPOSITO,2022-02-10T14:49:08,1279.26
1488,0007,SANTANDER,MARCOS,SAQUE,2022-02-01T12:15:52,322.32
4657,0008,ITAU,MARCOS,DEPOSITO,2022-02-08T20:15:04,504.82
4657,0006,SANTANDER,PEDRO,DEPOSITO,2022-02-07T09:43:02,1383.38
4657,0001,ITAU,JULIA,DEPOSITO,2022-02-01T15:44:54,1142.49
5506,0000,SANTANDER,SANDRA,SAQUE,2022-02-07T19:10:39,928.24
4582,0007,SANTANDER,ANA,DEPOSITO,2022-02-06T13:39:24,147.70
7912,0000,ITAU,ANA,DEPOSITO,2022-02-02T08:54:07,776.09
5506,0006,SANTANDER,MARCOS,SAQUE,2022-02-09T19:31:42,654.73
1488,0001,ITAU,ANA,DEPOSITO,2022-02-09T12:51:07,183.24
1434,0004,CAIXA,FELIPE,DEPOSITO,2022-02-04T04:44:36,367.33
1434,0002,CAIXA,SANDRA,SAQUE,2022-02-02T16:42:45,50.32
1434,0000,CAIXA,JOAO,SAQUE,2022-02-09T04:50:19,540.40
9279,0005,CAIXA,SANDRA,SAQUE,2022-02-04T15:56:40,219.79
2824,0005,CAIXA,LUCIA,SAQUE,2022-02-10T15:17:27,739.35
1488,0009,SANTANDER,FELIPE,SAQUE,2022-02-06T02:04:35,1256.58
5506,0002,SANTANDER,SANDRA,DEPOSITO,2022-02-05T18:01:21,1412.57
5506,0008,SANTANDER,JOAO,SAQUE,2022-02-09T12:10:05,464.69
5506,0005,SANTANDER,JULIA,DEPOSITO,2022-02-10T01:24:52,1199.34
4582,0003,CAIXA,ANA,SAQUE,2022-02-04T22:43:09,454.01
9279,0003,SANTANDER,PEDRO,DEPOSITO,2022-02-02T02:02:27,382.50
4657,0006,SANTANDER,ANA,DEPOSITO,2022-02-08T07:40:41,364.02
1488,0009,ITAU,SANDRA,SAQUE,2022-02-07T11:34:30,516.95
9279,0002,SANTANDER,MARCOS,SAQUE,2022-02-02T16:41:23,730.73
7912,0001,ITAU,JOAO,DEPOSITO,2022-02-02T11:45:40,253.21
7912,0000,SANTANDER,PEDRO,DEPOSITO,2022-02-02T06:37:18,419.83
7912,0007,SANTANDER,ANA,DEPOSITO,2022-02-06T14:42:48,352.08
1488,0008,ITAU,JOAO,DEPOSITO,2022-02-05T06:44:22,902.81
1434,0009,CAIXA,LUCIA,SAQUE,2022-02-03T22:28:03,361.95
1488,0001,ITAU,JULIA,SAQUE,2022-02-03T15:11:05,1407.63
1488,0008,SANTANDER,FELIPE,DEPOSITO,2022-02-07T12:18:21,801.16
7912,0002,CAIXA,MARIA,DEPOSITO,2022-02-03T20:01:41,1454.32
5506,0002,CAIXA,SANDRA,SAQUE,2022-02-10T10:38:39,1202.15
1434,0003,CAIXA,LUCIA,SAQUE,2022-02-07T22:20:54,1150.18
1434,0009,SANTANDER,FELIPE,DEPOSITO,2022-02-10T18:49:20,1368.77
2679,0006,SANTANDER,ANA,DEPOSITO,2022-02-09T17:07:26,750.41
1488,0009,CAIXA,ANA,DEPOSITO,2022-02-03T09:20:54,623.49
1488,0006,SANTANDER,MARIA,SAQUE,2022-02-04T20:00:34,290.23
1434,0008,ITAU,SANDRA,SAQUE,2022-02-10T09:58:51,1071.31
1488,0005,SANTANDER,LUCIA,SAQUE,2022-02-07T22:41:37,85.22
4582,0007,CAIXA,ANA,SAQUE,2022-02-08T16:37:06,1165.01
1488,0006,ITAU,FELIPE,SAQUE,2022-02-05T15:39:53,345.21
9279,0005,SANTANDER,JOAO,DEPOSITO,2022-02-07T08:19:24,15.66
4582,0008,ITAU,JOAO,SAQUE,2022-02-08T00:56:42,759.06
5506,0008,CAIXA,ANA,DEPOSITO,2022-02-03T02:44:29,1366.96
4582,0005,SANTANDER,JULIA,SAQUE,2022-02-02T00:50:44,1402.47
2824,0000,CAIXA,FELIPE,DEPOSITO,2022-02-03T01:31:24,711.43
9279,0004,CAIXA,SANDRA,SAQUE,2022-02-01T12:57:49,272.96
1488,0002,ITAU,SANDRA,DEPOSITO,2022-02-07T15:30:25,539.94
5506,0002,SANTANDER,SANDRA,SAQUE,2022-02-08T01:56:35,744.58
4657,0003,ITAU,CARLOS,SAQUE,2022-02-01T18:30:22,1283.16
7912,0008,SANTANDER,LUCIA,SAQUE,2022-02-01T08:09:52,421.31
1488,0002,SANTANDER,CARLOS,DEPOSITO,2022-02-02T14:55:38,184.53
4657,0007,ITAU,ANA,SAQUE,2022-02-05T13:15:02,1266.98
2679,0001,SANTANDER,LUCIA,DEPOSITO,2022-02-06T01:48:26,585.04
1488,0003,SANTANDER,JOAO,DEPOSITO,2022-02-06T20:23:09,882.52
2824,0001,CAIXA,MARCOS,DEPOSITO,2022-02-07T17:21:25,1120.18
7912,0002,ITAU,FELIPE,SAQUE,2022-02-01T15:55:03,348.04
2424,0006,SANTANDER,SANDRA,DEPOSITO,2022-02-03T10:01:07,808.57
7912,0009,CAIXA,ANA,SAQUE,2022-02-02T05:17:26,1239.81
4657,0007,ITAU,JULIA,DEPOSITO,2022-02-03T13:58:25,1118.47
5506,0007,SANTANDER,CARLOS,DEPOSITO,2022-02-01T09:16:05,356.39
5506,0005,ITAU,MARCOS,SAQUE,2022-02-03T04:53:45,839.92
5506,0000,SANTANDER,SANDRA,DEPOSITO,2022-02-05T20:39:20,495.75
1434,0002,SANTANDER,CARLOS,DEPOSITO,2022-02-06T08:04:05,1219.50
1488,0004,SANTANDER,MARIA,SAQUE,2022-02-01T17:41:39,1350.07
7912,0006,SANTANDER,PEDRO,SAQUE,2022-02-04T12:16:22,1498.57
2424,0005,ITAU,ANA,SAQUE,2022-02-06T13:43:06,661.11
2824,0008,CAIXA,CARLOS,SAQUE,2022-02-07T01:41:39,590.86
5506,0005,ITAU,LUCIA,SAQUE,2022-02-10T05:00:54,1209.07
1434,0004,SANTANDER,JOAO,DEPOSITO,2022-02-05T10:57:30,1041.21
2679,0007,SANTANDER,ANA,SAQUE,2022-02-06T13:08:09,440.57
2424,0007,CAIXA,JOAO,DEPOSITO,2022-02-08T13:55:15,728.61
1434,0008,ITAU,PEDRO,SAQUE,2022-02-07T07:06:07,1277.21
5506,0004,SANTANDER,FELIPE,DEPOSITO,2022-02-02T13:52:49,648.02
4657,0001,SANTANDER,PEDRO,SAQUE,2022-02-02T04:52:09,285.84
4582,0000,ITAU,ANA,SAQUE,2022-02-05T07:15:01,17.20
2679,0007,CAIXA,MARCOS,DEPOSITO,2022-02-06T03:13:54,1058.58
5506,0001,CAIXA,JULIA,DEPOSITO,2022-02-09T19:18:24,514.22
2679,0008,SANTANDER,PEDRO,SAQUE,2022-02-04T06:40:21,398.68
9279,0000,ITAU,SANDRA,SAQUE,2022-02-10T10:56:24,865.95
1434,0007,CAIXA,MARIA,SAQUE,2022-02-08T18:11:29,1383.74
9279,0001,SANTANDER,JOAO,DEPOSITO,2022-02-03T02:54:16,583.04
2679,0001,ITAU,JULIA,SAQUE,2022-02-07T02:11:58,881.94
7912,0001,ITAU,MARCOS,SAQUE,2022-02-06T22:15:23,1362.03
2679,0004,SANTANDER,LUCIA,DEPOSITO,2022-02-01T03:45:21,506.99
1434,0006,CAIXA,JULIA,SAQUE,2022-02-02T09:24:43,565.97
1434,0009,CAIXA,ANA,SAQUE,2022-02-01T22:46:57,624.96
9279,0002,ITAU,ANA,SAQUE,2022-02-03T17:06:51,510.94
5506,0009,CAIXA,LUCIA,DEPOSITO,2022-02-08T15:27:57,1095.00
2679,0008,SANTANDER,CARLOS,DEPOSITO,2022-02-10T09:19:00,484.07
4582,0009,CAIXA,MARCOS,DEPOSITO,2022-02-03T06:51:10,555.69
4582,0002,SANTANDER,PEDRO,SAQUE,2022-02-09T09:19:30,123.70
1434,0008,ITAU,JOAO,SAQUE,2022-02-02T09:39:13,417.65
1488,0004,SANTANDER,SANDRA,SAQUE,2022-02-01T18:47:48,115.76
1488,0005,CAIXA,MARIA,DEPOSITO,2022-02-10T13:28:32,587.53
9279,0002,ITAU,JULIA,SAQUE,2022-02-02T04:42:52,69.31
4582,0009,SANTANDER,LUCIA,DEPOSITO,2022-02-06T23:13:35,1424.92
1434,0007,CAIXA,FELIPE,SAQUE,2022-02-06T15:45:00,624.04
9279,0006,CAIXA,MARCOS,SAQUE,2022-02-03T22:17:21,1201.53
7912,0008,SANTANDER,FELIPE,SAQUE,2022-02-10T17:33:15,1204.92
4582,0002,ITAU,SANDRA,DEPOSITO,2022-02-06T02:36:59,740.60
9279,0008,SANTANDER,LUCIA,SAQUE,2022-02-08T23:56:59,959.53
4582,0002,CAIXA,LUCIA,DEPOSITO,2022-02-06T16:38:49,895.66
2424,0004,CAIXA,PEDRO,DEPOSITO,2022-02-09T06:52:22,561.89
2679,0001,ITAU,FELIPE,DEPOSITO,2022-02-01T03:02:09,573.11
4582,0002,ITAU,MARCOS,DEPOSITO,2022-02-01T20:15:29,19.65
7912,0004,CAIXA,ANA,DEPOSITO,2022-02-02T12:05:28,207.29
4582,0002,ITAU,PEDRO,DEPOSITO,2022-02-10T03:08:57,484.76
1488,0000,CAIXA,JULIA,DEPOSITO,2022-02-07T23:02:20,1103.57
9279,0004,CAIXA,SANDRA,DEPOSITO,2022-02-05T17:22:06,17.73
4657,0000,CAIXA,JULIA,SAQUE,2022-02-01T13:38:52,1266.20
2424,0006,ITAU,JOAO,DEPOSITO,2022-02-10T12:24:00,131.53
4657,0009,SANTANDER,JULIA,DEPOSITO,2022-02-05T11:46:05,1118.09
5506,0003,CAIXA,JOAO,DEPOSITO,2022-02-08T05:57:57,1369.03
4657,0002,SANTANDER,CARLOS,DEPOSITO,2022-02-02T20:34:38,654.63
2824,0009,SANTANDER,LUCIA,DEPOSITO,2022-02-04T03:50:24,1220.99
2824,0005,CAIXA,MARIA,SAQUE,2022-02-02T23:50:17,63.69
2824,0003,ITAU,FELIPE,DEPOSITO,2022-02-10T18:57:54,1374.74
5506,0007,ITAU,MARIA,SAQUE,2022-02-08T14:00:33,1421.82
7912,0004,ITAU,JOAO,DEPOSITO,2022-02-08T23:40:03,1452.90
9279,0001,SANTANDER,PEDRO,SAQUE,2022-02-02T11:41:52,277.36
1488,0005,ITAU,JULIA,SAQUE,2022-02-02T14:29:16,751.63
1488,0009,CAIXA,ANA,DEPOSITO,2022-02-09T11:07:52,606.92
2679,0004,SANTANDER,ANA,DEPOSITO,2022-02-10T12:44:46,360.31
7912,0005,CAIXA,CARLOS,SAQUE,2022-02-07T08:59:28,427.31
1434,0007,ITAU,MARCOS,DEPOSITO,2022-02-03T10:58:49,753.51
1434,0004,SANTANDER,JOAO,SAQUE,2022-02-09T13:23:33,353.28
7912,0009,SANTANDER,CARLOS,SAQUE,2022-02-06T09:22:41,1138.89
1434,0004,CAIXA,LUCIA,DEPOSITO,2022-02-09T16:37:21,1421.51
4582,0000,CAIXA,JOAO,DEPOSITO,2022-02-08T19:45:40,1361.32
1434,0001,SANTANDER,MARCOS,DEPOSITO,2022-02-04T16:50:11,1476.14
5506,0008,SANTANDER,MARIA,SAQUE,2022-02-06T00:39:07,1102.03
9279,0002,SANTANDER,FELIPE,DEPOSITO,2022-02-08T18:33:02,1034.92
1434,0006,CAIXA,PEDRO,SAQUE,2022-02-07T04:18:29,259.30
7912,0008,SANTANDER,ANA,SAQUE,2022-02-02T20:37:34,1156.93
2679,0000,ITAU,CARLOS,SAQUE,2022-02-09T23:46:51,393.02
2824,0004,CAIXA,MARCOS,SAQUE,2022-02-10T10:30:09,1155.03
4582,0006,CAIXA,JOAO,SAQUE,2022-02-08T22:43:59,945.74
2824,0006,SANTANDER,LUCIA,DEPOSITO,2022-02-02T07:15:28,241.43
2824,0001,ITAU,CARLOS,SAQUE,2022-02-07T22:12:47,1137.64
7912,0006,SANTANDER,JULIA,DEPOSITO,2022-02-03T16:44:26,1475.03
2424,0003,ITAU,MARIA,DEPOSITO,2022-02-05T18:59:25,335.36
9279,0001,SANTANDER,ANA,SAQUE,2022-02-10T10:28:46,1225.79
1488,0009,CAIXA,SANDRA,DEPOSITO,2022-02-10T15:23:24,1000.16
9279,0004,ITAU,LUCIA,DEPOSITO,2022-02-08T19:12:51,310.73
9279,0008,ITAU,SANDRA,DEPOSITO,2022-02-09T05:49:33,1351.29
4657,0001,CAIXA,FELIPE,SAQUE,2022-02-02T11:38:55,1316.21
1488,0002,SANTANDER,JULIA,DEPOSITO,2022-02-02T22:52:52,958.70
4657,0001,CAIXA,PEDRO,SAQUE,2022-02-01T23:26:51,249.08
4657,0004,ITAU,MARCOS,SAQUE,2022-02-08T02:06:56,513.44
4582,0001,SANTANDER,SANDRA,SAQUE,2022-02-05T12:12:05,1321.92
4657,0007,CAIXA,SANDRA,DEPOSITO,2022-02-05T14:03:07,189.94
1434,0000,SANTANDER,SANDRA,DEPOSITO,2022-02-08T21:48:28,102.56
9279,0006,ITAU,PEDRO,DEPOSITO,2022-02-06T15:54:47,62.88
2824,0005,SANTANDER,LUCIA,SAQUE,2022-02-07T22:54:47,510.49
2679,0005,SANTANDER,CARLOS,DEPOSITO,2022-02-08T18:26:26,834.88
2424,0006,CAIXA,PEDRO,DEPOSITO,2022-02-06T11:47:10,1308.29
4582,0008,SANTANDER,FELIPE,DEPOSITO,2022-02-02T01:09:06,471.00
4657,0000,ITAU,PEDRO,SAQUE,2022-02-04T10:34:43,1488.83
4582,0004,CAIXA,CARLOS,SAQUE,2022-02-03T18:23:23,209.70
1488,0003,CAIXA,JOAO,SAQUE,2022-02-04T12:01:31,1334.03
7912,0003,CAIXA,PEDRO,DEPOSITO,2022-02-04T17:36:39,625.41
5506,0003,SANTANDER,SANDRA,SAQUE,2022-02-01T16:58:54,1363.34
1434,0000,SANTANDER,MARCOS,SAQUE,2022-02-10T16:20:32,376.73
9279,0005,CAIXA,MARIA,DEPOSITO,2022-02-08T05:46:48,1196.73
1434,0003,CAIXA,JOAO,SAQUE,2022-02-06T15:34:08,1227.09
2824,0001,SANTANDER,JULIA,DEPOSITO,2022-02-10T18:24:55,288.83
7912,0002,ITAU,JOAO,DEPOSITO,2022-02-04T11:31:26,1094.85
1434,0004,ITAU,LUCIA,DEPOSITO,2022-02-08T06:23:46,457.31
2824,0001,ITAU,FELIPE,SAQUE,2022-02-04T23:48:11,673.83
1434,0003,SANTANDER,SANDRA,DEPOSITO,2022-02-06T10:18:27,1084.74
1434,0005,ITAU,CARLOS,DEPOSITO,2022-02-06T07:39:58,1464.94
4582,0007,CAIXA,PEDRO,SAQUE,2022-02-09T23:00:29,1203.80
1434,0001,CAIXA,ANA,SAQUE,2022-02-03T10:59:19,1109.97
9279,0008,CAIXA,ANA,SAQUE,2022-02-03T14:08:18,606.46
7912,0000,SANTANDER,PEDRO,DEPOSITO,2022-02-05T10:36:05,271.81
1488,0002,CAIXA,JULIA,SAQUE,2022-02-02T13:55:28,1211.99
9279,0006,CAIXA,FELIPE,DEPOSITO,2022-02-02T13:36:24,672.91
7912,0000,CAIXA,PEDRO,SAQUE,2022-02-06T01:52:53,840.20
2424,0009,SANTANDER,ANA,DEPOSITO,2022-02-05T05:03:59,511.98
9279,0002,SANTANDER,JOAO,DEPOSITO,2022-02-07T17:36:20,834.26
1434,0006,SANTANDER,FELIPE,DEPOSITO,2022-02-09T09:21:05,492.25
2824,0003,ITAU,JULIA,DEPOSITO,2022-02-05T07:59:07,1370.35
1488,0009,SANTANDER,MARIA,SAQUE,2022-02-06T23:02:35,246.98
4657,0004,ITAU,JOAO,DEPOSITO,2022-02-03T12:57:37,1013.24
7912,0003,SANTANDER,ANA,DEPOSITO,2022-02-08T13:37:47,969.74
9279,0008,SANTANDER,JULIA,SAQUE,2022-02-02T22:42:30,841.95
9279,0005,ITAU,FELIPE,SAQUE,2022-02-09T01:32:59,341.13
5506,0007,SANTANDER,SANDRA,SAQUE,2022-02-10T04:08:56,1293.37
7912,0003,SANTANDER,CARLOS,DEPOSITO,2022-02-08T20:59:18,1029.26
2824,0002,SANTANDER,CARLOS,SAQUE,2022-02-04T10:16:43,852.41
4657,0002,SANTANDER,JOAO,DEPOSITO,2022-02-10T09:09:58,316.14
7912,0004,CAIXA,CARLOS,SAQUE,2022-02-01T10:23:29,475.14
4582,0006,SANTANDER,ANA,DEPOSITO,2022-02-05T20:36:59,781.67
4657,0003,SANTANDER,PEDRO,DEPOSITO,2022-02-05T13:40:06,354.03
2424,0001,SANTANDER,ANA,DEPOSITO,2022-02-02T04:00:28,896.09
9279,0006,CAIXA,FELIPE,DEPOSITO,2022-02-01T20:06:16,1045.93
2824,0003,SANTANDER,JULIA,SAQUE,2022-02-09T05:17:32,127.02
4582,0007,SANTANDER,MARIA,SAQUE,2022-02-03T12:00:23,468.80
9279,0008,SANTANDER,JOAO,SAQUE,2022-02-10T08:25:24,1224.16
2424,0001,ITAU,JOAO,DEPOSITO,2022-02-04T15:34:58,975.90
1488,0005,SANTANDER,JULIA,DEPOSITO,2022-02-04T01:18:21,154.67
4582,0001,SANTANDER,PEDRO,DEPOSITO,2022-02-03T11:25:55,1061.63
2424,0007,SANTANDER,MARIA,SAQUE,2022-02-05T16:42:11,1034.38
4582,0008,CAIXA,LUCIA,DEPOSITO,2022-02-05T04:07:27,1242.66
1434,0001,ITAU,CARLOS,SAQUE,2022-02-05T18:41:11,645.87
4657,0007,SANTANDER,JULIA,SAQUE,2022-02-06T06:19:56,1070.64
1488,0005,SANTANDER,JULIA,SAQUE,2022-02-10T00:15:04,564.95
2824,0002,ITAU,JOAO,SAQUE,2022-02-02T09:20:47,414.00
1488,0009,SANTANDER,JOAO,DEPOSITO,2022-02-04T05:49:24,1014.81
5506,0009,SANTANDER,JULIA,SAQUE,2022-02-03T15:21:48,777.05
2679,0005,ITAU,LUCIA,DEPOSITO,2022-02-01T21:41:01,17.97
1488,0003,CAIXA,JULIA,SAQUE,2022-02-08T18:13:47,167.46
7912,0008,ITAU,FELIPE,DEPOSITO,2022-02-08T03:32:03,1069.28
1488,0003,ITAU,SANDRA,DEPOSITO,2022-02-08T01:46:46,763.87
4657,0004,SANTANDER,SANDRA,SAQUE,2022-02-02T15:32:41,1314.12
9279,0001,SANTANDER,LUCIA,DEPOSITO,2022-02-01T23:39:02,1273.02
2679,0004,CAIXA,CARLOS,DEPOSITO,2022-02-01T11:24:39,162.79
2424,0005,SANTANDER,MARCOS,SAQUE,2022-02-02T14:50:08,1126.61
2679,0009,ITAU,SANDRA,DEPOSITO,2022-02-09T09:56:33,507.35
2424,0001,CAIXA,ANA,DEPOSITO,2022-02-05T23:40:53,1361.40
4657,0006,ITAU,FELIPE,SAQUE,2022-02-03T12:36:55,1422.70
1488,0002,ITAU,SANDRA,SAQUE,2022-02-07T23:55:54,1352.30
9279,0004,ITAU,MARIA,DEPOSITO,2022-02-10T17:06:07,1072.66
2424,0001,ITAU,MARIA,SAQUE,2022-02-07T01:21:26,929.11
2424,0001,ITAU,FELIPE,DEPOSITO,2022-02-10T05:33:14,487.53
7912,0008,ITAU,CARLOS,DEPOSITO,2022-02-06T14:50:40,898.25
2424,0005,CAIXA,MARIA,SAQUE,2022-02-03T10:41:10,806.85
5506,0007,ITAU,FELIPE,DEPOSITO,2022-02-03T22:19:53,438.11
9279,0000,CAIXA,PEDRO,SAQUE,2022-02-09T17:56:51,609.35
2824,0004,CAIXA,CARLOS,SAQUE,2022-02-04T17:55:09,495.39
7912,0002,CAIXA,MARIA,SAQUE,2022-02-07T15:02:40,1066.20
7912,0002,ITAU,MARCOS,DEPOSITO,2022-02-07T20:32:36,926.04
9279,0000,ITAU,MARIA,SAQUE,2022-02-07T00:42:11,770.05
5506,0002,ITAU,MARIA,DEPOSITO,2022-02-01T21:03:47,334.73
2424,0001,CAIXA,JOAO,SAQUE,2022-02-07T16:58:18,566.39
2679,0008,SANTANDER,CARLOS,SAQUE,2022-02-03T17:55:27,1037.70
1488,0000,ITAU,JOAO,SAQUE,2022-02-02T00:52:31,1328.03
2679,0006,SANTANDER,ANA,SAQUE,2022-02-08T20:51:35,1118.96
9279,0005,CAIXA,FELIPE,DEPOSITO,2022-02-10T12:16:36,641.66
5506,0004,ITAU,SANDRA,SAQUE,2022-02-05T17:29:20,638.16
4582,0006,CAIXA,LUCIA,SAQUE,2022-02-08T18:06:42,1228.81
9279,0008,SANTANDER,PEDRO,DEPOSITO,2022-02-06T10:25:42,1468.65
2679,0000,ITAU,JOAO,DEPOSITO,2022-02-10T00:17:01,59.87
4657,0003,ITAU,SANDRA,SAQUE,2022-02-10T04:21:27,1354.00
4582,0009,CAIXA,LUCIA,DEPOSITO,2022-02-04T10:17:58,334.58
7912,0008,CAIXA,PEDRO,SAQUE,2022-02-07T06:58:31,1108.22
7912,0007,ITAU,FELIPE,SAQUE,2022-02-09T22:41:27,305.17
2824,0004,CAIXA,FELIPE,DEPOSITO,2022-02-05T21:01:13,661.34
2824,0008,CAIXA,MARIA,DEPOSITO,2022-02-07T04:11:03,1265.39
1434,0008,CAIXA,JULIA,SAQUE,2022-02-08T21:14:04,1077.06
9279,0009,CAIXA,JULIA,SAQUE,2022-02-07T03:53:46,530.99
4657,0002,SANTANDER,MARIA,SAQUE,2022-02-06T21:03:24,1053.85
2824,0004,ITAU,SANDRA,DEPOSITO,2022-02-08T09:19:40,692.58
7912,0006,CAIXA,SANDRA,DEPOSITO,2022-02-08T05:37:32,1397.22
1488,0005,SANTANDER,SANDRA,SAQUE,2022-02-07T15:03:47,153.69
2679,0009,CAIXA,JULIA,SAQUE,2022-02-06T06:04:35,594.80
1488,0005,SANTANDER,JULIA,SAQUE,2022-02-01T08:10:29,227.69
5506,0005,SANTANDER,MARIA,DEPOSITO,2022-02-01T16:34:13,965.80
4582,0008,SANTANDER,FELIPE,DEPOSITO,2022-02-03T03:08:39,416.15
1488,0001,ITAU,MARIA,DEPOSITO,2022-02-03T19:02:05,1497.70
2424,0007,ITAU,SANDRA,SAQUE,2022-02-06T20:51:07,904.28
4582,0003,SANTANDER,SANDRA,SAQUE,2022-02-01T22:40:27,1295.69
9279,0007,SANTANDER,SANDRA,DEPOSITO,2022-02-08T06:06:56,1135.20
2679,0008,SANTANDER,MARIA,DEPOSITO,2022-02-06T05:38:22,787.05
9279,0004,SANTANDER,FELIPE,DEPOSITO,2022-02-07T23:28:39,1045.18
1488,0001,SANTANDER,CARLOS,DEPOSITO,2022-02-08T19:32:25,179.17
1488,0002,SANTANDER,MARIA,SAQUE,2022-02-04T11:52:01,1128.42
2679,0009,CAIXA,PEDRO,DEPOSITO,2022-02-04T18:41:25,1029.09
7912,0007,ITAU,MARIA,DEPOSITO,2022-02-01T21:25:51,1469.99
2824,0007,ITAU,JULIA,SAQUE,2022-02-01T14:29:11,869.70
9279,0007,ITAU,ANA,SAQUE,2022-02-09T07:24:12,164.96
9279,0006,ITAU,CARLOS,SAQUE,2022-02-04T01:03:44,283.15
7912,0000,ITAU,FELIPE,DEPOSITO,2022-02-08T18:36:51,455.42
1434,0008,SANTANDER,JOAO,SAQUE,2022-02-07T07:23:34,194.63
9279,0009,CAIXA,ANA,DEPOSITO,2022-02-10T14:21:11,1141.87
1434,0005,ITAU,JOAO,DEPOSITO,2022-02-08T21:01:46,1443.11
2824,0003,ITAU,LUCIA,DEPOSITO,2022-02-07T02:29:10,747.57
5506,0007,CAIXA,FELIPE,SAQUE,2022-02-06T21:56:47,1341.14
7912,0000,CAIXA,MARCOS,SAQUE,2022-02-03T19:36:17,361.56
1434,0004,CAIXA,LUCIA,SAQUE,2022-02-02T01:28:55,884.30
7912,0008,ITAU,MARIA,DEPOSITO,2022-02-05T20:19:18,919.39
5506,0003,CAIXA,JOAO,SAQUE,2022-02-06T05:37:34,731.51
1488,0008,CAIXA,CARLOS,SAQUE,2022-02-10T10:25:06,252.73
9279,0002,ITAU,MARIA,SAQUE,2022-02-09T07:01:15,699.11
1434,0002,SANTANDER,FELIPE,DEPOSITO,2022-02-09T01:05:24,1282.86
9279,0007,ITAU,CARLOS,SAQUE,2022-02-10T05:09:43,11.55
2424,0005,CAIXA,ANA,DEPOSITO,2022-02-08T02:16:49,973.56
2679,0000,ITAU,JOAO,SAQUE,2022-02-06T10:58:07,511.88
9279,0003,CAIXA,LUCIA,DEPOSITO,2022-02-07T16:51:57,336.93
2424,0001,CAIXA,LUCIA,SAQUE,2022-02-04T13:38:35,1481.53
2424,0003,CAIXA,JOAO,DEPOSITO,2022-02-07T15:31:51,991.44
1488,0005,ITAU,JOAO,SAQUE,2022-02-08T09:30:12,1048.46
2424,0003,SANTANDER,PEDRO,DEPOSITO,2022-02-07T19:08:26,258.63
9279,0003,SANTANDER,LUCIA,DEPOSITO,2022-02-05T14:29:34,710.95
2424,0001,ITAU,JOAO,SAQUE,2022-02-09T12:08:06,731.33
2824,0006,ITAU,LUCIA,DEPOSITO,2022-02-06T04:00:21,398.38
7912,0001,SANTANDER,JULIA,DEPOSITO,2022-02-02T21:48:46,341.52
7912,0004,SANTANDER,MARIA,DEPOSITO,2022-02-02T18:19:33,395.44
4582,0009,SANTANDER,JOAO,DEPOSITO,2022-02-05T14:52:12,1041.40
9279,0006,ITAU,MARIA,SAQUE,2022-02-08T22:30:29,1451.87
2424,0005,ITAU,JOAO,DEPOSITO,2022-02-06T05:34:41,992.65
1488,0003,ITAU,JOAO,SAQUE,2022-02-01T02:48:19,663.21
4582,0007,ITAU,JULIA,DEPOSITO,2022-02-01T22:33:40,727.12
2679,0004,SANTANDER,JOAO,SAQUE,2022-02-09T18:39:30,793.17
1434,0009,SANTANDER,FELIPE,SAQUE,2022-02-03T23:47:32,986.31
1488,0009,ITAU,SANDRA,SAQUE,2022-02-09T01:45:42,908.54
9279,0004,CAIXA,PEDRO,DEPOSITO,2022-02-07T11:35:20,1089.43
2424,0003,CAIXA,JULIA,DEPOSITO,2022-02-10T18:04:56,832.03
9279,0006,CAIXA,JULIA,DEPOSITO,2022-02-02T13:51:03,524.79
5506,0005,CAIXA,CARLOS,DEPOSITO,2022-02-05T16:27:18,1367.47
1434,0009,ITAU,ANA,DEPOSITO,2022-02-07T01:09:13,505.61
5506,0005,ITAU,MARCOS,SAQUE,2022-02-08T18:07:13,356.94
2824,0009,SANTANDER,SANDRA,DEPOSITO,2022-02-07T08:30:39,571.58
7912,0009,CAIXA,LUCIA,DEPOSITO,2022-02-04T14:21:49,1395.05
7912,0005,SANTANDER,MARIA,DEPOSITO,2022-02-06T17:09:22,816.36
9279,0004,SANTANDER,CARLOS,DEPOSITO,2022-02-01T18:34:26,806.56
2424,0008,CAIXA,MARCOS,SAQUE,2022-02-07T14:53:05,1211.74
1434,0007,SANTANDER,PEDRO,SAQUE,2022-02-01T21:47:14,122.10
2679,0009,CAIXA,SANDRA,SAQUE,2022-02-06T07:24:01,404.51
9279,0000,ITAU,PEDRO,DEPOSITO,2022-02-03T16:52:22,59.17
2424,0002,ITAU,CARLOS,DEPOSITO,2022-02-02T18:57:20,1462.10
9279,0008,ITAU,PEDRO,DEPOSITO,2022-02-07T20:04:17,235.62
2824,0009,ITAU,CARLOS,SAQUE,2022-02-07T14:22:29,171.93
1488,0005,CAIXA,SANDRA,SAQUE,2022-02-02T01:42:19,1133.90
9279,0005,SANTANDER,JOAO,DEPOSITO,2022-02-05T12:12:47,606.32
2679,0001,SANTANDER,MARCOS,SAQUE,2022-02-08T08:41:15,1274.23
5506,0007,ITAU,ANA,SAQUE,2022-02-07T10:32:41,994.18
2824,0006,CAIXA,MARCOS,DEPOSITO,2022-02-09T07:15:18,833.61
1434,0003,SANTANDER,MARIA,DEPOSITO,2022-02-08T15:14:25,50.25
5506,0007,SANTANDER,CARLOS,DEPOSITO,2022-02-04T08:04:51,1178.35
2679,0008,CAIXA,FELIPE,SAQUE,2022-02-04T20:31:20,928.35
5506,0000,ITAU,PEDRO,SAQUE,2022-02-07T00:10:08,1084.04
2824,0009,CAIXA,JOAO,SAQUE,2022-02-05T17:16:24,359.93
9279,0009,CAIXA,CARLOS,DEPOSITO,2022-02-07T00:02:14,1076.56
7912,0004,SANTANDER,MARCOS,SAQUE,2022-02-03T00:54:09,222.21
1488,0006,ITAU,CARLOS,DEPOSITO,2022-02-05T00:23:39,1136.74
9279,0001,CAIXA,LUCIA,DEPOSITO,2022-02-02T17:39:08,750.20
9279,0004,CAIXA,LUCIA,SAQUE,2022-02-08T12:12:23,1265.13
4582,0001,ITAU,SANDRA,DEPOSITO,2022-02-09T11:37:08,1286.01
2424,0009,CAIXA,JOAO,SAQUE,2022-02-07T19:29:04,368.08
4657,0005,ITAU,LUCIA,DEPOSITO,2022-02-07T08:18:33,1396.66
4582,0004,CAIXA,MARCOS,SAQUE,2022-02-01T18:00:58,1309.81
2679,0001,CAIXA,SANDRA,DEPOSITO,2022-02-05T12:41:04,1426.88
2824,0001,SANTANDER,PEDRO,DEPOSITO,2022-02-04T05:20:52,1298.78
7912,0002,SANTANDER,CARLOS,SAQUE,2022-02-03T06:57:34,282.28
1488,0009,CAIXA,JULIA,SAQUE,2022-02-02T02:32:17,426.66
2424,0009,CAIXA,SANDRA,SAQUE,2022-02-06T12:21:24,987.37
2679,0002,SANTANDER,PEDRO,DEPOSITO,2022-02-03T23:33:12,1407.27
9279,0007,SANTANDER,CARLOS,SAQUE,2022-02-01T14:12:32,885.01
2424,0006,SANTANDER,CARLOS,SAQUE,2022-02-01T05:53:11,1065.48
9279,0000,ITAU,FELIPE,DEPOSITO,2022-02-07T09:14:01,1213.67
4582,0004,CAIXA,JULIA,DEPOSITO,2022-02-03T09:39:13,105.13
4657,0000,SANTANDER,SANDRA,DEPOSITO,2022-02-02T20:24:21,1250.90
1434,0009,CAIXA,ANA,SAQUE,2022-02-07T09:23:36,1334.86
1488,0007,CAIXA,SANDRA,SAQUE,2022-02-08T01:56:59,211.09
4657,0003,SANTANDER,ANA,SAQUE,2022-02-02T20:11:07,94.05
2679,0006,CAIXA,LUCIA,SAQUE,2022-02-01T17:17:42,581.15
4582,0000,CAIXA,FELIPE,DEPOSITO,2022-02-06T01:02:52,233.16
1434,0004,SANTANDER,JULIA,SAQUE,2022-02-07T11:58:14,1119.00
2824,0007,CAIXA,JOAO,DEPOSITO,2022-02-04T09:16:05,826.41
9279,0002,CAIXA,PEDRO,SAQUE,2022-02-04T19:45:45,536.28
5506,0000,CAIXA,ANA,SAQUE,2022-02-01T17:04:42,965.79
5506,0004,SANTANDER,MARCOS,SAQUE,2022-02-01T12:51:07,798.94
4582,0001,SANTANDER,ANA,DEPOSITO,2022-02-10T14:59:43,50.90
4657,0001,ITAU,LUCIA,SAQUE,2022-02-05T20:04:46,415.60
1488,0001,ITAU,FELIPE,DEPOSITO,2022-02-10T13:18:03,1261.68
2424,0007,SANTANDER,CARLOS,SAQUE,2022-02-05T15:39:20,946.28
5506,0001,CAIXA,LUCIA,SAQUE,2022-02-07T07:01:42,930.19
1434,0006,SANTANDER,MARCOS,SAQUE,2022-02-07T14:44:52,501.45
2824,0008,SANTANDER,SANDRA,DEPOSITO,2022-02-08T09:23:35,879.62
1434,0007,CAIXA,PEDRO,SAQUE,2022-02-07T23:13:50,236.43
1434,0004,ITAU,PEDRO,SAQUE,2022-02-02T02:10:03,1305.68
2424,0000,SANTANDER,SANDRA,DEPOSITO,2022-02-06T14:47:18,50.09
1488,0005,ITAU,FELIPE,SAQUE,2022-02-09T06:52:13,289.06
4582,0005,SANTANDER,FELIPE,DEPOSITO,2022-02-08T03:17:24,1221.98
1488,0003,ITAU,CARLOS,DEPOSITO,2022-02-06T13:10:18,359.49
1488,0002,SANTANDER,PEDRO,DEPOSITO,2022-02-07T14:34:38,21.08
4582,0006,SANTANDER,MARIA,DEPOSITO,2022-02-07T13:38:11,382.34
7912,0003,SANTANDER,CARLOS,DEPOSITO,2022-02-10T00:59:46,1202.30
5506,0004,CAIXA,JOAO,DEPOSITO,2022-02-06T03:30:34,1206.65
5506,0003,ITAU,CARLOS,SAQUE,2022-02-01T12:01:07,1143.01
1434,0001,CAIXA,LUCIA,DEPOSITO,2022-02-07T20:05:21,1076.14
4582,0002,SANTANDER,PEDRO,DEPOSITO,2022-02-05T14:35:00,498.16
5506,0008,CAIXA,JOAO,DEPOSITO,2022-02-09T10:34:10,1030.05
1434,0000,CAIXA,FELIPE,DEPOSITO,2022-02-06T14:21:32,1442.45
4657,0001,CAIXA,FELIPE,SAQUE,2022-02-07T09:26:38,1321.07
4657,0009,CAIXA,FELIPE,SAQUE,2022-02-06T00:27:01,413.94
4657,0007,ITAU,SANDRA,SAQUE,2022-02-06T14:22:24,386.28
2424,0004,SANTANDER,CARLOS,SAQUE,2022-02-02T19:18:35,628.39
5506,0001,ITAU,JULIA,SAQUE,2022-02-10T14:23:03,442.84
2424,0004,SANTANDER,CARLOS,DEPOSITO,2022-02-07T02:38:48,751.46
7912,0006,SANTANDER,SANDRA,SAQUE,2022-02-01T15:21:42,931.24
4657,0004,ITAU,JOAO,DEPOSITO,2022-02-07T21:30:39,357.16
2679,0000,CAIXA,ANA,SAQUE,2022-02-04T08:33:23,649.27
7912,0003,CAIXA,FELIPE,SAQUE,2022-02-05T18:12:45,154.07
2679,0007,CAIXA,PEDRO,SAQUE,2022-02-05T03:42:51,334.71
5506,0002,CAIXA,MARIA,DEPOSITO,2022-02-09T01:49:36,309.14
5506,0004,ITAU,PEDRO,DEPOSITO,2022-02-03T11:28:02,1019.56
9279,0003,SANTANDER,FELIPE,SAQUE,2022-02-03T01:49:14,1346.08
1434,0006,SANTANDER,MARCOS,DEPOSITO,2022-02-06T14:59:02,452.69
4657,0008,SANTANDER,ANA,DEPOSITO,2022-02-08T14:51:19,347.73
5506,0003,CAIXA,FELIPE,SAQUE,2022-02-03T03:39:25,840.77
1488,0001,CAIXA,MARIA,SAQUE,2022-02-02T13:04:55,995.68
2824,0008,SANTANDER,MARCOS,SAQUE,2022-02-06T12:25:01,32.51
7912,0009,CAIXA,LUCIA,SAQUE,2022-02-06T20:56:07,301.01
2424,0001,SANTANDER,CARLOS,DEPOSITO,2022-02-05T07:13:39,1121.33
1488,0000,SANTANDER,MARCOS,DEPOSITO,2022-02-07T05:42:23,583.45
4582,0009,SANTANDER,ANA,SAQUE,2022-02-07T05:29:20,195.24
7912,0000,ITAU,JOAO,SAQUE,2022-02-08T04:29:46,476.71
1488,0000,CAIXA,MARIA,DEPOSITO,2022-02-06T07:55:14,775.67
4657,0008,ITAU,JOAO,DEPOSITO,2022-02-06T06:09:13,109.34
2824,0000,SANTANDER,CARLOS,SAQUE,2022-02-02T12:15:41,914.19
7912,0007,ITAU,PEDRO,DEPOSITO,2022-02-05T07:54:25,743.46
2424,0002,SANTANDER,MARIA,SAQUE,2022-02-04T10:30:40,923.40
1488,0006,SANTANDER,JOAO,DEPOSITO,2022-02-06T20:10:01,532.55
4657,0006,SANTANDER,CARLOS,SAQUE,2022-02-08T14:25:05,20.74
1434,0007,SANTANDER,FELIPE,SAQUE,2022-02-01T06:38:19,765.17
2824,0001,ITAU,FELIPE,SAQUE,2022-02-02T07:50:33,728.06
5506,0001,CAIXA,JOAO,SAQUE,2022-02-08T03:44:11,156.97
2679,0007,SANTANDER,PEDRO,SAQUE,2022-02-05T17:50:37,1287.64
2679,0007,CAIXA,ANA,SAQUE,2022-02-02T00:46:48,645.25
4657,0004,CAIXA,JOAO,DEPOSITO,2022-02-07T09:08:30,1343.24
7912,0006,CAIXA,JOAO,DEPOSITO,2022-02-09T17:55:18,1287.82
2824,0004,SANTANDER,LUCIA,DEPOSITO,2022-02-01T07:11:15,688.96
4582,0004,CAIXA,JOAO,SAQUE,2022-02-01T08:28:20,14.78
4657,0009,CAIXA,LUCIA,SAQUE,2022-02-09T20:53:39,542.85
1488,0006,ITAU,LUCIA,DEPOSITO,2022-02-06T21:43:55,1259.57
1488,0005,SANTANDER,LUCIA,DEPOSITO,2022-02-05T16:04:58,744.54
1488,0004,CAIXA,ANA,DEPOSITO,2022-02-07T02:38:11,318.03
7912,0004,ITAU,MARIA,DEPOSITO,2022-02-03T14:32:42,399.96
5506,0006,SANTANDER,MARIA,DEPOSITO,2022-02-03T22:12:02,397.95
5506,0000,CAIXA,ANA,DEPOSITO,2022-02-09T01:25:50,633.30
5506,0006,CAIXA,PEDRO,DEPOSITO,2022-02-10T07:53:07,1448.34
4657,0006,CAIXA,MARCOS,DEPOSITO,2022-02-05T13:37:04,1155.61
4582,0004,ITAU,MARIA,SAQUE,2022-02-06T04:39:50,451.01
4582,0001,ITAU,LUCIA,SAQUE,2022-02-04T04:26:38,242.94
2824,0002,ITAU,JOAO,DEPOSITO,2022-02-05T18:44:38,180.54
5506,0004,SANTANDER,SANDRA,DEPOSITO,2022-02-06T08:34:01,1054.79
7912,0004,ITAU,LUCIA,DEPOSITO,2022-02-04T14:08:10,1050.22
1434,0005,ITAU,LUCIA,SAQUE,2022-02-10T05:16:07,199.48
1434,0009,ITAU,PEDRO,SAQUE,2022-02-06T16:48:25,313.43
5506,0003,CAIXA,JULIA,SAQUE,2022-02-04T17:39:14,1386.45
9279,0000,SANTANDER,ANA,DEPOSITO,2022-02-08T20:47:23,495.80
9279,0008,SANTANDER,MARIA,DEPOSITO,2022-02-08T15:27:38,898.77
2679,0003,CAIXA,CARLOS,SAQUE,2022-02-03T01:23:41,478.88
2679,0006,SANTANDER,SANDRA,SAQUE,2022-02-03T12:53:12,1492.91
9279,0007,ITAU,MARCOS,SAQUE,2022-02-10T11:05:40,640.90
4657,0006,ITAU,FELIPE,DEPOSITO,2022-02-02T15:15:59,126.63
2824,0005,ITAU,JULIA,SAQUE,2022-02-03T15:19:28,541.09
5506,0000,CAIXA,JOAO,SAQUE,2022-02-03T16:34:00,1108.27
2679,0006,CAIXA,MARIA,SAQUE,2022-02-07T05:37:03,439.92
5506,0005,SANTANDER,CARLOS,DEPOSITO,2022-02-02T15:08:33,847.27
5506,0006,SANTANDER,JOAO,DEPOSITO,2022-02-03T10:06:13,63.52
1488,0000,SANTANDER,ANA,DEPOSITO,2022-02-07T00:52:18,534.44
2679,0009,CAIXA,CARLOS,DEPOSITO,2022-02-06T08:05:05,1411.09
9279,0002,SANTANDER,SANDRA,DEPOSITO,2022-02-04T04:35:19,1458.46
4582,0003,ITAU,MARCOS,SAQUE,2022-02-02T08:47:38,628.68
7912,0005,ITAU,FELIPE,DEPOSITO,2022-02-01T07:59:46,1203.22
4657,0005,ITAU,ANA,DEPOSITO,2022-02-05T11:56:20,877.37
2679,0001,SANTANDER,CARLOS,DEPOSITO,2022-02-02T22:44:38,213.23
2424,0006,CAIXA,FELIPE,SAQUE,2022-02-03T01:56:33,1464.51
7912,0002,SANTANDER,ANA,SAQUE,2022-02-10T03:32:14,1118.29
4657,0001,CAIXA,JOAO,SAQUE,2022-02-06T20:23:29,312.34
2424,0008,CAIXA,LUCIA,SAQUE,2022-02-08T14:03:42,489.55
4657,0002,CAIXA,MARCOS,SAQUE,2022-02-01T11:29:06,830.17
2679,0000,ITAU,MARIA,DEPOSITO,2022-02-06T05:13:10,320.00
1488,0001,SANTANDER,PEDRO,DEPOSITO,2022-02-05T20:38:06,1062.33
1488,0006,CAIXA,JOAO,SAQUE,2022-02-01T13:55:36,920.14
9279,0002,CAIXA,CARLOS,DEPOSITO,2022-02-05T05:29:00,138.97
2679,0002,SANTANDER,MARCOS,DEPOSITO,2022-02-09T14:55:02,272.22
2679,0008,SANTANDER,JOAO,SAQUE,2022-02-06T14:21:07,514.43
1488,0001,SANTANDER,ANA,SAQUE,2022-02-03T07:08:59,19.83
1488,0007,CAIXA,JOAO,DEPOSITO,2022-02-08T03:59:12,1481.29
1434,0001,ITAU,SANDRA,SAQUE,2022-02-02T00:54:03,768.16
2424,0009,CAIXA,MARCOS,SAQUE,2022-02-07T23:49:20,748.21
1434,0002,CAIXA,SANDRA,DEPOSITO,2022-02-02T09:37:12,1005.14
9279,0000,SANTANDER,SANDRA,SAQUE,2022-02-09T08:44:16,847.32
4657,0009,CAIXA,FELIPE,DEPOSITO,2022-02-09T02:10:11,359.38
5506,0001,ITAU,LUCIA,DEPOSITO,2022-02-02T04:36:47,221.61
1488,0008,ITAU,MARCOS,SAQUE,2022-02-05T21:34:11,784.37
4582,0005,CAIXA,MARIA,DEPOSITO,2022-02-06T20:00:55,312.02
2679,0004,CAIXA,SANDRA,SAQUE,2022-02-06T08:38:48,618.52
2424,0005,ITAU,MARIA,SAQUE,2022-02-02T03:59:11,326.67
4657,0000,CAIXA,LUCIA,SAQUE,2022-02-10T05:51:57,538.25
1434,0004,CAIXA,SANDRA,SAQUE,2022-02-03T14:18:48,1265.14
4582,0001,SANTANDER,MARIA,SAQUE,2022-02-02T00:51:49,1126.09
1488,0007,CAIXA,MARCOS,SAQUE,2022-02-01T15:15:23,108.93
4582,0003,CAIXA,ANA,SAQUE,2022-02-06T02:46:57,502.50
9279,0009,ITAU,JULIA,SAQUE,2022-02-08T11:43:07,826.53
1488,0002,SANTANDER,MARIA,SAQUE,2022-02-03T01:01:12,313.68
4657,0005,SANTANDER,SANDRA,SAQUE,2022-02-03T02:45:23,1156.02
4582,0009,CAIXA,JULIA,SAQUE,2022-02-02T18:33:56,77.61
1434,0009,CAIXA,FELIPE,DEPOSITO,2022-02-01T16:00:10,1026.37
4657,0000,ITAU,FELIPE,SAQUE,2022-02-04T18:03:12,194.95
4657,0006,CAIXA,MARIA,DEPOSITO,2022-02-01T06:14:55,841.95
7912,0009,CAIXA,JOAO,SAQUE,2022-02-09T18:24:20,947.58
4657,0005,ITAU,CARLOS,DEPOSITO,2022-02-04T04:16:08,1177.56
2824,0006,CAIXA,CARLOS,SAQUE,2022-02-04T23:22:46,683.83
1434,0004,ITAU,SANDRA,DEPOSITO,2022-02-03T15:48:34,435.22
4657,0008,SANTANDER,JOAO,DEPOSITO,2022-02-07T14:28:07,387.72
1434,0004,CAIXA,JOAO,DEPOSITO,2022-02-03T23:12:36,557.44
2679,0005,ITAU,MARIA,DEPOSITO,2022-02-06T08:04:18,683.78
4657,0005,ITAU,SANDRA,DEPOSITO,2022-02-07T17:58:51,826.65
7912,0003,ITAU,JOAO,SAQUE,2022-02-04T05:43:33,590.81
1434,0008,CAIXA,SANDRA,SAQUE,2022-02-01T04:25:39,12.39
4657,0001,CAIXA,LUCIA,SAQUE,2022-02-05T10:21:16,1014.38
1488,0006,ITAU,FELIPE,DEPOSITO,2022-02-08T23:14:37,709.08
1488,0006,SANTANDER,MARCOS,DEPOSITO,2022-02-05T08:07:21,211.56
4582,0000,CAIXA,SANDRA,SAQUE,2022-02-05T19:28:45,12.54
2679,0008,ITAU,PEDRO,SAQUE,2022-02-05T06:45:12,1147.38
7912,0007,CAIXA,MARIA,DEPOSITO,2022-02-07T01:29:59,706.11
4582,0007,ITAU,FELIPE,SAQUE,2022-02-03T20:15:38,353.32
2424,0000,SANTANDER,ANA,SAQUE,2022-02-08T01:41:13,1427.09
4657,0002,SANTANDER,JOAO,DEPOSITO,2022-02-03T22:48:09,294.36
2824,0003,CAIXA,FELIPE,SAQUE,2022-02-08T11:49:28,759.70
2424,0006,ITAU,JOAO,DEPOSITO,2022-02-09T01:10:13,220.11
1434,0009,ITAU,MARIA,SAQUE,2022-02-01T07:13:33,1326.15
1488,0002,SANTANDER,PEDRO,SAQUE,2022-02-02T12:19:06,1040.22
2424,0004,SANTANDER,CARLOS,SAQUE,2022-02-09T16:44:51,302.02
1488,0001,ITAU,FELIPE,DEPOSITO,2022-02-06T04:03:13,607.40
7912,0006,ITAU,JOAO,SAQUE,2022-02-07T08:06:36,261.46
5506,0005,CAIXA,MARIA,DEPOSITO,2022-02-07T07:05:01,1247.78
1488,0000,CAIXA,SANDRA,SAQUE,2022-02-07T23:34:23,1145.75
5506,0003,ITAU,CARLOS,SAQUE,2022-02-06T14:56:10,1460.55
1434,0008,ITAU,PEDRO,SAQUE,2022-02-09T04:57:44,272.66
2824,0002,ITAU,CARLOS,SAQUE,2022-02-06T08:16:41,19.71
7912,0000,SANTANDER,PEDRO,DEPOSITO,2022-02-01T14:00:36,491.96
5506,0007,ITAU,MARCOS,DEPOSITO,2022-02-06T13:54:28,22.43
4582,0006,CAIXA,CARLOS,DEPOSITO,2022-02-08T18:52:30,221.19
5506,0005,SANTANDER,JOAO,DEPOSITO,2022-02-01T06:54:18,386.51
2824,0005,SANTANDER,SANDRA,SAQUE,2022-02-06T02:30:33,309.50
2824,0001,SANTANDER,ANA,DEPOSITO,2022-02-06T00:24:57,289.37
9279,0009,SANTANDER,PEDRO,SAQUE,2022-02-07T06:32:47,734.81
7912,0004,CAIXA,MARCOS,SAQUE,2022-02-08T17:28:19,590.91
4657,0006,ITAU,JULIA,SAQUE,2022-02-01T03:28:57,1066.79
2679,0003,ITAU,PEDRO,DEPOSITO,2022-02-10T11:47:41,737.40
2424,0008,ITAU,FELIPE,SAQUE,2022-02-08T20:47:37,11.74
2824,0009,ITAU,SANDRA,SAQUE,2022-02-08T09:42:21,115.06
9279,0001,SANTANDER,JULIA,SAQUE,2022-02-10T00:06:13,188.25
1488,0003,SANTANDER,FELIPE,SAQUE,2022-02-10T18:00:34,1111.13
2424,0007,SANTANDER,SANDRA,SAQUE,2022-02-02T21:51:11,1462.28
9279,0009,SANTANDER,JULIA,DEPOSITO,2022-02-07T04:14:00,1262.61
4582,0009,SANTANDER,CARLOS,DEPOSITO,2022-02-02T02:44:40,467.21
1434,0005,CAIXA,CARLOS,DEPOSITO,2022-02-05T13:27:35,1011.90
2679,0009,ITAU,PEDRO,DEPOSITO,2022-02-06T13:41:22,1100.26
2424,0009,ITAU,JULIA,SAQUE,2022-02-01T14:42:08,1197.31
1488,0000,CAIXA,PEDRO,DEPOSITO,2022-02-10T10:27:05,1222.79
7912,0008,ITAU,MARCOS,DEPOSITO,2022-02-01T16:26:39,126.74
5506,0009,SANTANDER,LUCIA,DEPOSITO,2022-02-07T11:55:59,1356.89
4582,0008,ITAU,FELIPE,DEPOSITO,2022-02-02T22:58:00,892.88
1488,0001,CAIXA,ANA,DEPOSITO,2022-02-03T13:42:13,78.11
2679,0009,CAIXA,JULIA,DEPOSITO,2022-02-08T01:58:01,341.66
1488,0009,CAIXA,MARIA,DEPOSITO,2022-02-02T13:02:14,167.29
2679,0008,CAIXA,MARCOS,SAQUE,2022-02-04T01:03:41,1379.83
2424,0008,CAIXA,ANA,SAQUE,2022-02-06T18:20:42,831.43
2679,0000,ITAU,ANA,DEPOSITO,2022-02-08T18:59:52,593.34
2424,0001,ITAU,ANA,SAQUE,2022-02-10T06:52:07,1216.61
2679,0004,SANTANDER,JOAO,SAQUE,2022-02-10T18:01:05,1032.59
7912,0007,SANTANDER,MARCOS,SAQUE,2022-02-05T23:27:26,304.95
2679,0000,CAIXA,JULIA,DEPOSITO,2022-02-09T07:03:55,471.04
9279,0005,ITAU,SANDRA,DEPOSITO,2022-02-09T14:52:00,885.53
4582,0003,SANTANDER,ANA,DEPOSITO,2022-02-01T05:02:07,103.80
4657,0009,CAIXA,PEDRO,DEPOSITO,2022-02-04T14:26:22,881.67
9279,0009,SANTANDER,JULIA,DEPOSITO,2022-02-02T00:04:27,1134.65
4582,0008,SANTANDER,PEDRO,DEPOSITO,2022-02-05T04:25:47,41.50
2824,0006,ITAU,SANDRA,SAQUE,2022-02-04T12:18:59,88.67
7912,0009,CAIXA,MARCOS,DEPOSITO,2022-02-08T06:07:05,1240.41
2824,0002,SANTANDER,LUCIA,DEPOSITO,2022-02-04T11:55:58,1062.18
2424,0005,SANTANDER,FELIPE,SAQUE,2022-02-09T09:16:58,891.94
2424,0006,ITAU,LUCIA,SAQUE,2022-02-02T11:29:29,1472.80
5506,0008,CAIXA,PEDRO,DEPOSITO,2022-02-01T06:09:25,301.76
2424,0005,ITAU,JOAO,DEPOSITO,2022-02-06T20:41:25,66.11
5506,0005,SANTANDER,CARLOS,SAQUE,2022-02-02T13:40:49,905.46
2424,0006,SANTANDER,JULIA,DEPOSITO,2022-02-02T02:27:54,794.32
2424,0000,SANTANDER,MARCOS,DEPOSITO,2022-02-02T12:38:42,1490.03
9279,0002,ITAU,CARLOS,SAQUE,2022-02-04T10:06:22,1235.54
4582,0005,CAIXA,ANA,DEPOSITO,2022-02-02T07:21:24,1190.53
5506,0002,ITAU,FELIPE,SAQUE,2022-02-09T06:26:33,786.91
4582,0002,SANTANDER,JULIA,SAQUE,2022-02-02T13:15:46,793.22
5506,0006,SANTANDER,CARLOS,DEPOSITO,2022-02-10T09:10:48,206.15
1434,0007,ITAU,SANDRA,SAQUE,2022-02-07T06:42:54,768.96
1488,0001,SANTANDER,JOAO,DEPOSITO,2022-02-02T19:02:30,811.40
2424,0007,ITAU,PEDRO,DEPOSITO,2022-02-05T17:31:09,604.67
7912,0008,CAIXA,MARCOS,DEPOSITO,2022-02-08T03:54:28,601.59
9279,0002,CAIXA,JULIA,SAQUE,2022-02-07T07:23:43,1307.52
1488,0000,SANTANDER,FELIPE,DEPOSITO,2022-02-07T12:59:17,1267.19
4582,0000,SANTANDER,MARCOS,DEPOSITO,2022-02-02T03:56:09,528.65
4582,0005,CAIXA,PEDRO,DEPOSITO,2022-02-07T19:40:38,1484.89
4657,0000,CAIXA,ANA,DEPOSITO,2022-02-09T15:14:16,331.20
2824,0006,ITAU,ANA,SAQUE,2022-02-02T04:59:43,947.31
9279,0003,CAIXA,JOAO,SAQUE,2022-02-07T23:16:12,470.61
1434,0004,ITAU,SANDRA,SAQUE,2022-02-05T01:31:42,228.56
1434,0008,SANTANDER,JOAO,DEPOSITO,2022-02-02T04:43:38,1143.49
4582,0007,SANTANDER,JULIA,DEPOSITO,2022-02-05T10:51:54,377.65
1488,0007,ITAU,FELIPE,SAQUE,2022-02-02T03:19:58,143.04
4657,0008,ITAU,LUCIA,SAQUE,2022-02-05T19:44:45,1166.33
2424,0003,CAIXA,CARLOS,DEPOSITO,2022-02-09T20:46:50,587.75
2679,0005,CAIXA,JOAO,SAQUE,2022-02-09T11:06:24,473.10
2679,0002,CAIXA,LUCIA,SAQUE,2022-02-04T20:14:57,198.45
7912,0006,SANTANDER,FELIPE,SAQUE,2022-02-08T10:07:45,865.40
9279,0005,SANTANDER,JOAO,SAQUE,2022-02-05T13:49:50,93.07
1488,0009,SANTANDER,MARCOS,SAQUE,2022-02-10T16:27:18,264.98
1434,0002,SANTANDER,PEDRO,SAQUE,2022-02-09T16:04:16,237.55
4657,0008,CAIXA,LUCIA,SAQUE,2022-02-04T15:53:13,880.48
4582,0002,SANTANDER,ANA,DEPOSITO,2022-02-08T15:52:07,111.73
2424,0006,SANTANDER,LUCIA,SAQUE,2022-02-07T11:36:09,640.98
5506,0003,CAIXA,ANA,DEPOSITO,2022-02-10T17:17:46,1049.36
4582,0000,SANTANDER,PEDRO,SAQUE,2022-02-04T02:58:04,775.26
7912,0004,SANTANDER,LUCIA,SAQUE,2022-02-02T03:49:45,1043.82
2824,0002,CAIXA,CARLOS,SAQUE,2022-02-09T11:55:52,582.31
9279,0002,SANTANDER,CARLOS,SAQUE,2022-02-06T04:18:35,598.61
7912,0007,SANTANDER,MARCOS,DEPOSITO,2022-02-02T12:43:11,1457.00
4582,0001,CAIXA,LUCIA,DEPOSITO,2022-02-09T01:29:56,788.24
2424,0008,CAIXA,JULIA,DEPOSITO,2022-02-08T00:01:31,1150.15
7912,0001,CAIXA,SANDRA,DEPOSITO,2022-02-06T01:18:23,1207.96
4657,0001,ITAU,MARIA,DEPOSITO,2022-02-06T04:43:41,524.34
2679,0000,CAIXA,PEDRO,DEPOSITO,2022-02-08T11:00:44,527.35
2679,0006,ITAU,LUCIA,SAQUE,2022-02-06T07:39:56,107.72
7912,0009,CAIXA,JOAO,DEPOSITO,2022-02-02T20:20:48,427.59
4582,0002,CAIXA,MARCOS,SAQUE,2022-02-02T14:10:30,333.17
1434,0006,ITAU,PEDRO,DEPOSITO,2022-02-07T16:35:04,1352.53
1488,0008,SANTANDER,SANDRA,DEPOSITO,2022-02-01T15:54:43,428.05
1434,0007,ITAU,MARIA,SAQUE,2022-02-09T01:15:46,1252.22
5506,0007,ITAU,JOAO,DEPOSITO,2022-02-06T08:06:48,1314.70
1434,0007,CAIXA,MARIA,SAQUE,2022-02-01T12:57:06,826.92
1434,0009,ITAU,MARIA,DEPOSITO,2022-02-06T16:21:22,223.10
4657,0009,CAIXA,JOAO,SAQUE,2022-02-08T10:12:25,297.43
2824,0003,CAIXA,FELIPE,DEPOSITO,2022-02-06T04:25:16,1154.86
2424,0002,SANTANDER,PEDRO,SAQUE,2022-02-08T04:59:52,208.29
9279,0002,SANTANDER,PEDRO,SAQUE,2022-02-09T05:45:40,1430.84
1434,0000,CAIXA,MARCOS,SAQUE,2022-02-06T01:49:15,285.97
2824,0003,CAIXA,ANA,SAQUE,2022-02-05T10:13:42,937.95
4657,0000,ITAU,SANDRA,SAQUE,2022-02-07T16:36:07,1388.45
9279,0008,ITAU,ANA,SAQUE,2022-02-03T01:49:15,498.55
5506,0001,ITAU,MARIA,DEPOSITO,2022-02-06T19:42:45,1190.96
2679,0002,CAIXA,MARIA,SAQUE,2022-02-04T16:06:16,252.93
5506,0007,ITAU,JULIA,SAQUE,2022-02-08T06:26:44,668.44
2679,0008,ITAU,PEDRO,DEPOSITO,2022-02-03T12:36:40,1381.01
2824,0005,ITAU,MARCOS,SAQUE,2022-02-02T01:35:52,1258.49
2679,0000,ITAU,FELIPE,DEPOSITO,2022-02-08T15:40:42,421.96
4657,0000,ITAU,JULIA,DEPOSITO,2022-02-10T08:42:11,823.28
2679,0004,CAIXA,JOAO,SAQUE,2022-02-06T20:22:37,273.58
7912,0006,SANTANDER,PEDRO,SAQUE,2022-02-10T05:17:57,1262.62
4582,0003,CAIXA,ANA,SAQUE,2022-02-03T21:50:40,1374.37
2824,0000,SANTANDER,SANDRA,DEPOSITO,2022-02-04T22:51:58,370.43
7912,0002,CAIXA,JULIA,SAQUE,2022-02-04T02:37:12,1207.19
2424,0003,SANTANDER,LUCIA,SAQUE,2022-02-08T09:14:19,450.91
1488,0007,SANTANDER,FELIPE,SAQUE,2022-02-09T19:12:46,696.14
1434,0009,CAIXA,SANDRA,DEPOSITO,2022-02-02T00:13:38,863.62
4657,0008,ITAU,JULIA,SAQUE,2022-02-06T04:14:43,601.22
4582,0006,CAIXA,SANDRA,SAQUE,2022-02-10T05:14:00,185.97
5506,0008,CAIXA,MARIA,SAQUE,2022-02-03T01:34:06,1096.34
1434,0007,ITAU,CARLOS,DEPOSITO,2022-02-09T21:37:15,112.75
1434,0001,SANTANDER,JULIA,DEPOSITO,2022-02-10T06:54:31,526.21
2824,0000,SANTANDER,LUCIA,DEPOSITO,2022-02-10T08:57:47,1208.18
2424,0006,ITAU,FELIPE,SAQUE,2022-02-10T09:55:06,645.39
5506,0004,ITAU,MARIA,SAQUE,2022-02-07T02:49:09,1345.01
5506,0003,CAIXA,ANA,DEPOSITO,2022-02-06T13:27:29,254.01
5506,0006,SANTANDER,ANA,DEPOSITO,2022-02-01T08:28:08,851.03
9279,0004,CAIXA,LUCIA,DEPOSITO,2022-02-08T21:06:38,1118.98
1488,0005,CAIXA,LUCIA,SAQUE,2022-02-09T05:45:44,285.26
1488,0008,SANTANDER,JOAO,DEPOSITO,2022-02-02T19:05:58,1248.02
2824,0004,SANTANDER,MARIA,SAQUE,2022-02-08T12:09:30,742.38
2824,0002,SANTANDER,JULIA,SAQUE,2022-02-03T08:20:23,314.71
2679,0009,CAIXA,JULIA,SAQUE,2022-02-08T23:17:09,242.75
5506,0008,CAIXA,JULIA,DEPOSITO,2022-02-06T10:38:04,1332.39
5506,0008,CAIXA,JOAO,SAQUE,2022-02-07T12:22:04,1191.82
4657,0009,ITAU,MARIA,SAQUE,2022-02-05T12:53:58,1234.16
2824,0004,CAIXA,JOAO,DEPOSITO,2022-02-04T00:36:15,678.18
7912,0005,CAIXA,ANA,SAQUE,2022-02-05T06:50:13,145.89
5506,0002,ITAU,JULIA,SAQUE,2022-02-03T14:37:14,1463.29
1488,0000,CAIXA,JULIA,SAQUE,2022-02-05T20:39:11,726.01
9279,0008,SANTANDER,FELIPE,SAQUE,2022-02-06T21:27:05,434.13
9279,0002,ITAU,MARCOS,SAQUE,2022-02-08T04:15:08,1168.56
7912,0008,SANTANDER,PEDRO,DEPOSITO,2022-02-06T09:54:59,790.57
2679,0003,CAIXA,SANDRA,SAQUE,2022-02-06T01:27:37,1453.26
2824,0005,ITAU,CARLOS,SAQUE,2022-02-10T14:05:06,1004.75
9279,0003,SANTANDER,MARIA,DEPOSITO,2022-02-05T00:35:04,1000.37
2424,0006,SANTANDER,CARLOS,DEPOSITO,2022-02-01T22:23:17,224.92
2424,0001,ITAU,CARLOS,SAQUE,2022-02-09T20:10:04,148.04
2824,0002,CAIXA,MARIA,DEPOSITO,2022-02-01T20:38:33,137.98
9279,0009,ITAU,PEDRO,DEPOSITO,2022-02-07T04:15:16,946.65
5506,0002,CAIXA,JULIA,SAQUE,2022-02-06T06:31:41,994.79
4657,0008,ITAU,JOAO,SAQUE,2022-02-01T17:33:03,1258.80
4582,0002,CAIXA,MARIA,DEPOSITO,2022-02-06T16:59:09,924.98
7912,0004,SANTANDER,MARIA,SAQUE,2022-02-03T02:08:32,1041.09
5506,0001,ITAU,FELIPE,DEPOSITO,2022-02-05T18:28:45,401.81
9279,0006,SANTANDER,SANDRA,SAQUE,2022-02-07T21:33:57,1080.21
4582,0005,ITAU,FELIPE,SAQUE,2022-02-02T18:44:53,819.07
4657,0003,ITAU,MARCOS,DEPOSITO,2022-02-09T00:09:06,132.99
1434,0003,ITAU,LUCIA,DEPOSITO,2022-02-04T11:04:27,132.57
5506,0001,SANTANDER,LUCIA,SAQUE,2022-02-09T09:50:22,669.84
1488,0005,CAIXA,MARCOS,SAQUE,2022-02-09T10:05:43,377.43
1488,0005,CAIXA,ANA,DEPOSITO,2022-02-01T21:59:09,1326.34
2824,0009,CAIXA,FELIPE,DEPOSITO,2022-02-08T03:04:28,629.68
4582,0003,SANTANDER,PEDRO,SAQUE,2022-02-08T20:50:18,885.56
9279,0001,CAIXA,CARLOS,SAQUE,2022-02-08T02:20:27,317.41
4657,0006,SANTANDER,JOAO,SAQUE,2022-02-06T20:12:40,646.22
2424,0009,CAIXA,LUCIA,DEPOSITO,2022-02-04T17:08:34,396.54
4582,0009,ITAU,JOAO,SAQUE,2022-02-08T13:04:30,850.31
1434,0000,SANTANDER,CARLOS,SAQUE,2022-02-01T10:16:41,1395.69
7912,0004,SANTANDER,JULIA,DEPOSITO,2022-02-06T03:27:32,1460.73
1434,0009,CAIXA,CARLOS,SAQUE,2022-02-07T13:01:36,758.03
2824,0004,ITAU,MARCOS,DEPOSITO,2022-02-04T08:07:47,1479.07
2824,0005,CAIXA,FELIPE,DEPOSITO,2022-02-09T09:25:01,1094.53
1488,0009,ITAU,LUCIA,DEPOSITO,2022-02-08T04:45:10,693.21
7912,0007,ITAU,SANDRA,DEPOSITO,2022-02-02T19:48:56,1031.30
2679,0001,ITAU,FELIPE,SAQUE,2022-02-02T18:25:49,987.18
5506,0000,ITAU,PEDRO,SAQUE,2022-02-01T11:25:45,769.35
9279,0007,ITAU,CARLOS,SAQUE,2022-02-03T21:03:58,256.10
4657,0009,ITAU,JULIA,SAQUE,2022-02-05T14:23:09,752.26
2424,0007,SANTANDER,LUCIA,DEPOSITO,2022-02-09T21:22:28,272.10
2679,0000,ITAU,PEDRO,SAQUE,2022-02-06T17:19:47,1142.60
2679,0000,SANTANDER,ANA,SAQUE,2022-02-04T04:49:49,706.88
1488,0005,ITAU,JOAO,DEPOSITO,2022-02-01T20:06:50,125.66
9279,0004,SANTANDER,PEDRO,SAQUE,2022-02-04T00:47:15,1218.39
5506,0003,ITAU,PEDRO,DEPOSITO,2022-02-07T17:42:20,1123.01
5506,0009,CAIXA,FELIPE,SAQUE,2022-02-04T10:57:28,1329.32
4657,0005,CAIXA,CARLOS,DEPOSITO,2022-02-03T14:06:21,216.51
2679,0003,CAIXA,FELIPE,DEPOSITO,2022-02-05T12:36:33,540.01
1488,0007,SANTANDER,JULIA,DEPOSITO,2022-02-03T03:08:41,1105.82
5506,0008,ITAU,JULIA,DEPOSITO,2022-02-02T15:15:45,408.18
9279,0009,CAIXA,CARLOS,SAQUE,2022-02-06T15:16:59,1355.47
5506,0000,CAIXA,ANA,SAQUE,2022-02-09T17:44:06,387.95
4657,0002,ITAU,MARCOS,SAQUE,2022-02-06T09:42:11,984.59
2424,0003,SANTANDER,FELIPE,SAQUE,2022-02-09T12:03:06,1214.32
2824,0005,SANTANDER,PEDRO,DEPOSITO,2022-02-02T16:06:37,1013.93
1488,0009,SANTANDER,JOAO,SAQUE,2022-02-06T07:07:25,906.07
4657,0007,CAIXA,CARLOS,SAQUE,2022-02-03T16:20:47,563.06
5506,0003,CAIXA,LUCIA,DEPOSITO,2022-02-07T19:41:18,1286.77
7912,0008,SANTANDER,MARCOS,DEPOSITO,2022-02-09T08:31:34,573.24
1434,0005,SANTANDER,LUCIA,DEPOSITO,2022-02-01T22:45:31,741.40
7912,0006,CAIXA,JOAO,DEPOSITO,2022-02-01T04:02:41,174.56
2679,0007,SANTANDER,MARCOS,DEPOSITO,2022-02-07T08:28:33,1394.73
2824,0009,SANTANDER,PEDRO,SAQUE,2022-02-10T00:52:29,1464.03
1434,0009,ITAU,LUCIA,SAQUE,2022-02-04T21:13:55,976.50
1488,0006,SANTANDER,FELIPE,SAQUE,2022-02-04T07:53:32,997.91
4582,0005,ITAU,CARLOS,DEPOSITO,2022-02-05T03:10:41,291.47
9279,0007,CAIXA,FELIPE,DEPOSITO,2022-02-07T06:17:09,1325.18
7912,0005,ITAU,LUCIA,DEPOSITO,2022-02-02T18:52:25,69.73
4582,0003,CAIXA,MARIA,DEPOSITO,2022-02-03T02:40:53,205.57
4582,0003,CAIXA,PEDRO,SAQUE,2022-02-10T09:18:23,581.39
4657,0008,ITAU,JULIA,DEPOSITO,2022-02-05T17:38:35,444.28
7912,0000,SANTANDER,LUCIA,DEPOSITO,2022-02-07T14:22:23,436.15
1488,0009,ITAU,MARIA,DEPOSITO,2022-02-06T23:58:10,1155.76
2424,0003,CAIXA,CARLOS,SAQUE,2022-02-10T00:32:01,493.05
4582,0005,SANTANDER,JULIA,SAQUE,2022-02-06T07:13:37,698.45
5506,0007,ITAU,PEDRO,DEPOSITO,2022-02-03T23:35:55,642.83
7912,0008,ITAU,JOAO,SAQUE,2022-02-03T12:07:41,33.26
4657,0004,CAIXA,MARIA,DEPOSITO,2022-02-04T10:18:21,1268.03
2424,0003,SANTANDER,JOAO,SAQUE,2022-02-04T17:24:42,652.59
2824,0004,CAIXA,CARLOS,SAQUE,2022-02-08T19:11:27,600.86
2824,0007,ITAU,FELIPE,SAQUE,2022-02-07T05:11:39,257.08
1488,0008,SANTANDER,LUCIA,DEPOSITO,2022-02-02T10:03:30,1256.97
4657,0007,SANTANDER,PEDRO,SAQUE,2022-02-07T00:33:22,770.76
7912,0001,CAIXA,PEDRO,DEPOSITO,2022-02-03T06:39:08,293.81
7912,0005,ITAU,JULIA,DEPOSITO,2022-02-06T06:36:44,342.57
5506,0000,ITAU,PEDRO,SAQUE,2022-02-02T11:46:01,500.96
2679,0004,SANTANDER,MARCOS,SAQUE,2022-02-06T16:36:33,613.25
4582,0007,SANTANDER,FELIPE,DEPOSITO,2022-02-01T16:47:34,1050.49
2679,0004,ITAU,SANDRA,DEPOSITO,2022-02-02T13:47:55,1280.15
1434,0006,CAIXA,JOAO,SAQUE,2022-02-03T23:37:50,916.50
4657,0000,ITAU,PEDRO,SAQUE,2022-02-08T02:25:09,767.22
2424,0006,ITAU,ANA,SAQUE,2022-02-08T21:07:58,1456.08
2679,0007,CAIXA,MARIA,SAQUE,2022-02-09T07:00:55,953.71
5506,0008,SANTANDER,LUCIA,SAQUE,2022-02-10T11:03:00,562.10
1488,0003,ITAU,FELIPE,DEPOSITO,2022-02-10T08:08:14,173.37
2679,0000,SANTANDER,PEDRO,SAQUE,2022-02-10T02:12:58,90.79
5506,0007,ITAU,JOAO,SAQUE,2022-02-08T19:59:05,808.63
2824,0002,CAIXA,PEDRO,DEPOSITO,2022-02-05T12:57:10,374.38
2424,0000,SANTANDER,JOAO,DEPOSITO,2022-02-03T00:56:32,928.05
1488,0006,SANTANDER,MARCOS,DEPOSITO,2022-02-06T12:48:59,107.93
1488,0004,ITAU,LUCIA,DEPOSITO,2022-02-05T11:20:45,80.36
9279,0002,ITAU,MARIA,SAQUE,2022-02-07T22:39:15,1187.01
2679,0005,SANTANDER,MARCOS,DEPOSITO,2022-02-01T13:10:54,127.73
1434,0009,CAIXA,ANA,SAQUE,2022-02-06T03:57:44,707.14
2824,0002,CAIXA,SANDRA,DEPOSITO,2022-02-01T08:30:45,657.07
2424,0004,ITAU,CARLOS,SAQUE,2022-02-05T10:46:58,25.92
4657,0007,SANTANDER,FELIPE,DEPOSITO,2022-02-02T15:51:41,830.47
2679,0006,ITAU,MARIA,SAQUE,2022-02-05T11:15:23,463.29
2424,0006,ITAU,SANDRA,SAQUE,2022-02-03T11:49:26,489.45
2424,0009,ITAU,JOAO,DEPOSITO,2022-02-08T06:27:06,757.38
5506,0004,CAIXA,JULIA,SAQUE,2022-02-06T20:24:33,188.92
2824,0009,SANTANDER,CARLOS,DEPOSITO,2022-02-04T22:28:25,383.01
1434,0009,CAIXA,JOAO,DEPOSITO,2022-02-06T03:16:37,267.09
1488,0007,ITAU,ANA,SAQUE,2022-02-07T12:05:31,1162.90
2679,0008,SANTANDER,PEDRO,SAQUE,2022-02-09T03:27:33,806.71
1434,0002,CAIXA,CARLOS,DEPOSITO,2022-02-04T14:31:04,388.40
2679,0003,ITAU,LUCIA,SAQUE,2022-02-04T14:38:20,1265.79
9279,0008,CAIXA,FELIPE,DEPOSITO,2022-02-03T01:44:30,666.57
1488,0005,CAIXA,PEDRO,SAQUE,2022-02-08T03:53:22,80.15
4657,0008,SANTANDER,FELIPE,DEPOSITO,2022-02-06T20:06:25,585.31
4582,0005,ITAU,FELIPE,DEPOSITO,2022-02-04T12:57:29,20.08
2824,0001,SANTANDER,MARCOS,DEPOSITO,2022-02-07T03:10:41,660.76
4657,0003,SANTANDER,JOAO,DEPOSITO,2022-02-08T12:44:36,715.85
4582,0007,ITAU,JULIA,DEPOSITO,2022-02-01T20:12:09,36.78
7912,0002,SANTANDER,PEDRO,DEPOSITO,2022-02-09T10:16:13,97.88
4657,0002,CAIXA,JULIA,DEPOSITO,2022-02-01T04:25:56,390.35
2679,0002,CAIXA,PEDRO,DEPOSITO,2022-02-09T02:28:45,172.32
2824,0000,ITAU,ANA,SAQUE,2022-02-02T20:59:08,1154.11
2424,0002,CAIXA,MARCOS,SAQUE,2022-02-04T23:58:19,1426.35
5506,0003,CAIXA,JOAO,SAQUE,2022-02-02T06:49:50,845.70
1434,0008,SANTANDER,PEDRO,DEPOSITO,2022-02-05T01:43:01,1369.04
1434,0002,SANTANDER,MARCOS,DEPOSITO,2022-02-08T17:27:33,1396.41
4657,0009,ITAU,JULIA,SAQUE,2022-02-09T10:22:50,1115.77
1488,0006,CAIXA,SANDRA,DEPOSITO,2022-02-10T15:43:05,1299.90
1434,0008,CAIXA,ANA,SAQUE,2022-02-02T13:25:20,527.84
7912,0004,SANTANDER,SANDRA,SAQUE,2022-02-01T22:37:25,819.74
1434,0005,CAIXA,CARLOS,DEPOSITO,2022-02-08T01:18:11,583.70
2679,0004,CAIXA,MARCOS,SAQUE,2022-02-09T06:43:23,1014.34
2824,0003,CAIXA,CARLOS,SAQUE,2022-02-10T16:33:49,689.37
9279,0001,CAIXA,CARLOS,SAQUE,2022-02-06T13:08:34,1261.41
2679,0007,ITAU,MARCOS,SAQUE,2022-02-03T16:24:33,656.19
2679,0005,ITAU,MARCOS,SAQUE,2022-02-06T01:56:44,60.65
1434,0006,SANTANDER,PEDRO,SAQUE,2022-02-03T19:19:56,360.15
7912,0004,SANTANDER,MARCOS,SAQUE,2022-02-09T03:34:58,1039.91
4582,0008,ITAU,JULIA,SAQUE,2022-02-06T12:48:58,1225.72
4582,0001,ITAU,JULIA,SAQUE,2022-02-05T23:22:17,399.66
7912,0002,ITAU,FELIPE,SAQUE,2022-02-03T15:17:36,1492.54
9279,0003,CAIXA,PEDRO,DEPOSITO,2022-02-07T07:47:41,960.90
7912,0009,CAIXA,ANA,DEPOSITO,2022-02-09T18:08:07,1474.87
2424,0009,ITAU,MARIA,SAQUE,2022-02-07T03:42:29,1168.06
4582,0008,CAIXA,LUCIA,DEPOSITO,2022-02-09T09:13:48,752.27
1434,0007,SANTANDER,SANDRA,DEPOSITO,2022-02-09T05:55:05,1250.48
4657,0001,CAIXA,ANA,DEPOSITO,2022-02-08T23:11:45,1030.63
1434,0002,CAIXA,JOAO,DEPOSITO,2022-02-04T15:36:44,1161.66
4582,0003,SANTANDER,MARCOS,SAQUE,2022-02-06T14:22:09,1340.44
9279,0005,SANTANDER,JULIA,SAQUE,2022-02-02T10:39:33,737.11
1488,0000,ITAU,SANDRA,SAQUE,2022-02-05T15:56:31,1244.80
4582,0009,SANTANDER,CARLOS,SAQUE,2022-02-09T21:02:51,1247.26
2424,0008,ITAU,FELIPE,SAQUE,2022-02-08T17:55:38,1400.89
7912,0003,CAIXA,JOAO,DEPOSITO,2022-02-05T16:36:48,763.12
1488,0005,ITAU,MARCOS,DEPOSITO,2022-02-09T17:52:16,134.22
4657,0009,ITAU,MARIA,SAQUE,2022-02-01T20:06:50,641.53
4582,0000,SANTANDER,JULIA,SAQUE,2022-02-02T10:29:01,186.97
9279,0002,CAIXA,SANDRA,DEPOSITO,2022-02-01T15:13:21,1077.47
1488,0002,CAIXA,SANDRA,DEPOSITO,2022-02-02T01:02:16,233.28
1488,0000,SANTANDER,SANDRA,SAQUE,2022-02-01T12:16:24,58.21
4657,0008,CAIXA,FELIPE,DEPOSITO,2022-02-04T16:07:31,715.79
5506,0000,SANTANDER,JOAO,DEPOSITO,2022-02-05T06:42:51,425.45
5506,0001,CAIXA,FELIPE,DEPOSITO,2022-02-03T14:13:29,1437.92
2824,0009,ITAU,FELIPE,SAQUE,2022-02-10T06:01:04,1192.78
1488,0004,ITAU,MARIA,SAQUE,2022-02-01T08:56:28,615.20
2424,0001,ITAU,PEDRO,SAQUE,2022-02-07T06:20:35,1075.33
1488,0001,ITAU,LUCIA,SAQUE,2022-02-04T06:22:52,1406.49
4657,0004,SANTANDER,MARIA,DEPOSITO,2022-02-07T23:08:44,105.81
2424,0004,CAIXA,PEDRO,SAQUE,2022-02-01T07:49:36,396.88
4657,0006,SANTANDER,CARLOS,SAQUE,2022-02-08T16:09:27,733.31
2824,0000,CAIXA,FELIPE,SAQUE,2022-02-02T21:41:55,1197.17
5506,0006,SANTANDER,CARLOS,SAQUE,2022-02-01T20:58:37,1158.61
5506,0002,CAIXA,LUCIA,DEPOSITO,2022-02-03T11:16:52,1006.29
1488,0009,ITAU,JOAO,DEPOSITO,2022-02-05T16:22:29,1421.80
5506,0002,ITAU,SANDRA,SAQUE,2022-02-05T23:46:34,959.10
2824,0009,CAIXA,ANA,SAQUE,2022-02-01T12:09:16,137.84
2824,0006,CAIXA,SANDRA,DEPOSITO,2022-02-06T07:07:34,1299.78
1434,0003,ITAU,JOAO,SAQUE,2022-02-09T23:33:45,1069.88
4582,0009,ITAU,SANDRA,DEPOSITO,2022-02-05T11:38:34,974.20
7912,0006,SANTANDER,CARLOS,DEPOSITO,2022-02-09T07:02:05,366.31
7912,0003,SANTANDER,ANA,SAQUE,2022-02-03T18:10:57,877.97
4657,0009,ITAU,MARIA,SAQUE,2022-02-02T12:57:58,1122.71
1488,0007,ITAU,JOAO,DEPOSITO,2022-02-10T10:10:10,218.60
2679,0002,CAIXA,CARLOS,DEPOSITO,2022-02-10T06:55:21,1307.74
2424,0008,CAIXA,PEDRO,DEPOSITO,2022-02-02T11:51:49,409.70
1434,0004,ITAU,FELIPE,SAQUE,2022-02-02T13:43:48,680.72
1434,0005,ITAU,MARCOS,DEPOSITO,2022-02-02T19:03:36,151.38
1488,0001,ITAU,PEDRO,SAQUE,2022-02-04T02:35:36,851.85
7912,0003,SANTANDER,FELIPE,SAQUE,2022-02-06T07:51:24,378.38
4582,0000,CAIXA,ANA,SAQUE,2022-02-09T13:25:05,1472.60
9279,0008,ITAU,LUCIA,SAQUE,2022-02-10T17:10:52,164.26
2679,0005,ITAU,CARLOS,DEPOSITO,2022-02-08T11:44:17,802.47
2679,0005,ITAU,JULIA,DEPOSITO,2022-02-05T18:34:24,442.44
9279,0007,ITAU,CARLOS,DEPOSITO,2022-02-08T08:14:35,569.34
9279,0006,ITAU,JULIA,SAQUE,2022-02-04T13:03:38,1281.38
2824,0005,SANTANDER,ANA,DEPOSITO,2022-02-02T18:20:21,1360.26
1488,0004,CAIXA,PEDRO,SAQUE,2022-02-07T20:06:11,1477.57
2824,0001,ITAU,FELIPE,DEPOSITO,2022-02-02T08:23:41,517.20
2824,0008,SANTANDER,JULIA,SAQUE,2022-02-07T15:49:02,1412.68
2824,0002,SANTANDER,SANDRA,DEPOSITO,2022-02-06T17:42:33,423.51
4657,0007,SANTANDER,CARLOS,SAQUE,2022-02-04T08:24:12,330.10
2424,0001,ITAU,MARCOS,SAQUE,2022-02-01T11:53:23,1004.92
7912,0000,SANTANDER,MARIA,DEPOSITO,2022-02-04T01:57:27,273.12
4657,0009,CAIXA,JOAO,DEPOSITO,2022-02-05T15:05:26,423.86
2679,0009,SANTANDER,MARIA,SAQUE,2022-02-10T05:33:54,1379.41
9279,0005,CAIXA,MARCOS,SAQUE,2022-02-04T06:56:33,1383.92
9279,0007,SANTANDER,JULIA,DEPOSITO,2022-02-09T04:53:52,1118.39
4582,0002,CAIXA,CARLOS,DEPOSITO,2022-02-09T17:49:57,525.95
1488,0008,SANTANDER,CARLOS,DEPOSITO,2022-02-04T17:41:44,288.93
2679,0008,ITAU,FELIPE,SAQUE,2022-02-04T13:10:55,922.82
2424,0002,SANTANDER,JOAO,SAQUE,2022-02-02T15:45:37,880.85
2424,0003,ITAU,ANA,DEPOSITO,2022-02-10T04:58:40,18.65
9279,0003,ITAU,LUCIA,DEPOSITO,2022-02-01T08:18:26,767.99
1434,0005,SANTANDER,SANDRA,DEPOSITO,2022-02-01T12:34:56,264.86
1434,0000,ITAU,ANA,DEPOSITO,2022-02-09T14:58:29,15.83
1434,0002,ITAU,PEDRO,SAQUE,2022-02-07T01:08:30,1021.32
1434,0005,CAIXA,LUCIA,DEPOSITO,2022-02-10T12:51:45,739.95
4582,0007,CAIXA,SANDRA,DEPOSITO,2022-02-02T03:24:34,259.61
7912,0001,SANTANDER,ANA,DEPOSITO,2022-02-07T21:37:23,724.00
2824,0006,ITAU,SANDRA,DEPOSITO,2022-02-08T12:27:23,506.11
2824,0007,CAIXA,CARLOS,DEPOSITO,2022-02-03T03:49:30,355.73
4582,0006,SANTANDER,LUCIA,SAQUE,2022-02-01T11:26:48,715.67
5506,0007,SANTANDER,JULIA,DEPOSITO,2022-02-10T15:18:59,741.17
4582,0003,CAIXA,JULIA,SAQUE,2022-02-05T17:08:05,231.15
4582,0003,SANTANDER,JULIA,SAQUE,2022-02-03T01:10:43,1234.54
7912,0003,SANTANDER,FELIPE,SAQUE,2022-02-03T08:30:00,135.55
1434,0009,CAIXA,CARLOS,DEPOSITO,2022-02-08T00:51:29,42.09
4657,0008,ITAU,MARCOS,SAQUE,2022-02-02T10:00:55,870.99
2679,0008,ITAU,MARIA,DEPOSITO,2022-02-04T16:13:20,359.72
4582,0002,ITAU,MARCOS,DEPOSITO,2022-02-08T12:50:17,1048.37
1488,0000,ITAU,MARIA,SAQUE,2022-02-07T09:53:13,764.15
2424,0008,ITAU,ANA,SAQUE,2022-02-09T02:26:21,816.06
7912,0009,CAIXA,MARIA,SAQUE,2022-02-09T01:30:27,1466.99
1434,0000,SANTANDER,MARIA,SAQUE,2022-02-02T01:53:50,1206.77
1434,0002,CAIXA,MARCOS,DEPOSITO,2022-02-02T03:48:51,76.26
2424,0006,SANTANDER,LUCIA,DEPOSITO,2022-02-03T17:52:02,556.09
7912,0006,SANTANDER,SANDRA,DEPOSITO,2022-02-06T19:03:07,180.46
5506,0001,CAIXA,LUCIA,SAQUE,2022-02-02T03:20:06,1132.41
2824,0006,CAIXA,JULIA,SAQUE,2022-02-02T10:11:54,636.49
5506,0000,ITAU,MARCOS,DEPOSITO,2022-02-01T20:49:23,569.32
2679,0003,CAIXA,FELIPE,DEPOSITO,2022-02-09T13:03:41,1267.68
1434,0005,CAIXA,MARIA,SAQUE,2022-02-02T11:29:47,900.14
4657,0008,ITAU,CARLOS,SAQUE,2022-02-05T03:54:14,1010.41
2824,0003,ITAU,PEDRO,SAQUE,2022-02-06T05:18:57,984.74
9279,0000,ITAU,JOAO,DEPOSITO,2022-02-10T15:54:46,141.41
4657,0002,ITAU,LUCIA,DEPOSITO,2022-02-01T19:00:55,854.56
2824,0000,ITAU,CARLOS,DEPOSITO,2022-02-03T06:51:48,837.29
1434,0001,ITAU,ANA,SAQUE,2022-02-04T07:25:45,527.52
2679,0001,SANTANDER,JULIA,DEPOSITO,2022-02-06T23:58:40,966.18
2824,0006,SANTANDER,FELIPE,SAQUE,2022-02-05T06:58:39,901.19
2824,0001,CAIXA,SANDRA,DEPOSITO,2022-02-03T16:17:07,1339.83
1434,0000,ITAU,JOAO,DEPOSITO,2022-02-04T12:42:27,52.64
4582,0007,SANTANDER,JULIA,DEPOSITO,2022-02-01T22:19:45,916.35
4657,0009,CAIXA,SANDRA,SAQUE,2022-02-07T15:39:10,607.08
4657,0004,SANTANDER,PEDRO,DEPOSITO,2022-02-03T09:37:48,1402.30
2824,0007,CAIXA,SANDRA,DEPOSITO,2022-02-05T18:10:32,590.14
5506,0009,CAIXA,PEDRO,DEPOSITO,2022-02-01T02:56:35,675.96
2824,0007,CAIXA,SANDRA,DEPOSITO,2022-02-06T07:31:33,986.67
4582,0009,ITAU,FELIPE,DEPOSITO,2022-02-02T10:12:34,569.51
5506,0009,ITAU,MARCOS,SAQUE,2022-02-01T07:14:16,560.59
9279,0000,CAIXA,LUCIA,SAQUE,2022-02-09T21:04:07,498.96
2679,0006,CAIXA,JOAO,SAQUE,2022-02-09T17:42:41,1038.96
2424,0004,CAIXA,PEDRO,DEPOSITO,2022-02-09T22:57:30,792.59
2824,0008,CAIXA,MARIA,SAQUE,2022-02-04T01:40:43,1327.74
2679,0003,CAIXA,FELIPE,DEPOSITO,2022-02-06T01:36:35,1155.75
2679,0004,CAIXA,FELIPE,DEPOSITO,2022-02-10T18:20:02,708.75
9279,0007,CAIXA,PEDRO,DEPOSITO,2022-02-08T08:20:21,97.80
2679,0002,SANTANDER,PEDRO,DEPOSITO,2022-02-10T12:16:11,740.89
7912,0001,SANTANDER,CARLOS,DEPOSITO,2022-02-09T19:19:53,381.87
1434,0002,ITAU,JULIA,DEPOSITO,2022-02-10T01:48:50,136.44
4657,0003,ITAU,MARCOS,SAQUE,2022-02-05T11:42:36,633.75
2424,0008,SANTANDER,MARCOS,SAQUE,2022-02-04T06:46:26,473.48
7912,0001,CAIXA,LUCIA,DEPOSITO,2022-02-09T01:52:58,388.40
7912,0001,SANTANDER,MARCOS,SAQUE,2022-02-02T05:01:34,480.19
9279,0009,CAIXA,JOAO,SAQUE,2022-02-10T18:21:41,822.14
2824,0009,CAIXA,MARIA,DEPOSITO,2022-02-01T20:40:03,896.68
2824,0007,CAIXA,LUCIA,DEPOSITO,2022-02-09T02:06:58,1479.68
2824,0000,CAIXA,SANDRA,DEPOSITO,2022-02-08T21:55:39,508.75
7912,0002,SANTANDER,CARLOS,DEPOSITO,2022-02-05T15:04:19,977.26
9279,0006,CAIXA,MARIA,DEPOSITO,2022-02-08T13:13:55,831.97
2424,0008,SANTANDER,LUCIA,SAQUE,2022-02-05T19:47:57,1352.01
4582,0006,ITAU,ANA,SAQUE,2022-02-03T07:01:43,969.95
4582,0004,SANTANDER,MARIA,SAQUE,2022-02-07T01:55:58,887.94
2824,0001,ITAU,JULIA,DEPOSITO,2022-02-02T16:14:23,162.68
1488,0001,ITAU,MARCOS,SAQUE,2022-02-06T08:57:38,830.49
4657,0009,ITAU,SANDRA,SAQUE,2022-02-01T16:18:41,1105.04
2424,0004,ITAU,ANA,SAQUE,2022-02-10T12:14:43,188.45
4582,0002,SANTANDER,PEDRO,DEPOSITO,2022-02-06T04:17:18,543.61
5506,0003,ITAU,MARCOS,DEPOSITO,2022-02-05T06:05:28,1290.15
4657,0006,SANTANDER,PEDRO,DEPOSITO,2022-02-06T08:40:54,1191.52
4657,0003,ITAU,JOAO,DEPOSITO,2022-02-01T03:40:46,1239.36
4582,0007,ITAU,PEDRO,DEPOSITO,2022-02-02T16:43:19,972.71
2424,0008,CAIXA,MARIA,DEPOSITO,2022-02-09T20:39:03,74.20
2679,0001,ITAU,JOAO,DEPOSITO,2022-02-02T05:26:32,1173.46
2424,0000,CAIXA,PEDRO,DEPOSITO,2022-02-05T05:09:43,1142.66
7912,0003,SANTANDER,JULIA,DEPOSITO,2022-02-06T02:53:23,492.38
2679,0000,CAIXA,MARIA,DEPOSITO,2022-02-10T12:18:35,1032.79
7912,0002,SANTANDER,PEDRO,DEPOSITO,2022-02-07T21:59:46,574.26
9279,0002,SANTANDER,ANA,SAQUE,2022-02-07T09:49:19,387.58
4582,0006,ITAU,CARLOS,DEPOSITO,2022-02-03T15:02:23,977.70
2679,0007,SANTANDER,ANA,DEPOSITO,2022-02-07T18:53:58,656.72
5506,0001,SANTANDER,LUCIA,DEPOSITO,2022-02-02T02:28:05,772.73
5506,0002,ITAU,JOAO,DEPOSITO,2022-02-10T05:32:39,1347.57
1488,0000,ITAU,FELIPE,DEPOSITO,2022-02-09T11:46:15,1444.36
1434,0000,SANTANDER,FELIPE,SAQUE,2022-02-01T23:10:43,866.82
2424,0009,CAIXA,MARIA,SAQUE,2022-02-06T09:22:20,1325.34
9279,0002,ITAU,CARLOS,DEPOSITO,2022-02-06T01:47:59,522.30
1488,0000,SANTANDER,MARCOS,DEPOSITO,2022-02-01T14:40:43,1127.20
5506,0004,SANTANDER,MARCOS,SAQUE,2022-02-06T11:31:28,191.99
4582,0005,ITAU,SANDRA,DEPOSITO,2022-02-01T03:47:17,320.20
4657,0004,SANTANDER,JOAO,DEPOSITO,2022-02-06T13:11:47,202.31
1488,0001,ITAU,JOAO,DEPOSITO,2022-02-09T02:56:09,1482.19
4657,0002,ITAU,SANDRA,SAQUE,2022-02-03T00:39:15,944.05
7912,0008,ITAU,MARIA,DEPOSITO,2022-02-08T12:49:14,1438.27
9279,0004,CAIXA,SANDRA,DEPOSITO,2022-02-06T04:54:55,1090.90
4657,0002,SANTANDER,JOAO,DEPOSITO,2022-02-09T18:04:09,80.73
1434,0002,ITAU,PEDRO,DEPOSITO,2022-02-01T13:46:50,69.77
7912,0007,SANTANDER,JOAO,SAQUE,2022-02-05T02:39:49,63.44
2679,0004,CAIXA,SANDRA,SAQUE,2022-02-06T03:43:44,1243.80
1434,0001,ITAU,MARIA,DEPOSITO,2022-02-07T17:48:02,41.09
2679,0006,CAIXA,MARCOS,DEPOSITO,2022-02-10T11:06:24,211.83
1488,0005,SANTANDER,ANA,DEPOSITO,2022-02-10T15:58:34,258.12
1434,0004,SANTANDER,JOAO,DEPOSITO,2022-02-06T01:17:11,742.66
2824,0006,CAIXA,MARCOS,SAQUE,2022-02-04T21:41:11,1193.58
2824,0004,ITAU,MARIA,DEPOSITO,2022-02-02T07:13:31,835.65
2824,0001,CAIXA,FELIPE,DEPOSITO,2022-02-10T10:43:28,1311.58
4657,0002,SANTANDER,PEDRO,SAQUE,2022-02-08T03:36:15,685.83
2679,0002,CAIXA,LUCIA,SAQUE,2022-02-06T17:40:42,1021.77
2824,0000,CAIXA,ANA,DEPOSITO,2022-02-08T21:21:23,253.40
2824,0003,SANTANDER,SANDRA,SAQUE,2022-02-10T15:55:00,424.87
1434,0000,SANTANDER,JULIA,SAQUE,2022-02-05T21:10:11,1179.89
4657,0001,SANTANDER,MARIA,DEPOSITO,2022-02-03T05:41:07,1052.48
4582,0008,ITAU,ANA,DEPOSITO,2022-02-05T16:36:45,392.52
2824,0006,CAIXA,PEDRO,DEPOSITO,2022-02-02T02:56:42,1186.06
2424,0002,ITAU,ANA,SAQUE,2022-02-04T12:07:24,610.80
7912,0001,CAIXA,PEDRO,SAQUE,2022-02-05T12:58:02,490.63
7912,0007,SANTANDER,SANDRA,DEPOSITO,2022-02-06T10:41:16,1255.59
1488,0007,CAIXA,MARCOS,SAQUE,2022-02-09T04:25:56,961.44
1434,0006,SANTANDER,MARCOS,DEPOSITO,2022-02-08T12:13:01,369.38
9279,0001,ITAU,CARLOS,SAQUE,2022-02-09T18:11:05,249.74
1434,0006,CAIXA,SANDRA,DEPOSITO,2022-02-02T03:29:48,1226.93
1488,0001,ITAU,ANA,DEPOSITO,2022-02-09T20:10:05,770.03
2679,0001,SANTANDER,MARCOS,DEPOSITO,2022-02-04T18:27:47,937.39
4657,0001,ITAU,LUCIA,SAQUE,2022-02-07T06:28:40,64.84
2679,0001,SANTANDER,FELIPE,SAQUE,2022-02-06T16:15:20,627.62
2424,0005,CAIXA,CARLOS,DEPOSITO,2022-02-09T15:47:54,116.38
4657,0000,SANTANDER,MARCOS,DEPOSITO,2022-02-07T05:18:09,471.54
4657,0000,CAIXA,MARIA,SAQUE,2022-02-05T08:18:12,1304.06
4582,0002,SANTANDER,SANDRA,SAQUE,2022-02-08T23:28:38,521.00
2679,0000,SANTANDER,JOAO,SAQUE,2022-02-04T01:11:50,1126.89
4657,0005,CAIXA,MARIA,SAQUE,2022-02-01T03:03:23,507.13
2679,0003,SANTANDER,ANA,DEPOSITO,2022-02-08T13:49:44,119.36
4582,0001,CAIXA,JULIA,DEPOSITO,2022-02-02T15:25:07,314.67
1434,0006,ITAU,PEDRO,DEPOSITO,2022-02-07T09:40:19,834.98
7912,0007,ITAU,SANDRA,DEPOSITO,2022-02-03T08:04:35,984.05
2424,0009,SANTANDER,JOAO,DEPOSITO,2022-02-06T06:23:12,1216.02
2679,0005,CAIXA,LUCIA,SAQUE,2022-02-03T12:44:01,1307.48
2824,0007,CAIXA,ANA,SAQUE,2022-02-06T12:41:26,1064.16
9279,0008,ITAU,LUCIA,DEPOSITO,2022-02-09T03:16:18,901.52
7912,0001,CAIXA,MARIA,SAQUE,2022-02-06T01:22:19,874.70
4657,0005,ITAU,SANDRA,SAQUE,2022-02-09T22:55:58,890.92
4582,0002,ITAU,PEDRO,SAQUE,2022-02-03T09:06:58,505.30
2424,0000,SANTANDER,MARIA,DEPOSITO,2022-02-03T11:55:21,386.20
9279,0001,SANTANDER,CARLOS,DEPOSITO,2022-02-06T06:13:53,702.86
4657,0000,CAIXA,JOAO,SAQUE,2022-02-08T17:32:49,44.08
2824,0001,CAIXA,ANA,DEPOSITO,2022-02-08T14:33:17,188.09
5506,0001,ITAU,MARCOS,DEPOSITO,2022-02-05T07:10:00,38.03
2679,0001,SANTANDER,ANA,DEPOSITO,2022-02-10T00:28:50,601.01
2824,0001,ITAU,MARIA,DEPOSITO,2022-02-08T07:37:54,239.65
9279,0005,ITAU,MARIA,DEPOSITO,2022-02-01T17:45:34,1093.63
1488,0009,ITAU,JULIA,SAQUE,2022-02-08T02:02:33,1174.75
1434,0003,ITAU,JULIA,SAQUE,2022-02-07T05:18:51,1315.97
5506,0005,CAIXA,FELIPE,DEPOSITO,2022-02-09T07:41:41,605.88
1488,0007,SANTANDER,MARIA,SAQUE,2022-02-09T23:57:47,1433.03
4657,0000,ITAU,ANA,DEPOSITO,2022-02-06T05:57:24,1122.74
9279,0005,SANTANDER,CARLOS,DEPOSITO,2022-02-01T07:17:49,982.39
5506,0007,ITAU,JOAO,DEPOSITO,2022-02-01T15:13:31,1345.18
9279,0009,CAIXA,SANDRA,SAQUE,2022-02-01T03:27:05,1207.81
2679,0002,ITAU,PEDRO,SAQUE,2022-02-07T21:28:56,715.79
1434,0007,CAIXA,JOAO,SAQUE,2022-02-05T07:28:40,882.69
2679,0008,CAIXA,MARIA,SAQUE,2022-02-04T16:17:07,264.28
2824,0008,ITAU,JOAO,DEPOSITO,2022-02-10T09:42:25,469.39
2679,0008,SANTANDER,JOAO,DEPOSITO,2022-02-10T06:38:29,1023.03
5506,0004,CAIXA,SANDRA,SAQUE,2022-02-02T00:40:30,1272.18
1488,0008,CAIXA,SANDRA,DEPOSITO,2022-02-02T11:29:05,209.36
2679,0003,SANTANDER,SANDRA,DEPOSITO,2022-02-05T22:00:36,946.54
1488,0006,ITAU,LUCIA,SAQUE,2022-02-05T23:42:27,1051.17
1434,0002,SANTANDER,SANDRA,SAQUE,2022-02-08T20:50:08,711.71
7912,0003,SANTANDER,FELIPE,SAQUE,2022-02-08T01:59:41,985.16
9279,0008,SANTANDER,ANA,SAQUE,2022-02-05T16:47:33,1320.33
9279,0000,SANTANDER,FELIPE,SAQUE,2022-02-10T12:52:55,510.83
1488,0008,ITAU,CARLOS,SAQUE,2022-02-06T04:11:01,838.16
4657,0002,SANTANDER,CARLOS,SAQUE,2022-02-01T21:55:10,362.46
7912,0000,ITAU,JULIA,SAQUE,2022-02-05T14:18:33,885.61
2824,0008,CAIXA,MARCOS,DEPOSITO,2022-02-07T01:57:39,651.11
2824,0006,ITAU,ANA,SAQUE,2022-02-04T02:20:07,616.09
4582,0005,CAIXA,MARIA,DEPOSITO,2022-02-02T01:56:43,25.00
2824,0009,CAIXA,JULIA,DEPOSITO,2022-02-10T14:43:36,1043.50
4657,0005,ITAU,FELIPE,SAQUE,2022-02-02T02:48:19,124.08
2824,0003,ITAU,FELIPE,SAQUE,2022-02-06T18:14:20,1220.25
1434,0000,ITAU,MARIA,SAQUE,2022-02-02T06:11:40,857.31
7912,0000,SANTANDER,PEDRO,DEPOSITO,2022-02-01T21:49:28,287.29
9279,0007,CAIXA,JULIA,DEPOSITO,2022-02-10T13:11:14,401.35
9279,0003,CAIXA,LUCIA,SAQUE,2022-02-03T06:39:06,74.37
2424,0000,ITAU,MARIA,SAQUE,2022-02-03T10:19:55,411.15
9279,0007,ITAU,MARIA,SAQUE,2022-02-04T20:16:08,275.91
2824,0004,SANTANDER,CARLOS,DEPOSITO,2022-02-10T17:03:32,947.64
9279,0005,CAIXA,CARLOS,DEPOSITO,2022-02-01T02:31:54,1383.55
1488,0002,CAIXA,MARCOS,DEPOSITO,2022-02-10T05:40:49,206.00
2424,0006,ITAU,JULIA,SAQUE,2022-02-07T06:17:07,1464.76
9279,0001,ITAU,JOAO,SAQUE,2022-02-08T03:39:48,532.10
4582,0006,CAIXA,JULIA,DEPOSITO,2022-02-09T00:37:51,858.67
2679,0007,ITAU,MARIA,SAQUE,2022-02-08T07:27:09,1053.68
9279,0003,ITAU,JULIA,SAQUE,2022-02-02T22:50:38,424.97
2824,0009,SANTANDER,CARLOS,DEPOSITO,2022-02-07T18:55:44,991.94
1434,0007,SANTANDER,FELIPE,SAQUE,2022-02-06T15:26:14,1213.37
1488,0008,CAIXA,JOAO,SAQUE,2022-02-05T06:56:12,496.14
4582,0004,ITAU,SANDRA,DEPOSITO,2022-02-08T19:55:33,607.19
7912,0007,CAIXA,JULIA,DEPOSITO,2022-02-07T08:50:57,381.20
1434,0008,CAIXA,LUCIA,DEPOSITO,2022-02-03T04:16:38,1026.08
2679,0005,CAIXA,LUCIA,SAQUE,2022-02-09T22:56:24,960.42
1488,0007,CAIXA,JOAO,SAQUE,2022-02-04T21:24:44,477.95
4657,0005,CAIXA,ANA,DEPOSITO,2022-02-03T03:37:19,279.66
1488,0001,CAIXA,JULIA,DEPOSITO,2022-02-01T08:10:32,604.10
1488,0005,SANTANDER,PEDRO,DEPOSITO,2022-02-02T21:37:59,1078.17
2824,0002,SANTANDER,ANA,DEPOSITO,2022-02-02T18:20:39,464.41
4657,0000,CAIXA,LUCIA,DEPOSITO,2022-02-08T21:45:12,838.73
7912,0005,ITAU,SANDRA,SAQUE,2022-02-09T05:03:41,817.50
2824,0004,SANTANDER,PEDRO,DEPOSITO,2022-02-09T21:55:55,272.92
4657,0003,SANTANDER,FELIPE,SAQUE,2022-02-07T06:09:08,130.81
1488,0006,SANTANDER,PEDRO,DEPOSITO,2022-02-02T10:24:15,1405.66
5506,0001,SANTANDER,MARIA,DEPOSITO,2022-02-04T05:48:51,130.22
4582,0007,SANTANDER,JOAO,SAQUE,2022-02-06T21:20:39,205.53
2824,0005,ITAU,JULIA,SAQUE,2022-02-10T11:02:05,1205.19
9279,0000,CAIXA,MARIA,SAQUE,2022-02-03T17:42:06,308.95
9279,0000,ITAU,MARIA,DEPOSITO,2022-02-10T14:14:39,791.74
2424,0007,CAIXA,ANA,DEPOSITO,2022-02-01T17:18:09,1130.12
9279,0006,SANTANDER,JULIA,DEPOSITO,2022-02-06T14:30:45,12.93
5506,0009,CAIXA,CARLOS,SAQUE,2022-02-07T05:59:15,1143.08
5506,0008,ITAU,MARCOS,SAQUE,2022-02-09T21:54:17,1432.90
2679,0006,SANTANDER,PEDRO,DEPOSITO,2022-02-03T18:52:05,505.27
1434,0000,CAIXA,SANDRA,DEPOSITO,2022-02-07T13:40:53,284.68
2824,0008,SANTANDER,LUCIA,SAQUE,2022-02-09T23:07:55,660.86
2679,0002,ITAU,FELIPE,DEPOSITO,2022-02-10T01:09:19,700.37
7912,0000,CAIXA,LUCIA,SAQUE,2022-02-05T22:50:24,912.35
7912,0008,SANTANDER,LUCIA,SAQUE,2022-02-04T06:27:37,245.83
1488,0008,ITAU,CARLOS,DEPOSITO,2022-02-09T18:49:40,1306.41
4582,0002,ITAU,LUCIA,DEPOSITO,2022-02-09T21:49:19,719.10
2424,0008,SANTANDER,MARCOS,SAQUE,2022-02-05T03:04:16,960.71
4582,0004,SANTANDER,JOAO,SAQUE,2022-02-02T10:40:55,379.22
1434,0003,CAIXA,JOAO,SAQUE,2022-02-08T10:16:13,398.03
2424,0008,CAIXA,LUCIA,SAQUE,2022-02-09T14:16:23,1424.30
2824,0009,ITAU,MARCOS,DEPOSITO,2022-02-03T02:21:29,360.21
2679,0006,ITAU,PEDRO,DEPOSITO,2022-02-01T04:55:18,1467.65
4657,0001,CAIXA,JOAO,DEPOSITO,2022-02-06T21:51:03,1348.47
1434,0006,ITAU,MARIA,DEPOSITO,2022-02-03T11:10:32,1488.95
2824,0006,ITAU,PEDRO,DEPOSITO,2022-02-05T13:37:30,293.66
7912,0009,SANTANDER,PEDRO,SAQUE,2022-02-02T09:56:23,1106.13
2679,0002,CAIXA,LUCIA,SAQUE,2022-02-07T08:03:29,830.74
1434,0008,ITAU,JULIA,SAQUE,2022-02-07T22:42:24,1055.64
9279,0003,ITAU,ANA,DEPOSITO,2022-02-02T16:53:02,966.79
1434,0003,SANTANDER,SANDRA,DEPOSITO,2022-02-03T22:37:35,1361.73
7912,0007,SANTANDER,PEDRO,DEPOSITO,2022-02-06T04:17:49,947.32
4582,0006,CAIXA,CARLOS,SAQUE,2022-02-03T11:20:07,847.07
2824,0003,SANTANDER,FELIPE,SAQUE,2022-02-08T00:32:04,872.41
1434,0003,CAIXA,MARCOS,DEPOSITO,2022-02-05T16:43:32,706.86
1434,0002,ITAU,CARLOS,SAQUE,2022-02-04T09:55:37,416.12
5506,0000,CAIXA,JULIA,SAQUE,2022-02-02T08:54:29,131.97
5506,0001,SANTANDER,ANA,SAQUE,2022-02-03T05:09:00,1169.52
4582,0003,SANTANDER,PEDRO,DEPOSITO,2022-02-07T04:55:30,1107.45
1488,0007,ITAU,ANA,SAQUE,2022-02-03T05:11:16,759.71
9279,0001,ITAU,ANA,SAQUE,2022-02-03T06:26:05,1391.96
9279,0005,ITAU,FELIPE,SAQUE,2022-02-03T03:02:14,1265.46
2824,0002,CAIXA,FELIPE,DEPOSITO,2022-02-03T18:38:31,1054.58
2679,0005,SANTANDER,CARLOS,SAQUE,2022-02-03T22:12:37,1437.65
1434,0008,ITAU,MARCOS,SAQUE,2022-02-10T17:32:44,1138.07
1434,0003,CAIXA,MARCOS,SAQUE,2022-02-09T00:26:12,704.58
2824,0004,CAIXA,JOAO,SAQUE,2022-02-03T09:03:17,49.58
4582,0009,SANTANDER,MARIA,SAQUE,2022-02-10T07:19:50,436.79
2679,0004,CAIXA,JULIA,DEPOSITO,2022-02-08T22:28:10,396.75
2824,0004,ITAU,SANDRA,SAQUE,2022-02-09T12:32:17,149.83
9279,0008,ITAU,SANDRA,DEPOSITO,2022-02-10T08:24:59,851.72
1434,0007,CAIXA,CARLOS,DEPOSITO,2022-02-10T06:20:02,495.20
4582,0008,CAIXA,FELIPE,DEPOSITO,2022-02-01T08:53:29,1175.32
2679,0005,CAIXA,MARCOS,DEPOSITO,2022-02-02T12:08:52,1459.32
4657,0009,CAIXA,CARLOS,DEPOSITO,2022-02-04T02:57:13,720.13
7912,0001,ITAU,MARCOS,DEPOSITO,2022-02-03T07:31:12,319.59
1434,0005,ITAU,JULIA,DEPOSITO,2022-02-03T21:20:38,940.49
2824,0001,CAIXA,MARCOS,SAQUE,2022-02-05T13:37:04,976.21
9279,0003,SANTANDER,JOAO,SAQUE,2022-02-03T00:47:10,1369.15
9279,0008,ITAU,SANDRA,DEPOSITO,2022-02-10T18:15:20,442.35
2679,0004,SANTANDER,MARCOS,SAQUE,2022-02-05T20:15:14,45.36
2424,0002,ITAU,SANDRA,SAQUE,2022-02-01T03:46:00,197.24
7912,0006,SANTANDER,MARCOS,SAQUE,2022-02-07T13:00:52,917.82
5506,0009,ITAU,CARLOS,DEPOSITO,2022-02-02T16:13:31,1235.06
9279,0009,ITAU,LUCIA,SAQUE,2022-02-10T10:47:30,781.51
7912,0002,ITAU,SANDRA,DEPOSITO,2022-02-02T00:26:08,273.41
2679,0002,SANTANDER,CARLOS,DEPOSITO,2022-02-09T18:15:22,480.94
2424,0005,ITAU,CARLOS,SAQUE,2022-02-03T04:28:46,121.70
5506,0004,ITAU,MARIA,DEPOSITO,2022-02-03T10:01:01,915.68
7912,0003,ITAU,JULIA,SAQUE,2022-02-07T00:01:25,443.01
7912,0001,CAIXA,JULIA,SAQUE,2022-02-02T07:01:14,51.81
7912,0007,CAIXA,ANA,DEPOSITO,2022-02-04T01:37:17,74.26
4657,0005,SANTANDER,FELIPE,DEPOSITO,2022-02-08T23:20:34,755.49
9279,0003,ITAU,MARCOS,SAQUE,2022-02-06T07:38:43,991.19
7912,0009,CAIXA,LUCIA,DEPOSITO,2022-02-07T00:52:25,1457.57
9279,0001,ITAU,JOAO,DEPOSITO,2022-02-03T17:01:24,926.40
2679,0000,CAIXA,PEDRO,SAQUE,2022-02-09T08:48:19,629.65
1434,0004,SANTANDER,FELIPE,SAQUE,2022-02-02T07:43:09,1107.80
4657,0009,ITAU,SANDRA,DEPOSITO,2022-02-05T01:08:51,839.35
2424,0001,ITAU,LUCIA,SAQUE,2022-02-10T04:20:50,1487.92
2824,0007,SANTANDER,JULIA,SAQUE,2022-02-08T00:06:46,145.87
1434,0006,CAIXA,CARLOS,SAQUE,2022-02-05T07:09:40,1133.15
4582,0008,SANTANDER,JOAO,DEPOSITO,2022-02-02T06:59:51,1404.29
1434,0008,ITAU,ANA,SAQUE,2022-02-08T11:17:43,1064.67
5506,0007,ITAU,ANA,SAQUE,2022-02-09T22:19:43,714.17
4657,0005,ITAU,ANA,SAQUE,2022-02-09T19:11:22,929.33
1434,0001,SANTANDER,MARCOS,DEPOSITO,2022-02-04T13:14:10,565.50
1434,0001,CAIXA,LUCIA,DEPOSITO,2022-02-06T14:01:14,1024.62
9279,0008,ITAU,ANA,SAQUE,2022-02-06T06:44:33,384.53
2679,0006,CAIXA,PEDRO,SAQUE,2022-02-06T23:20:42,668.18
2424,0006,CAIXA,LUCIA,SAQUE,2022-02-02T01:32:21,485.82
9279,0009,SANTANDER,LUCIA,SAQUE,2022-02-05T23:52:02,645.06
7912,0005,CAIXA,LUCIA,DEPOSITO,2022-02-06T18:02:37,693.89
4582,0006,SANTANDER,FELIPE,SAQUE,2022-02-07T13:17:10,591.35
5506,0000,SANTANDER,FELIPE,SAQUE,2022-02-10T10:14:24,955.28
5506,0004,SANTANDER,LUCIA,DEPOSITO,2022-02-08T12:11:29,896.69
2679,0000,ITAU,LUCIA,SAQUE,2022-02-04T11:52:35,1123.71
1488,0001,CAIXA,JOAO,DEPOSITO,2022-02-07T14:43:24,1213.73
1434,0006,SANTANDER,CARLOS,DEPOSITO,2022-02-02T17:21:58,1066.53
2824,0003,CAIXA,FELIPE,DEPOSITO,2022-02-10T11:19:34,998.13
2679,0007,SANTANDER,CARLOS,DEPOSITO,2022-02-04T00:46:22,629.13
9279,0007,CAIXA,JULIA,SAQUE,2022-02-01T11:47:05,593.58
4657,0008,SANTANDER,JOAO,DEPOSITO,2022-02-09T13:24:09,512.55
2424,0002,ITAU,SANDRA,DEPOSITO,2022-02-03T00:50:36,129.77
4657,0000,SANTANDER,JULIA,SAQUE,2022-02-03T12:38:04,496.64
2424,0001,ITAU,SANDRA,SAQUE,2022-02-03T06:23:29,164.94
2679,0001,ITAU,JULIA,SAQUE,2022-02-05T03:40:22,546.64
4657,0004,CAIXA,MARCOS,SAQUE,2022-02-07T07:04:20,1491.49
4657,0002,CAIXA,CARLOS,DEPOSITO,2022-02-05T02:13:21,939.59
9279,0006,ITAU,JULIA,SAQUE,2022-02-04T18:16:31,435.89
5506,0000,SANTANDER,FELIPE,SAQUE,2022-02-07T06:18:39,964.27
9279,0007,SANTANDER,MARCOS,SAQUE,2022-02-09T08:39:47,1344.11
2679,0006,SANTANDER,LUCIA,SAQUE,2022-02-07T18:54:34,1109.07
1488,0005,SANTANDER,JULIA,SAQUE,2022-02-04T12:41:32,1294.12
5506,0004,SANTANDER,MARIA,SAQUE,2022-02-01T22:45:16,132.63
5506,0004,ITAU,ANA,SAQUE,2022-02-02T02:41:25,686.37
1434,0003,ITAU,CARLOS,SAQUE,2022-02-08T15:50:23,1332.74
9279,0009,ITAU,JULIA,DEPOSITO,2022-02-02T14:43:54,1235.11
2424,0006,ITAU,LUCIA,DEPOSITO,2022-02-04T04:19:21,841.81
4582,0004,CAIXA,CARLOS,SAQUE,2022-02-06T01:14:30,1399.12
7912,0006,SANTANDER,CARLOS,SAQUE,2022-02-03T12:37:53,850.55
1488,0003,CAIXA,MARIA,SAQUE,2022-02-07T15:00:36,1044.84
2824,0009,ITAU,PEDRO,DEPOSITO,2022-02-02T03:59:16,347.84
5506,0009,CAIXA,ANA,SAQUE,2022-02-07T06:59:48,1277.90
2424,0004,SANTANDER,ANA,DEPOSITO,2022-02-05T20:48:01,1120.56
4657,0007,CAIXA,PEDRO,SAQUE,2022-02-06T12:43:03,754.99
4657,0007,ITAU,LUCIA,DEPOSITO,2022-02-07T14:29:15,235.97
2424,0004,SANTANDER,LUCIA,DEPOSITO,2022-02-10T03:49:16,1344.87
2679,0004,SANTANDER,FELIPE,SAQUE,2022-02-07T06:05:52,845.48
9279,0008,SANTANDER,JOAO,DEPOSITO,2022-02-02T19:56:02,593.30
1434,0000,ITAU,MARIA,DEPOSITO,2022-02-09T23:23:18,230.10
7912,0009,ITAU,MARIA,DEPOSITO,2022-02-02T22:59:16,1139.40
5506,0009,ITAU,MARIA,DEPOSITO,2022-02-06T15:03:40,558.95
2424,0004,ITAU,MARCOS,DEPOSITO,2022-02-06T17:14:36,1438.84
1488,0006,CAIXA,CARLOS,DEPOSITO,2022-02-08T10:36:56,440.06
9279,0007,ITAU,LUCIA,DEPOSITO,2022-02-01T16:12:25,1232.06
2824,0004,ITAU,MARCOS,SAQUE,2022-02-04T15:38:11,1134.21
2424,0000,CAIXA,JULIA,DEPOSITO,2022-02-07T20:57:01,451.07
9279,0003,ITAU,FELIPE,SAQUE,2022-02-01T04:52:13,1117.61
4657,0001,CAIXA,FELIPE,DEPOSITO,2022-02-03T18:56:24,1441.05
7912,0002,SANTANDER,PEDRO,SAQUE,2022-02-05T15:59:44,901.83
1488,0008,SANTANDER,JOAO,DEPOSITO,2022-02-10T05:38:06,961.25
2679,0004,CAIXA,FELIPE,SAQUE,2022-02-04T11:42:27,168.60
1434,0008,CAIXA,CARLOS,DEPOSITO,2022-02-03T09:19:09,1379.04
4582,0005,CAIXA,PEDRO,DEPOSITO,2022-02-05T20:36:02,673.43
5506,0001,CAIXA,JOAO,SAQUE,2022-02-05T10:54:22,331.02
1434,0009,ITAU,LUCIA,DEPOSITO,2022-02-09T01:40:01,220.34
5506,0009,SANTANDER,JOAO,SAQUE,2022-02-03T09:49:14,202.49
2424,0001,SANTANDER,PEDRO,DEPOSITO,2022-02-08T00:48:22,135.13
1434,0000,SANTANDER,SANDRA,SAQUE,2022-02-10T16:39:56,96.55
4657,0007,ITAU,MARIA,DEPOSITO,2022-02-02T21:08:54,397.09
9279,0007,CAIXA,LUCIA,DEPOSITO,2022-02-09T04:08:45,761.53
2424,0007,SANTANDER,MARCOS,DEPOSITO,2022-02-10T03:18:17,377.87
4582,0007,SANTANDER,ANA,DEPOSITO,2022-02-02T07:01:27,220.37
7912,0002,ITAU,CARLOS,SAQUE,2022-02-05T09:06:32,917.04
2824,0005,SANTANDER,LUCIA,SAQUE,2022-02-04T21:28:15,831.33
2424,0005,ITAU,MARIA,SAQUE,2022-02-07T08:44:40,1412.10
5506,0000,SANTANDER,ANA,DEPOSITO,2022-02-08T21:29:06,1429.57
2424,0008,ITAU,FELIPE,SAQUE,2022-02-05T07:13:16,141.88
2424,0009,ITAU,SANDRA,DEPOSITO,2022-02-09T13:23:57,933.88
2679,0008,ITAU,MARCOS,DEPOSITO,2022-02-04T03:15:27,1251.48
1488,0003,CAIXA,PEDRO,SAQUE,2022-02-10T12:33:45,1140.52
7912,0007,SANTANDER,SANDRA,SAQUE,2022-02-05T12:13:07,133.11
2679,0006,CAIXA,MARCOS,SAQUE,2022-02-04T19:16:21,44.57
1488,0005,SANTANDER,LUCIA,SAQUE,2022-02-06T16:42:16,592.20
2824,0006,CAIXA,MARIA,DEPOSITO,2022-02-06T16:05:34,823.79
7912,0005,SANTANDER,PEDRO,DEPOSITO,2022-02-05T21:02:48,1048.17
2824,0003,ITAU,LUCIA,SAQUE,2022-02-03T14:45:05,1309.32
7912,0006,ITAU,MARCOS,DEPOSITO,2022-02-09T08:12:10,1353.11
2824,0004,SANTANDER,FELIPE,SAQUE,2022-02-06T01:45:38,1344.71
1434,0001,CAIXA,MARIA,DEPOSITO,2022-02-01T18:27:46,380.96
7912,0007,ITAU,JOAO,DEPOSITO,2022-02-09T12:33:56,816.74
4657,0007,SANTANDER,SANDRA,SAQUE,2022-02-01T14:47:54,166.63
4582,0009,CAIXA,JOAO,DEPOSITO,2022-02-05T11:59:28,334.54
1434,0004,CAIXA,LUCIA,DEPOSITO,2022-02-01T14:02:38,1231.72
2424,0003,SANTANDER,LUCIA,DEPOSITO,2022-02-06T22:07:15,1096.30
2824,0005,ITAU,JULIA,SAQUE,2022-02-07T09:58:06,566.57
2424,0003,SANTANDER,MARIA,DEPOSITO,2022-02-06T10:12:30,1275.79
2824,0000,ITAU,MARCOS,SAQUE,2022-02-06T08:43:02,555.66
4582,0002,CAIXA,SANDRA,DEPOSITO,2022-02-05T05:29:54,746.45
2424,0008,SANTANDER,PEDRO,DEPOSITO,2022-02-02T16:06:11,1207.55
7912,0002,SANTANDER,SANDRA,SAQUE,2022-02-03T08:34:11,215.05
7912,0006,CAIXA,CARLOS,DEPOSITO,2022-02-05T09:34:52,923.54
4657,0000,ITAU,FELIPE,SAQUE,2022-02-06T13:11:20,917.53
9279,0008,CAIXA,LUCIA,DEPOSITO,2022-02-06T15:04:18,1000.17
2824,0009,ITAU,PEDRO,DEPOSITO,2022-02-01T16:52:07,273.46
2424,0005,ITAU,JULIA,SAQUE,2022-02-03T16:10:37,1069.69
1488,0006,CAIXA,FELIPE,SAQUE,2022-02-05T08:23:34,513.52
9279,0004,ITAU,MARCOS,DEPOSITO,2022-02-06T22:48:50,951.25
5506,0003,ITAU,LUCIA,SAQUE,2022-02-07T14:18:22,487.22
2424,0009,CAIXA,MARCOS,SAQUE,2022-02-04T17:28:57,1487.00
1434,0008,ITAU,FELIPE,SAQUE,2022-02-07T19:31:27,1017.03
2679,0001,CAIXA,LUCIA,DEPOSITO,2022-02-10T05:28:49,1071.56
2824,0005,CAIXA,FELIPE,SAQUE,2022-02-09T07:06:41,1007.31
2424,0002,CAIXA,JULIA,DEPOSITO,2022-02-06T18:15:09,618.27
2424,0002,ITAU,LUCIA,SAQUE,2022-02-04T22:22:55,476.73
4582,0008,SANTANDER,MARIA,SAQUE,2022-02-02T06:18:43,552.08
1434,0004,ITAU,SANDRA,DEPOSITO,2022-02-05T23:00:57,847.98
4582,0002,SANTANDER,FELIPE,SAQUE,2022-02-08T11:14:17,836.67
9279,0007,ITAU,FELIPE,SAQUE,2022-02-08T06:43:36,1252.47
4657,0001,SANTANDER,ANA,SAQUE,2022-02-08T21:00:49,765.45
4582,0001,CAIXA,ANA,SAQUE,2022-02-05T19:47:28,287.32
9279,0004,CAIXA,FELIPE,DEPOSITO,2022-02-10T09:51:47,611.63
7912,0004,CAIXA,LUCIA,SAQUE,2022-02-05T03:17:28,405.84
9279,0002,CAIXA,ANA,DEPOSITO,2022-02-04T16:42:32,910.91
9279,0002,ITAU,LUCIA,DEPOSITO,2022-02-03T04:31:02,1002.54
5506,0009,ITAU,MARCOS,DEPOSITO,2022-02-06T13:39:02,197.75
1488,0000,CAIXA,FELIPE,DEPOSITO,2022-02-01T12:30:09,367.74
2824,0006,ITAU,SANDRA,DEPOSITO,2022-02-09T17:43:12,493.70
4582,0000,SANTANDER,MARCOS,DEPOSITO,2022-02-02T00:59:36,1164.95
2424,0008,ITAU,PEDRO,DEPOSITO,2022-02-07T11:01:01,1187.77
5506,0007,CAIXA,FELIPE,SAQUE,2022-02-03T15:02:22,806.46
1434,0006,ITAU,MARIA,SAQUE,2022-02-05T11:25:30,1383.88
7912,0001,SANTANDER,JULIA,DEPOSITO,2022-02-02T05:48:00,341.30
1434,0008,ITAU,MARCOS,DEPOSITO,2022-02-08T02:15:52,1438.85
4582,0001,SANTANDER,JOAO,DEPOSITO,2022-02-08T23:47:45,361.58
2824,0008,ITAU,LUCIA,SAQUE,2022-02-06T02:01:49,1348.64
1434,0000,ITAU,JULIA,SAQUE,2022-02-08T17:34:37,1040.79
5506,0006,CAIXA,CARLOS,DEPOSITO,2022-02-04T16:11:16,292.29
4582,0008,CAIXA,JOAO,DEPOSITO,2022-02-02T17:03:11,1170.27
2824,0001,CAIXA,JOAO,SAQUE,2022-02-07T08:58:57,1002.99
9279,0008,SANTANDER,JOAO,DEPOSITO,2022-02-03T01:10:06,273.41
2424,0004,SANTANDER,LUCIA,DEPOSITO,2022-02-01T17:55:58,152.75
1488,0000,SANTANDER,ANA,SAQUE,2022-02-08T06:07:38,273.49
1434,0007,SANTANDER,JOAO,SAQUE,2022-02-02T13:53:54,1334.37
4657,0007,CAIXA,MARCOS,SAQUE,2022-02-02T19:57:42,452.73
2824,0000,ITAU,PEDRO,DEPOSITO,2022-02-09T20:54:49,629.67
2679,0000,ITAU,MARCOS,DEPOSITO,2022-02-09T05:18:57,38.89
2824,0005,ITAU,MARIA,SAQUE,2022-02-05T06:50:03,1314.31
2824,0009,SANTANDER,MARCOS,DEPOSITO,2022-02-09T10:35:18,513.04
2679,0009,CAIXA,ANA,SAQUE,2022-02-06T04:15:10,1478.72
1488,0001,ITAU,PEDRO,DEPOSITO,2022-02-05T02:56:12,250.36
2824,0004,CAIXA,ANA,DEPOSITO,2022-02-06T11:59:07,676.45
2824,0008,ITAU,SANDRA,DEPOSITO,2022-02-07T08:55:16,296.77
2679,0008,CAIXA,PEDRO,SAQUE,2022-02-05T04:58:50,1331.42
4657,0005,CAIXA,MARCOS,SAQUE,2022-02-03T07:13:47,219.17
7912,0006,CAIXA,LUCIA,DEPOSITO,2022-02-01T05:39:03,1103.56
1488,0006,CAIXA,JOAO,DEPOSITO,2022-02-01T15:51:09,1448.70
2824,0001,ITAU,JULIA,SAQUE,2022-02-07T19:10:22,964.48
4657,0001,CAIXA,MARIA,DEPOSITO,2022-02-02T14:34:58,1192.81
2424,0004,CAIXA,CARLOS,DEPOSITO,2022-02-05T23:27:11,819.13
2679,0004,CAIXA,JOAO,DEPOSITO,2022-02-05T04:47:07,616.58
1434,0008,CAIXA,SANDRA,SAQUE,2022-02-08T10:32:00,928.34
2824,0000,SANTANDER,MARIA,DEPOSITO,2022-02-09T16:49:16,1261.03
2424,0008,SANTANDER,MARIA,DEPOSITO,2022-02-08T07:49:47,1047.43
2824,0005,CAIXA,PEDRO,SAQUE,2022-02-08T03:28:50,1281.66
2679,0004,ITAU,PEDRO,DEPOSITO,2022-02-07T16:26:12,760.18
2824,0005,CAIXA,CARLOS,SAQUE,2022-02-04T01:07:25,606.08
4657,0004,CAIXA,LUCIA,DEPOSITO,2022-02-04T05:42:20,155.13
9279,0007,SANTANDER,ANA,SAQUE,2022-02-06T17:21:21,912.33
2824,0007,SANTANDER,JOAO,DEPOSITO,2022-02-09T06:34:46,115.28
5506,0002,ITAU,MARIA,SAQUE,2022-02-05T21:39:13,1481.31
2824,0009,ITAU,CARLOS,SAQUE,2022-02-08T22:59:45,1029.57
4657,0006,CAIXA,MARCOS,SAQUE,2022-02-05T07:34:52,1207.08
7912,0009,ITAU,PEDRO,SAQUE,2022-02-06T02:27:22,1404.68
2424,0001,ITAU,PEDRO,SAQUE,2022-02-05T00:49:03,1003.40
4582,0009,SANTANDER,MARIA,DEPOSITO,2022-02-03T16:19:36,240.75
2424,0008,SANTANDER,MARCOS,SAQUE,2022-02-07T23:24:41,64.15
1434,0003,CAIXA,MARIA,SAQUE,2022-02-04T09:39:30,134.80
2824,0002,SANTANDER,PEDRO,DEPOSITO,2022-02-04T17:02:52,1162.82
1434,0006,CAIXA,CARLOS,SAQUE,2022-02-05T18:04:34,1200.21
1434,0002,SANTANDER,SANDRA,DEPOSITO,2022-02-03T02:09:22,563.72
5506,0005,CAIXA,SANDRA,DEPOSITO,2022-02-03T16:11:37,1389.36
4657,0004,CAIXA,LUCIA,DEPOSITO,2022-02-09T23:45:22,135.23
2824,0008,CAIXA,JULIA,SAQUE,2022-02-04T06:58:07,677.05
9279,0002,CAIXA,CARLOS,SAQUE,2022-02-01T03:02:25,307.12
2824,0002,CAIXA,FELIPE,DEPOSITO,2022-02-04T03:51:39,611.85
9279,0002,CAIXA,JULIA,DEPOSITO,2022-02-08T09:40:45,596.90
1488,0009,CAIXA,MARCOS,DEPOSITO,2022-02-05T05:57:07,1073.12
5506,0000,ITAU,MARCOS,SAQUE,2022-02-01T08:11:53,1429.01
1434,0009,SANTANDER,SANDRA,DEPOSITO,2022-02-10T08:00:00,878.62
4657,0008,SANTANDER,SANDRA,SAQUE,2022-02-02T13:27:00,988.39
7912,0008,SANTANDER,ANA,SAQUE,2022-02-02T16:15:40,129.05
7912,0003,CAIXA,LUCIA,SAQUE,2022-02-03T02:58:36,543.23
2679,0002,ITAU,MARIA,DEPOSITO,2022-02-01T10:49:08,978.13
1488,0002,CAIXA,PEDRO,SAQUE,2022-02-04T10:30:39,684.81
1434,0005,SANTANDER,SANDRA,DEPOSITO,2022-02-04T20:47:34,65.18
7912,0003,CAIXA,CARLOS,DEPOSITO,2022-02-02T13:11:51,1252.85
1434,0008,ITAU,MARIA,SAQUE,2022-02-07T23:59:09,1004.61
4582,0003,ITAU,CARLOS,DEPOSITO,2022-02-05T03:39:17,159.32
2824,0005,CAIXA,LUCIA,SAQUE,2022-02-01T17:28:10,661.81
1434,0007,ITAU,SANDRA,SAQUE,2022-02-06T12:51:42,1239.97
2824,0005,CAIXA,MARIA,SAQUE,2022-02-05T18:55:11,1009.42
1434,0003,SANTANDER,JULIA,DEPOSITO,2022-02-05T10:55:31,341.10
4657,0003,CAIXA,JULIA,SAQUE,2022-02-08T15:33:16,603.62
2824,0002,ITAU,CARLOS,SAQUE,2022-02-07T09:05:15,1449.39
2424,0007,SANTANDER,FELIPE,DEPOSITO,2022-02-07T23:58:09,364.41
2424,0005,SANTANDER,SANDRA,DEPOSITO,2022-02-01T14:25:45,1138.23
2824,0006,SANTANDER,ANA,DEPOSITO,2022-02-05T20:05:07,507.78
2679,0008,ITAU,FELIPE,DEPOSITO,2022-02-07T09:03:06,376.21
7912,0009,CAIXA,MARIA,SAQUE,2022-02-06T08:03:19,162.93
2679,0008,ITAU,JOAO,SAQUE,2022-02-04T18:09:38,1101.89
2824,0004,CAIXA,LUCIA,SAQUE,2022-02-02T12:25:25,389.91
2679,0001,SANTANDER,SANDRA,SAQUE,2022-02-10T16:40:32,776.55
2679,0001,CAIXA,LUCIA,DEPOSITO,2022-02-06T05:13:10,657.60
2679,0009,SANTANDER,CARLOS,SAQUE,2022-02-06T10:05:54,1469.58
5506,0006,CAIXA,PEDRO,DEPOSITO,2022-02-06T13:19:02,467.30
4657,0009,CAIXA,PEDRO,DEPOSITO,2022-02-05T19:54:20,348.16
4582,0006,CAIXA,SANDRA,DEPOSITO,2022-02-09T23:10:00,197.57
9279,0000,ITAU,CARLOS,DEPOSITO,2022-02-09T20:12:52,952.25
2679,0007,CAIXA,PEDRO,SAQUE,2022-02-06T12:59:50,807.24
2679,0004,SANTANDER,PEDRO,SAQUE,2022-02-01T23:17:33,128.54
4657,0005,ITAU,JULIA,DEPOSITO,2022-02-05T23:32:57,689.60
2424,0001,SANTANDER,JOAO,SAQUE,2022-02-05T01:12:59,513.39
1488,0004,ITAU,CARLOS,DEPOSITO,2022-02-10T04:18:59,1038.64
7912,0005,ITAU,JULIA,DEPOSITO,2022-02-08T14:23:41,321.19
7912,0002,ITAU,PEDRO,DEPOSITO,2022-02-10T06:07:30,1358.91
2679,0005,ITAU,PEDRO,SAQUE,2022-02-08T00:19:56,895.76
1488,0008,CAIXA,JOAO,SAQUE,2022-02-09T18:46:33,848.59
5506,0008,CAIXA,LUCIA,DEPOSITO,2022-02-03T12:36:22,269.90
9279,0001,CAIXA,SANDRA,DEPOSITO,2022-02-08T17:32:15,1112.84
1434,0009,ITAU,LUCIA,DEPOSITO,2022-02-02T15:54:45,276.30
1488,0006,SANTANDER,SANDRA,DEPOSITO,2022-02-01T21:52:47,1333.11
2824,0007,CAIXA,LUCIA,SAQUE,2022-02-06T20:14:38,488.44
9279,0000,CAIXA,JULIA,SAQUE,2022-02-09T21:00:11,83.55
7912,0003,ITAU,FELIPE,DEPOSITO,2022-02-08T10:01:02,1473.13
2824,0009,ITAU,PEDRO,SAQUE,2022-02-10T04:09:11,873.93
1488,0002,ITAU,JULIA,DEPOSITO,2022-02-07T21:29:15,1161.99
1488,0006,CAIXA,JULIA,DEPOSITO,2022-02-09T18:08:13,1034.68
9279,0006,CAIXA,PEDRO,DEPOSITO,2022-02-10T04:25:06,1377.56
2824,0008,CAIXA,CARLOS,DEPOSITO,2022-02-01T20:17:18,455.77
2424,0002,CAIXA,CARLOS,DEPOSITO,2022-02-05T12:21:03,912.68
4657,0007,SANTANDER,MARIA,DEPOSITO,2022-02-08T22:01:31,762.63
1434,0005,ITAU,SANDRA,SAQUE,2022-02-02T22:06:48,995.58
2679,0009,CAIXA,PEDRO,DEPOSITO,2022-02-07T00:56:34,1116.29
4582,0002,ITAU,MARIA,DEPOSITO,2022-02-02T20:57:56,969.93
7912,0006,ITAU,JULIA,DEPOSITO,2022-02-06T22:07:52,1378.64
9279,0003,ITAU,ANA,SAQUE,2022-02-10T01:44:35,457.00
2824,0000,ITAU,LUCIA,DEPOSITO,2022-02-10T07:47:25,941.08
2824,0005,SANTANDER,LUCIA,DEPOSITO,2022-02-04T08:34:04,467.49
1434,0000,ITAU,PEDRO,SAQUE,2022-02-04T07:46:52,444.47
9279,0007,ITAU,MARCOS,SAQUE,2022-02-06T20:36:27,827.91
1488,0002,ITAU,PEDRO,DEPOSITO,2022-02-08T20:33:32,765.27
1434,0002,ITAU,SANDRA,DEPOSITO,2022-02-01T22:03:04,567.53
1434,0005,ITAU,JOAO,DEPOSITO,2022-02-06T11:36:14,1111.03
7912,0000,ITAU,JOAO,DEPOSITO,2022-02-10T03:48:15,51.94
2424,0006,ITAU,MARIA,DEPOSITO,2022-02-09T10:09:30,489.82
2679,0000,SANTANDER,LUCIA,SAQUE,2022-02-06T05:32:03,1146.25
2424,0003,CAIXA,FELIPE,SAQUE,2022-02-06T18:24:57,1191.98
2679,0008,CAIXA,CARLOS,DEPOSITO,2022-02-06T06:39:15,1037.78
2824,0005,CAIXA,ANA,SAQUE,2022-02-01T07:52:26,196.75
4657,0007,ITAU,MARCOS,SAQUE,2022-02-07T17:08:52,1191.71
2679,0005,SANTANDER,JOAO,DEPOSITO,2022-02-01T10:33:30,79.98
5506,0002,ITAU,SANDRA,DEPOSITO,2022-02-05T18:47:17,325.28
4657,0001,ITAU,MARCOS,SAQUE,2022-02-05T00:45:39,840.73
1434,0004,ITAU,JULIA,DEPOSITO,2022-02-04T20:23:14,1478.01
5506,0007,CAIXA,MARIA,SAQUE,2022-02-01T09:06:07,634.18
9279,0007,SANTANDER,JOAO,SAQUE,2022-02-02T03:28:11,990.69
1488,0007,CAIXA,ANA,DEPOSITO,2022-02-06T21:43:13,1141.95
2424,0006,ITAU,MARCOS,SAQUE,2022-02-02T15:03:01,503.88
1488,0006,SANTANDER,ANA,SAQUE,2022-02-03T21:56:26,450.38
4657,0007,ITAU,JULIA,DEPOSITO,2022-02-09T09:07:41,1293.93
1488,0006,SANTANDER,MARCOS,SAQUE,2022-02-02T19:26:31,32.46
2424,0005,SANTANDER,JULIA,DEPOSITO,2022-02-01T08:56:03,305.48
5506,0008,ITAU,JOAO,DEPOSITO,2022-02-10T14:26:06,1115.03
4582,0000,ITAU,JULIA,DEPOSITO,2022-02-05T20:36:34,259.35
2824,0006,CAIXA,CARLOS,DEPOSITO,2022-02-05T05:37:10,474.29
2679,0009,ITAU,JOAO,DEPOSITO,2022-02-08T22:47:39,1075.61
2824,0004,CAIXA,JOAO,SAQUE,2022-02-06T13:55:36,999.84
4582,0000,ITAU,JOAO,DEPOSITO,2022-02-03T21:15:16,301.82
5506,0003,ITAU,PEDRO,DEPOSITO,2022-02-09T14:33:02,1002.90
5506,0006,SANTANDER,JULIA,DEPOSITO,2022-02-07T07:39:59,546.88
5506,0003,CAIXA,LUCIA,SAQUE,2022-02-02T22:22:02,196.89
2824,0006,SANTANDER,LUCIA,SAQUE,2022-02-07T23:56:39,922.26
1434,0006,CAIXA,PEDRO,DEPOSITO,2022-02-03T05:24:25,328.47
5506,0004,CAIXA,JULIA,SAQUE,2022-02-05T08:52:08,1114.25
4582,0003,ITAU,MARIA,DEPOSITO,2022-02-02T17:55:54,1284.76
9279,0009,CAIXA,MARIA,DEPOSITO,2022-02-04T16:38:01,820.54
1488,0005,CAIXA,ANA,SAQUE,2022-02-01T21:07:11,895.14
1488,0001,CAIXA,JOAO,SAQUE,2022-02-07T17:10:18,494.69
7912,0007,ITAU,FELIPE,SAQUE,2022-02-08T17:25:39,657.80
2679,0006,SANTANDER,JOAO,DEPOSITO,2022-02-08T05:49:49,1096.14
4657,0004,CAIXA,LUCIA,DEPOSITO,2022-02-06T11:39:30,680.07
1488,0002,SANTANDER,LUCIA,DEPOSITO,2022-02-07T21:40:30,1106.62
1434,0004,ITAU,PEDRO,SAQUE,2022-02-09T21:37:30,1250.22
1488,0009,SANTANDER,ANA,DEPOSITO,2022-02-03T18:37:34,558.44
7912,0003,SANTANDER,MARIA,DEPOSITO,2022-02-05T01:26:27,161.58
2824,0007,CAIXA,FELIPE,DEPOSITO,2022-02-03T00:16:45,1403.62
1488,0008,CAIXA,LUCIA,DEPOSITO,2022-02-08T01:14:48,210.74
4582,0007,ITAU,MARIA,DEPOSITO,2022-02-05T06:11:31,804.23
4582,0003,CAIXA,ANA,SAQUE,2022-02-04T07:58:13,1430.16
2679,0000,ITAU,MARCOS,SAQUE,2022-02-07T00:18:44,1471.51
4582,0005,SANTANDER,PEDRO,SAQUE,2022-02-07T21:33:46,130.79
1434,0005,CAIXA,JOAO,DEPOSITO,2022-02-04T17:56:06,174.72
1488,0000,SANTANDER,JULIA,SAQUE,2022-02-09T20:22:38,118.25
9279,0009,SANTANDER,MARCOS,SAQUE,2022-02-03T08:32:09,978.45
4582,0001,SANTANDER,SANDRA,DEPOSITO,2022-02-02T21:59:35,930.31
4582,0000,SANTANDER,FELIPE,SAQUE,2022-02-06T17:37:27,1113.80
2824,0009,SANTANDER,PEDRO,DEPOSITO,2022-02-03T17:55:01,26.55
2679,0003,ITAU,JULIA,DEPOSITO,2022-02-07T23:16:57,548.88
1488,0008,ITAU,CARLOS,SAQUE,2022-02-03T18:19:00,446.15
7912,0009,ITAU,FELIPE,SAQUE,2022-02-01T05:23:28,949.69
4582,0006,CAIXA,PEDRO,DEPOSITO,2022-02-02T09:02:51,85.47
4582,0008,SANTANDER,FELIPE,DEPOSITO,2022-02-04T17:22:41,183.08
7912,0002,SANTANDER,MARIA,SAQUE,2022-02-06T09:21:48,811.00
2824,0006,ITAU,PEDRO,SAQUE,2022-02-10T01:29:05,763.87
9279,0001,SANTANDER,MARIA,DEPOSITO,2022-02-04T06:02:50,458.71
7912,0003,CAIXA,LUCIA,DEPOSITO,2022-02-07T19:38:04,1344.20
1488,0008,CAIXA,JULIA,DEPOSITO,2022-02-02T01:26:58,1387.11
4582,0008,ITAU,FELIPE,SAQUE,2022-02-07T14:02:07,1029.36
1488,0001,SANTANDER,ANA,SAQUE,2022-02-05T17:01:24,191.84
2679,0004,ITAU,JOAO,DEPOSITO,2022-02-06T08:44:12,805.72
7912,0006,CAIXA,JULIA,SAQUE,2022-02-03T15:03:05,274.05
4582,0000,CAIXA,PEDRO,DEPOSITO,2022-02-06T22:19:42,1130.63
9279,0000,ITAU,JOAO,DEPOSITO,2022-02-02T19:02:57,1316.18
5506,0009,ITAU,ANA,SAQUE,2022-02-07T18:11:20,535.33
7912,0006,CAIXA,JOAO,SAQUE,2022-02-01T16:44:56,843.97
2679,0001,CAIXA,PEDRO,DEPOSITO,2022-02-02T07:03:15,53.40
4657,0000,ITAU,JOAO,DEPOSITO,2022-02-10T03:27:53,1228.46
2824,0009,ITAU,JULIA,DEPOSITO,2022-02-07T00:15:23,715.88
4657,0003,CAIXA,SANDRA,SAQUE,2022-02-07T02:57:32,988.45
2824,0007,SANTANDER,FELIPE,DEPOSITO,2022-02-02T20:06:33,1241.90
4657,0006,ITAU,ANA,DEPOSITO,2022-02-06T01:15:21,1086.18
1488,0008,ITAU,MARIA,SAQUE,2022-02-10T18:02:50,662.37
2424,0006,SANTANDER,ANA,SAQUE,2022-02-10T05:59:00,489.89
5506,0008,SANTANDER,JULIA,DEPOSITO,2022-02-02T11:28:03,1353.04
1434,0005,ITAU,FELIPE,DEPOSITO,2022-02-04T03:24:42,1123.27
2679,0001,CAIXA,PEDRO,SAQUE,2022-02-02T17:53:18,626.98
2679,0005,SANTANDER,FELIPE,SAQUE,2022-02-01T02:07:30,168.44
5506,0004,SANTANDER,JOAO,SAQUE,2022-02-04T10:14:19,989.96
9279,0004,ITAU,SANDRA,DEPOSITO,2022-02-01T07:16:43,1493.67
1488,0004,SANTANDER,PEDRO,SAQUE,2022-02-10T18:31:13,1249.25
9279,0002,ITAU,PEDRO,SAQUE,2022-02-03T21:15:42,1136.03
9279,0007,CAIXA,FELIPE,SAQUE,2022-02-01T17:32:33,597.27
2824,0005,CAIXA,LUCIA,SAQUE,2022-02-01T08:08:01,800.37
4582,0005,SANTANDER,CARLOS,DEPOSITO,2022-02-01T21:23:17,232.32
2824,0008,SANTANDER,MARIA,SAQUE,2022-02-07T02:54:17,1414.40
1488,0001,ITAU,JOAO,DEPOSITO,2022-02-07T00:57:47,599.76
2824,0007,ITAU,FELIPE,SAQUE,2022-02-04T02:05:03,34.00
4582,0009,ITAU,JULIA,SAQUE,2022-02-10T13:26:05,1209.04
2424,0000,SANTANDER,SANDRA,DEPOSITO,2022-02-08T12:39:28,407.12
5506,0004,ITAU,SANDRA,DEPOSITO,2022-02-08T14:56:35,552.13
2424,0005,SANTANDER,FELIPE,SAQUE,2022-02-09T15:25:42,443.67
1434,0005,SANTANDER,MARCOS,DEPOSITO,2022-02-07T14:58:07,1432.66
4657,0009,ITAU,MARCOS,DEPOSITO,2022-02-06T07:40:14,143.83
7912,0002,CAIXA,CARLOS,SAQUE,2022-02-03T08:22:50,664.52
2824,0002,SANTANDER,MARCOS,SAQUE,2022-02-08T05:51:36,1482.11
4582,0000,SANTANDER,JOAO,SAQUE,2022-02-03T06:01:36,723.92
2424,0009,SANTANDER,PEDRO,DEPOSITO,2022-02-06T10:57:32,1461.66
9279,0004,ITAU,SANDRA,DEPOSITO,2022-02-02T18:11:02,1047.01
4582,0004,ITAU,JOAO,DEPOSITO,2022-02-09T01:54:02,867.66
2679,0005,ITAU,LUCIA,DEPOSITO,2022-02-08T05:48:03,1481.33
1488,0001,SANTANDER,PEDRO,DEPOSITO,2022-02-07T01:00:16,716.09
9279,0003,ITAU,PEDRO,DEPOSITO,2022-02-07T04:46:55,120.64
2679,0008,SANTANDER,CARLOS,DEPOSITO,2022-02-08T01:09:58,580.81
4582,0001,CAIXA,PEDRO,SAQUE,2022-02-02T12:12:57,1112.35
2424,0003,SANTANDER,SANDRA,SAQUE,2022-02-04T17:30:14,326.18
1434,0000,SANTANDER,LUCIA,DEPOSITO,2022-02-06T12:41:08,934.12
2424,0002,SANTANDER,SANDRA,DEPOSITO,2022-02-08T22:40:41,882.27
1434,0007,CAIXA,CARLOS,DEPOSITO,2022-02-09T14:39:06,1362.50
2424,0006,CAIXA,MARCOS,DEPOSITO,2022-02-07T15:17:18,858.57
1488,0009,SANTANDER,CARLOS,SAQUE,2022-02-06T06:39:50,684.87
9279,0006,SANTANDER,CARLOS,DEPOSITO,2022-02-02T15:24:07,1296.76
5506,0001,ITAU,LUCIA,DEPOSITO,2022-02-06T13:59:23,1187.71
4657,0006,CAIXA,JOAO,DEPOSITO,2022-02-04T10:23:53,980.19
5506,0005,CAIXA,PEDRO,DEPOSITO,2022-02-06T15:54:59,155.61
9279,0009,ITAU,ANA,DEPOSITO,2022-02-08T21:08:14,1217.72
2679,0003,CAIXA,MARCOS,SAQUE,2022-02-08T03:14:26,1280.23
5506,0004,CAIXA,CARLOS,DEPOSITO,2022-02-03T04:49:36,1375.97
7912,0003,CAIXA,FELIPE,SAQUE,2022-02-01T13:47:03,645.32
4582,0005,ITAU,LUCIA,DEPOSITO,2022-02-07T21:29:40,1336.49
2424,0002,CAIXA,ANA,SAQUE,2022-02-05T19:05:20,448.33
5506,0003,SANTANDER,CARLOS,SAQUE,2022-02-09T13:40:07,147.80
5506,0008,ITAU,CARLOS,SAQUE,2022-02-05T23:36:00,1489.29
1488,0006,CAIXA,JOAO,DEPOSITO,2022-02-07T12:26:48,821.29
2679,0000,ITAU,ANA,DEPOSITO,2022-02-09T06:16:46,1478.55
1434,0002,SANTANDER,SANDRA,DEPOSITO,2022-02-05T21:15:30,288.99
9279,0008,SANTANDER,CARLOS,SAQUE,2022-02-05T12:30:34,868.25
1434,0003,SANTANDER,ANA,SAQUE,2022-02-04T21:52:28,322.43
2824,0008,ITAU,LUCIA,SAQUE,2022-02-04T23:51:57,48.49
5506,0005,CAIXA,LUCIA,DEPOSITO,2022-02-05T19:13:32,655.68
9279,0002,CAIXA,CARLOS,SAQUE,2022-02-04T03:15:51,1078.09
2679,0007,SANTANDER,SANDRA,DEPOSITO,2022-02-06T01:27:14,1055.47
4582,0002,SANTANDER,PEDRO,DEPOSITO,2022-02-01T15:29:54,1091.96
4582,0007,ITAU,SANDRA,SAQUE,2022-02-05T17:40:48,710.11
2424,0000,ITAU,ANA,DEPOSITO,2022-02-04T02:54:08,47.09
5506,0005,ITAU,PEDRO,DEPOSITO,2022-02-05T06:11:32,213.38
5506,0004,ITAU,LUCIA,SAQUE,2022-02-04T05:48:10,161.13
7912,0001,SANTANDER,FELIPE,DEPOSITO,2022-02-01T08:50:54,1113.80
1434,0004,SANTANDER,LUCIA,SAQUE,2022-02-03T09:12:04,167.81
5506,0002,SANTANDER,JOAO,SAQUE,2022-02-09T12:23:38,247.32
2679,0006,SANTANDER,CARLOS,SAQUE,2022-02-08T12:46:27,629.42
7912,0004,ITAU,JOAO,SAQUE,2022-02-08T08:41:39,48.91
7912,0007,CAIXA,JULIA,SAQUE,2022-02-07T01:07:17,562.40
4582,0004,ITAU,PEDRO,DEPOSITO,2022-02-03T11:19:28,437.27
2679,0001,CAIXA,JOAO,DEPOSITO,2022-02-07T06:42:02,1219.47
1434,0007,SANTANDER,SANDRA,SAQUE,2022-02-08T08:46:25,684.67
1488,0008,ITAU,SANDRA,DEPOSITO,2022-02-02T15:33:02,832.48
9279,0002,CAIXA,LUCIA,SAQUE,2022-02-01T19:13:58,461.92
2424,0003,CAIXA,FELIPE,DEPOSITO,2022-02-04T04:02:59,992.77
9279,0003,SANTANDER,LUCIA,SAQUE,2022-02-07T11:50:11,1068.23
7912,0008,SANTANDER,JULIA,DEPOSITO,2022-02-02T07:22:01,292.18
2679,0008,SANTANDER,SANDRA,DEPOSITO,2022-02-09T05:36:53,511.15
2824,0005,CAIXA,FELIPE,SAQUE,2022-02-10T07:39:03,326.28
9279,0008,ITAU,MARCOS,DEPOSITO,2022-02-10T02:47:06,352.53
4657,0000,CAIXA,PEDRO,DEPOSITO,2022-02-04T03:43:26,1302.08
2424,0009,SANTANDER,PEDRO,DEPOSITO,2022-02-10T11:45:33,982.89
7912,0006,ITAU,JOAO,DEPOSITO,2022-02-04T06:59:52,1179.86
2679,0004,SANTANDER,LUCIA,DEPOSITO,2022-02-09T12:58:27,1341.56
1488,0006,SANTANDER,JULIA,SAQUE,2022-02-09T12:16:40,269.36
1488,0000,ITAU,JULIA,SAQUE,2022-02-08T13:22:10,790.58
2824,0004,SANTANDER,FELIPE,DEPOSITO,2022-02-06T09:39:33,1349.77
5506,0002,CAIXA,MARIA,SAQUE,2022-02-09T14:29:58,336.99
4657,0008,ITAU,JOAO,DEPOSITO,2022-02-06T04:21:26,506.72
4657,0009,SANTANDER,FELIPE,DEPOSITO,2022-02-02T21:40:44,426.94
2424,0002,SANTANDER,SANDRA,DEPOSITO,2022-02-06T20:04:12,386.51
1488,0007,ITAU,JOAO,DEPOSITO,2022-02-08T19:31:59,350.35
4657,0008,ITAU,MARIA,SAQUE,2022-02-04T08:59:55,785.86
1434,0008,SANTANDER,MARCOS,DEPOSITO,2022-02-05T19:59:01,413.82
7912,0004,ITAU,JOAO,DEPOSITO,2022-02-10T11:23:52,348.49
4582,0003,CAIXA,LUCIA,DEPOSITO,2022-02-04T23:16:48,1207.90
1488,0007,CAIXA,SANDRA,DEPOSITO,2022-02-07T05:00:26,205.92
1488,0008,ITAU,ANA,DEPOSITO,2022-02-03T19:29:04,122.54
1488,0003,SANTANDER,JOAO,SAQUE,2022-02-01T14:11:16,1184.15
1488,0007,SANTANDER,LUCIA,SAQUE,2022-02-04T17:06:19,254.91
5506,0002,ITAU,ANA,SAQUE,2022-02-04T10:01:01,289.72
9279,0005,CAIXA,SANDRA,SAQUE,2022-02-08T13:09:50,1241.14
1434,0006,ITAU,MARIA,SAQUE,2022-02-07T03:30:13,818.73
9279,0003,SANTANDER,CARLOS,DEPOSITO,2022-02-02T23:04:25,971.60
2424,0001,CAIXA,PEDRO,SAQUE,2022-02-06T10:35:18,806.84
2424,0009,SANTANDER,CARLOS,DEPOSITO,2022-02-01T18:13:00,208.62
4582,0009,SANTANDER,MARIA,DEPOSITO,2022-02-02T08:47:49,1325.44
5506,0004,SANTANDER,PEDRO,DEPOSITO,2022-02-02T10:06:38,602.59
4657,0006,SANTANDER,MARCOS,SAQUE,2022-02-10T05:49:42,923.93
1434,0005,CAIXA,FELIPE,DEPOSITO,2022-02-02T16:04:59,1496.10
1488,0003,CAIXA,JULIA,DEPOSITO,2022-02-03T03:11:18,22.79
2424,0001,CAIXA,MARIA,DEPOSITO,2022-02-08T14:40:59,387.72
2679,0001,SANTANDER,MARIA,SAQUE,2022-02-01T14:38:28,1447.84
4582,0004,CAIXA,JOAO,SAQUE,2022-02-08T18:13:27,904.92
2679,0008,CAIXA,LUCIA,SAQUE,2022-02-10T14:31:22,368.06
2824,0000,ITAU,JULIA,SAQUE,2022-02-07T16:45:19,936.14
1434,0007,CAIXA,CARLOS,DEPOSITO,2022-02-05T19:09:21,227.63
7912,0002,CAIXA,MARIA,SAQUE,2022-02-09T08:01:57,82.22
9279,0008,SANTANDER,JULIA,DEPOSITO,2022-02-01T02:21:13,289.12
4657,0001,ITAU,PEDRO,DEPOSITO,2022-02-07T04:35:35,804.38
1488,0006,SANTANDER,LUCIA,DEPOSITO,2022-02-03T18:17:36,1454.89
1434,0008,CAIXA,MARCOS,SAQUE,2022-02-02T19:11:23,100.31
4657,0005,CAIXA,ANA,SAQUE,2022-02-04T19:41:00,358.77
5506,0006,ITAU,MARCOS,DEPOSITO,2022-02-02T19:52:32,1183.25
2679,0000,CAIXA,ANA,SAQUE,2022-02-07T21:22:54,784.90
7912,0008,SANTANDER,LUCIA,SAQUE,2022-02-06T05:08:17,1139.29
4657,0002,CAIXA,ANA,DEPOSITO,2022-02-09T05:45:00,154.81
2679,0001,ITAU,MARIA,SAQUE,2022-02-04T20:23:58,980.55
4657,0007,CAIXA,ANA,SAQUE,2022-02-09T13:26:29,1137.15
4582,0008,ITAU,FELIPE,SAQUE,2022-02-02T05:21:37,1249.64
9279,0006,ITAU,PEDRO,SAQUE,2022-02-08T03:11:46,732.06
2824,0004,ITAU,SANDRA,SAQUE,2022-02-09T15:36:10,1410.72
4582,0000,ITAU,MARCOS,DEPOSITO,2022-02-03T04:10:29,1299.20
2824,0007,SANTANDER,PEDRO,DEPOSITO,2022-02-10T15:48:42,1411.75
9279,0003,SANTANDER,JOAO,DEPOSITO,2022-02-02T00:01:58,162.86
2824,0006,SANTANDER,CARLOS,DEPOSITO,2022-02-10T06:25:24,1351.04
4657,0005,CAIXA,FELIPE,SAQUE,2022-02-01T11:36:03,512.30
2679,0004,CAIXA,LUCIA,SAQUE,2022-02-03T00:32:29,365.85
2424,0000,SANTANDER,CARLOS,SAQUE,2022-02-05T06:39:05,691.26
7912,0007,CAIXA,SANDRA,DEPOSITO,2022-02-03T14:10:54,580.37
1488,0002,CAIXA,JOAO,DEPOSITO,2022-02-05T09:23:56,615.60
4582,0002,SANTANDER,SANDRA,DEPOSITO,2022-02-06T19:36:45,1034.82
4582,0005,SANTANDER,CARLOS,DEPOSITO,2022-02-06T18:52:48,1392.78
9279,0003,ITAU,PEDRO,DEPOSITO,2022-02-05T19:40:13,407.14
2424,0000,ITAU,FELIPE,SAQUE,2022-02-10T14:06:58,1453.83
7912,0006,ITAU,MARIA,DEPOSITO,2022-02-07T08:45:23,767.17
2424,0000,CAIXA,JOAO,DEPOSITO,2022-02-08T00:29:13,940.10
1488,0008,ITAU,MARCOS,SAQUE,2022-02-02T21:21:08,327.32
4657,0006,ITAU,JOAO,DEPOSITO,2022-02-08T23:12:17,910.63
4657,0003,SANTANDER,ANA,SAQUE,2022-02-05T20:41:20,1422.79
2424,0009,ITAU,SANDRA,SAQUE,2022-02-05T10:14:48,612.26
5506,0004,CAIXA,MARCOS,SAQUE,2022-02-01T09:57:20,1385.05
1434,0002,ITAU,MARIA,DEPOSITO,2022-02-06T07:11:28,579.71
4657,0005,SANTANDER,JOAO,DEPOSITO,2022-02-07T10:14:08,946.66
7912,0002,CAIXA,JULIA,DEPOSITO,2022-02-05T20:15:06,286.25
2824,0000,ITAU,MARCOS,SAQUE,2022-02-01T15:56:14,718.24
7912,0004,SANTANDER,JOAO,DEPOSITO,2022-02-04T14:09:41,406.86
4582,0000,SANTANDER,CARLOS,DEPOSITO,2022-02-05T21:11:08,639.38
4582,0008,ITAU,JOAO,DEPOSITO,2022-02-09T19:33:56,49.69
4582,0001,CAIXA,JOAO,SAQUE,2022-02-05T18:48:21,1350.66
9279,0003,ITAU,PEDRO,DEPOSITO,2022-02-08T13:43:44,1262.17
1434,0006,SANTANDER,MARCOS,SAQUE,2022-02-05T16:43:46,721.83
2824,0005,SANTANDER,MARCOS,SAQUE,2022-02-03T08:06:24,1367.38
4657,0005,CAIXA,ANA,SAQUE,2022-02-10T14:02:28,769.83
4657,0005,CAIXA,MARCOS,SAQUE,2022-02-10T14:44:06,1157.87
7912,0000,CAIXA,JULIA,DEPOSITO,2022-02-02T08:51:20,645.72
1434,0000,CAIXA,SANDRA,SAQUE,2022-02-07T23:18:54,677.96
4582,0004,CAIXA,JULIA,DEPOSITO,2022-02-09T11:57:08,878.41
5506,0004,ITAU,JULIA,DEPOSITO,2022-02-06T15:31:37,274.49
2424,0008,ITAU,LUCIA,SAQUE,2022-02-07T20:55:22,1370.30
2679,0000,CAIXA,ANA,SAQUE,2022-02-05T20:29:35,1188.86
2824,0008,ITAU,FELIPE,DEPOSITO,2022-02-03T00:36:54,573.86
1488,0003,CAIXA,CARLOS,SAQUE,2022-02-08T13:25:15,1374.86
4582,0001,SANTANDER,CARLOS,SAQUE,2022-02-03T07:12:36,113.65
4582,0008,CAIXA,FELIPE,SAQUE,2022-02-07T04:24:26,1189.38
4582,0002,SANTANDER,CARLOS,SAQUE,2022-02-06T22:54:46,702.21
7912,0006,ITAU,SANDRA,SAQUE,2022-02-01T06:54:39,1498.33
2424,0001,ITAU,CARLOS,DEPOSITO,2022-02-01T10:55:22,742.45
2679,0009,SANTANDER,JULIA,DEPOSITO,2022-02-06T19:38:22,320.55
2824,0006,SANTANDER,CARLOS,DEPOSITO,2022-02-05T01:33:44,1406.47
2824,0001,CAIXA,FELIPE,DEPOSITO,2022-02-01T07:40:05,886.70
5506,0009,SANTANDER,SANDRA,SAQUE,2022-02-07T18:40:39,336.39
5506,0007,ITAU,ANA,SAQUE,2022-02-01T16:04:58,1227.31
4582,0004,CAIXA,JOAO,SAQUE,2022-02-10T03:33:49,1185.51
2679,0007,CAIXA,CARLOS,SAQUE,2022-02-07T20:05:10,28.90
1434,0003,ITAU,MARIA,DEPOSITO,2022-02-03T15:35:38,965.57
9279,0007,ITAU,MARIA,DEPOSITO,2022-02-05T15:13:12,252.98
2424,0004,CAIXA,FELIPE,DEPOSITO,2022-02-10T04:15:03,623.44
7912,0003,ITAU,LUCIA,DEPOSITO,2022-02-08T11:33:14,1228.87
1434,0002,CAIXA,JOAO,SAQUE,2022-02-06T08:39:07,1368.83
2824,0003,CAIXA,MARCOS,DEPOSITO,2022-02-05T12:39:11,1432.47
4657,0001,ITAU,PEDRO,SAQUE,2022-02-10T01:44:38,1206.72
2424,0000,SANTANDER,JULIA,DEPOSITO,2022-02-05T16:09:06,341.61
2824,0006,ITAU,SANDRA,DEPOSITO,2022-02-09T14:15:15,431.28
9279,0003,CAIXA,PEDRO,SAQUE,2022-02-06T07:24:15,968.02
4657,0002,SANTANDER,JOAO,SAQUE,2022-02-06T08:34:38,1203.96
2424,0007,CAIXA,MARIA,SAQUE,2022-02-02T00:33:24,847.78
9279,0003,SANTANDER,CARLOS,SAQUE,2022-02-05T13:52:57,1010.92
4657,0008,CAIXA,CARLOS,SAQUE,2022-02-10T11:14:42,50.92
9279,0006,ITAU,ANA,SAQUE,2022-02-04T12:53:34,1281.31
4582,0005,SANTANDER,MARCOS,SAQUE,2022-02-09T19:38:18,1382.21
7912,0008,ITAU,SANDRA,SAQUE,2022-02-09T13:56:43,1098.75
2424,0009,CAIXA,LUCIA,DEPOSITO,2022-02-08T12:59:47,1237.44
7912,0002,SANTANDER,JOAO,SAQUE,2022-02-10T17:41:17,1261.45
2679,0009,CAIXA,JOAO,SAQUE,2022-02-04T21:38:36,982.07
2424,0003,SANTANDER,JULIA,SAQUE,2022-02-07T19:09:42,301.04
2424,0003,SANTANDER,JOAO,DEPOSITO,2022-02-01T08:39:46,1036.02
5506,0001,CAIXA,FELIPE,SAQUE,2022-02-08T01:43:37,567.05
5506,0004,CAIXA,MARCOS,DEPOSITO,2022-02-01T21:12:35,833.85
4657,0001,SANTANDER,MARCOS,SAQUE,2022-02-07T12:17:52,968.34
1488,0005,SANTANDER,FELIPE,DEPOSITO,2022-02-02T14:32:15,976.88
2424,0009,SANTANDER,CARLOS,DEPOSITO,2022-02-02T04:23:31,896.30
1434,0008,SANTANDER,SANDRA,SAQUE,2022-02-10T10:43:33,317.15
5506,0009,SANTANDER,JULIA,SAQUE,2022-02-05T17:45:45,1022.88
4657,0008,SANTANDER,JOAO,SAQUE,2022-02-10T16:16:40,172.96
4657,0009,CAIXA,PEDRO,SAQUE,2022-02-06T08:00:02,68.05
4657,0002,SANTANDER,SANDRA,SAQUE,2022-02-05T06:21:13,1160.60
2824,0007,SANTANDER,MARIA,SAQUE,2022-02-04T12:34:02,1426.42
4657,0004,ITAU,LUCIA,DEPOSITO,2022-02-08T05:27:24,185.68
9279,0005,SANTANDER,CARLOS,SAQUE,2022-02-06T04:20:18,934.76
2424,0006,SANTANDER,JULIA,DEPOSITO,2022-02-03T05:51:49,329.88
2679,0005,SANTANDER,PEDRO,DEPOSITO,2022-02-10T18:08:27,851.09
7912,0007,ITAU,PEDRO,SAQUE,2022-02-01T22:51:41,876.56
9279,0005,SANTANDER,CARLOS,SAQUE,2022-02-08T13:16:17,838.94
1434,0002,CAIXA,MARCOS,DEPOSITO,2022-02-06T05:00:30,1486.86
4657,0005,CAIXA,JOAO,SAQUE,2022-02-01T06:25:28,1210.59
1434,0000,CAIXA,JULIA,DEPOSITO,2022-02-10T09:43:10,1428.54
2424,0000,SANTANDER,MARIA,SAQUE,2022-02-10T14:05:22,127.09
4582,0007,SANTANDER,LUCIA,SAQUE,2022-02-05T08:23:14,1031.89
5506,0006,ITAU,CARLOS,SAQUE,2022-02-07T17:54:00,1371.12
2679,0004,CAIXA,LUCIA,SAQUE,2022-02-06T18:49:42,498.40
